game_id,eventnum,score_diff,seconds_remaining,possession_home,home_fouls,away_fouls,home_bonus,away_bonus,label
SYN00000,1,0,2880,1,0,0,0,0,1
SYN00000,2,2,2864,1,0,0,0,0,1
SYN00000,3,0,2846,0,0,0,0,0,1
SYN00000,4,0,2828,1,0,1,0,0,1
SYN00000,5,0,2805,0,0,1,0,0,1
SYN00000,6,0,2793,1,0,1,0,0,1
SYN00000,7,0,2793,1,0,1,0,0,1
SYN00000,8,0,2776,0,1,1,0,0,1
SYN00000,9,0,2764,1,1,2,0,0,1
SYN00000,10,0,2755,0,1,2,0,0,1
SYN00000,11,0,2755,0,1,2,0,0,1
SYN00000,12,2,2732,1,1,2,0,0,1
SYN00000,13,0,2709,0,1,2,0,0,1
SYN00000,14,0,2702,1,1,2,0,0,1
SYN00000,15,0,2702,1,1,2,0,0,1
SYN00000,16,0,2680,0,1,2,0,0,1
SYN00000,17,0,2680,0,1,2,0,0,1
SYN00000,18,0,2661,1,1,2,0,0,1
SYN00000,19,0,2661,1,1,2,0,0,1
SYN00000,20,0,2649,0,2,2,0,0,1
SYN00000,21,0,2635,1,2,2,0,0,1
SYN00000,22,0,2635,1,2,2,0,0,1
SYN00000,23,-2,2621,0,2,2,0,0,1
SYN00000,24,-2,2603,1,2,2,0,0,1
SYN00000,25,-2,2588,0,2,2,0,0,1
SYN00000,26,-2,2568,1,2,2,0,0,1
SYN00000,27,-2,2568,1,2,2,0,0,1
SYN00000,28,-4,2545,0,2,2,0,0,1
SYN00000,29,-1,2529,1,2,2,0,0,1
SYN00000,30,-1,2522,0,2,2,0,0,1
SYN00000,31,-1,2522,0,2,2,0,0,1
SYN00000,32,-1,2515,1,2,3,0,0,1
SYN00000,33,-4,2501,0,2,3,0,0,1
SYN00000,34,-2,2484,1,2,3,0,0,1
SYN00000,35,-2,2465,0,2,3,0,0,1
SYN00000,36,-2,2465,0,2,3,0,0,1
SYN00000,37,-2,2454,1,2,3,0,0,1
SYN00000,38,-2,2454,1,2,3,0,0,1
SYN00000,39,-5,2437,0,2,3,0,0,1
SYN00000,40,-5,2418,1,2,3,0,0,1
SYN00000,41,-5,2418,1,2,3,0,0,1
SYN00000,42,-5,2400,0,2,3,0,0,1
SYN00000,43,-5,2400,0,2,3,0,0,1
SYN00000,44,-5,2384,1,2,3,0,0,1
SYN00000,45,-5,2384,1,2,3,0,0,1
SYN00000,46,-5,2375,0,3,3,0,0,1
SYN00000,47,-3,2366,1,3,3,0,0,1
SYN00000,48,-5,2343,0,3,3,0,0,1
SYN00000,49,-5,2325,1,3,3,0,0,1
SYN00000,50,-5,2325,1,3,3,0,0,1
SYN00000,51,-5,2304,0,3,3,0,0,1
SYN00000,52,-5,2304,0,3,3,0,0,1
SYN00000,53,-2,2282,1,3,3,0,0,1
SYN00000,54,-4,2262,0,3,3,0,0,1
SYN00000,55,-2,2251,1,3,3,0,0,1
SYN00000,56,-2,2245,0,3,3,0,0,1
SYN00000,57,-2,2222,1,3,3,0,0,1
SYN00000,58,-4,2214,0,3,3,0,0,1
SYN00000,59,-4,2203,1,3,3,0,0,1
SYN00000,60,-4,2203,1,3,3,0,0,1
SYN00000,61,-7,2187,0,3,3,0,0,1
SYN00000,62,-7,2167,1,3,3,0,0,1
SYN00000,63,-7,2167,1,3,3,0,0,1
SYN00000,64,-7,2160,0,4,3,0,0,1
SYN00000,65,-7,2160,1,4,3,0,0,1
SYN00000,66,-7,2160,1,4,3,0,0,1
SYN00000,67,-7,2152,1,4,3,0,0,1
SYN00000,68,-7,2152,1,4,3,0,0,1
SYN00000,69,-7,2142,0,4,3,0,0,1
SYN00000,70,-7,2142,0,4,3,0,0,1
SYN00000,71,-7,2121,1,4,3,0,0,1
SYN00000,72,-7,2121,1,4,3,0,0,1
SYN00000,73,-7,2107,0,4,3,0,0,1
SYN00000,74,-7,2107,0,4,3,0,0,1
SYN00000,75,-5,2094,1,4,3,0,0,1
SYN00000,76,-5,2082,0,4,3,0,0,1
SYN00000,77,-5,2082,0,4,3,0,0,1
SYN00000,78,-5,2058,1,4,3,0,0,1
SYN00000,79,-5,2058,1,4,3,0,0,1
SYN00000,80,-7,2041,0,4,3,0,0,1
SYN00000,81,-7,2021,1,4,3,0,0,1
SYN00000,82,-7,2021,1,4,3,0,0,1
SYN00000,83,-7,2008,0,4,3,0,0,1
SYN00000,84,-7,2008,0,4,3,0,0,1
SYN00000,85,-7,1992,1,4,3,0,0,1
SYN00000,86,-7,1992,1,4,3,0,0,1
SYN00000,87,-7,1976,0,5,3,1,0,1
SYN00000,88,-5,1968,1,5,3,1,0,1
SYN00000,89,-5,1948,0,5,3,1,0,1
SYN00000,90,-5,1948,0,5,3,1,0,1
SYN00000,91,-5,1932,1,5,3,1,0,1
SYN00000,92,-5,1932,1,5,3,1,0,1
SYN00000,93,-5,1924,0,5,3,1,0,1
SYN00000,94,-5,1924,0,5,3,1,0,1
SYN00000,95,-3,1914,1,5,3,1,0,1
SYN00000,96,-3,1897,0,5,3,1,0,1
SYN00000,97,-3,1897,0,5,3,1,0,1
SYN00000,98,-1,1887,1,5,3,1,0,1
SYN00000,99,-1,1868,0,5,3,1,0,1
SYN00000,100,-1,1868,0,5,3,1,0,1
SYN00000,101,1,1844,1,5,3,1,0,1
SYN00000,102,1,1822,0,5,3,1,0,1
SYN00000,103,1,1817,1,5,3,1,0,1
SYN00000,104,1,1817,1,5,3,1,0,1
SYN00000,105,1,1808,0,5,3,1,0,1
SYN00000,106,1,1808,0,5,3,1,0,1
SYN00000,107,1,1797,1,5,4,1,0,1
SYN00000,108,1,1786,0,5,4,1,0,1
SYN00000,109,1,1786,0,5,4,1,0,1
SYN00000,110,1,1771,1,5,4,1,0,1
SYN00000,111,1,1771,1,5,4,1,0,1
SYN00000,112,1,1765,0,5,4,1,0,1
SYN00000,113,1,1765,0,5,4,1,0,1
SYN00000,114,1,1742,1,5,4,1,0,1
SYN00000,115,1,1742,1,5,4,1,0,1
SYN00000,116,1,1721,0,5,4,1,0,1
SYN00000,117,1,1712,1,5,4,1,0,1
SYN00000,118,1,1712,1,5,4,1,0,1
SYN00000,119,-1,1702,0,5,4,1,0,1
SYN00000,120,-1,1682,1,5,4,1,0,1
SYN00000,121,-1,1682,1,5,4,1,0,1
SYN00000,122,-1,1667,0,5,4,1,0,1
SYN00000,123,-1,1667,0,5,4,1,0,1
SYN00000,124,1,1659,1,5,4,1,0,1
SYN00000,125,1,1646,0,6,4,1,0,1
SYN00000,126,1,1638,1,6,4,1,0,1
SYN00000,127,1,1638,1,6,4,1,0,1
SYN00000,128,1,1631,0,6,4,1,0,1
SYN00000,129,1,1631,0,6,4,1,0,1
SYN00000,130,1,1612,1,6,4,1,0,1
SYN00000,131,1,1612,1,6,4,1,0,1
SYN00000,132,1,1600,0,6,4,1,0,1
SYN00000,133,1,1600,0,6,4,1,0,1
SYN00000,134,3,1589,1,6,4,1,0,1
SYN00000,135,3,1572,0,6,4,1,0,1
SYN00000,136,3,1572,0,6,4,1,0,1
SYN00000,137,3,1554,1,6,5,1,1,1
SYN00000,138,3,1540,0,6,5,1,1,1
SYN00000,139,3,1540,0,6,5,1,1,1
SYN00000,140,3,1524,1,6,5,1,1,1
SYN00000,141,3,1515,0,6,5,1,1,1
SYN00000,142,3,1515,0,6,5,1,1,1
SYN00000,143,6,1507,1,6,5,1,1,1
SYN00000,144,6,1495,0,6,5,1,1,1
SYN00000,145,9,1477,1,6,5,1,1,1
SYN00000,146,9,1466,0,6,5,1,1,1
SYN00000,147,9,1466,0,6,5,1,1,1
SYN00000,148,9,1461,1,6,5,1,1,1
SYN00000,149,9,1461,1,6,5,1,1,1
SYN00000,150,9,1456,0,6,5,1,1,1
SYN00000,151,9,1456,0,6,5,1,1,1
SYN00000,152,9,1449,1,6,5,1,1,1
SYN00000,153,7,1440,0,6,5,1,1,1
SYN00000,154,7,1440,1,6,5,1,1,1
SYN00000,155,7,1440,1,6,5,1,1,1
SYN00000,156,7,1427,1,6,6,1,1,1
SYN00000,157,7,1417,0,6,6,1,1,1
SYN00000,158,7,1417,0,6,6,1,1,1
SYN00000,159,7,1404,1,6,6,1,1,1
SYN00000,160,7,1404,1,6,6,1,1,1
SYN00000,161,7,1397,0,6,6,1,1,1
SYN00000,162,7,1397,0,6,6,1,1,1
SYN00000,163,7,1390,1,6,6,1,1,1
SYN00000,164,7,1390,1,6,6,1,1,1
SYN00000,165,7,1377,0,7,6,1,1,1
SYN00000,166,7,1365,1,7,7,1,1,1
SYN00000,167,7,1357,0,7,7,1,1,1
SYN00000,168,7,1357,0,7,7,1,1,1
SYN00000,169,7,1339,1,7,7,1,1,1
SYN00000,170,7,1339,1,7,7,1,1,1
SYN00000,171,7,1333,0,7,7,1,1,1
SYN00000,172,7,1333,0,7,7,1,1,1
SYN00000,173,9,1323,1,7,7,1,1,1
SYN00000,174,7,1309,0,7,7,1,1,1
SYN00000,175,9,1288,1,7,7,1,1,1
SYN00000,176,7,1283,0,7,7,1,1,1
SYN00000,177,7,1262,1,7,7,1,1,1
SYN00000,178,7,1262,1,7,7,1,1,1
SYN00000,179,7,1250,0,7,7,1,1,1
SYN00000,180,7,1250,0,7,7,1,1,1
SYN00000,181,7,1232,1,7,7,1,1,1
SYN00000,182,7,1232,1,7,7,1,1,1
SYN00000,183,5,1218,0,7,7,1,1,1
SYN00000,184,5,1209,1,7,7,1,1,1
SYN00000,185,5,1209,1,7,7,1,1,1
SYN00000,186,5,1200,0,8,7,1,1,1
SYN00000,187,7,1187,1,8,7,1,1,1
SYN00000,188,7,1170,0,8,7,1,1,1
SYN00000,189,7,1170,0,8,7,1,1,1
SYN00000,190,7,1156,1,8,8,1,1,1
SYN00000,191,7,1146,0,8,8,1,1,1
SYN00000,192,7,1127,1,8,9,1,1,1
SYN00000,193,5,1111,0,8,9,1,1,1
SYN00000,194,7,1097,1,8,9,1,1,1
SYN00000,195,7,1080,0,9,9,1,1,1
SYN00000,196,9,1067,1,9,9,1,1,1
SYN00000,197,9,1062,0,9,9,1,1,1
SYN00000,198,9,1055,1,9,9,1,1,1
SYN00000,199,9,1032,0,10,9,1,1,1
SYN00000,200,11,1027,1,10,9,1,1,1
SYN00000,201,11,1006,0,10,9,1,1,1
SYN00000,202,11,1006,0,10,9,1,1,1
SYN00000,203,11,982,1,10,9,1,1,1
SYN00000,204,11,982,1,10,9,1,1,1
SYN00000,205,11,962,0,10,9,1,1,1
SYN00000,206,11,938,1,10,9,1,1,1
SYN00000,207,11,938,1,10,9,1,1,1
SYN00000,208,11,917,0,10,9,1,1,1
SYN00000,209,11,917,0,10,9,1,1,1
SYN00000,210,11,896,1,10,9,1,1,1
SYN00000,211,11,896,1,10,9,1,1,1
SYN00000,212,9,873,0,10,9,1,1,1
SYN00000,213,9,867,1,10,9,1,1,1
SYN00000,214,9,851,0,10,9,1,1,1
SYN00000,215,9,851,0,10,9,1,1,1
SYN00000,216,9,829,1,10,10,1,1,1
SYN00000,217,9,824,0,10,10,1,1,1
SYN00000,218,9,824,0,10,10,1,1,1
SYN00000,219,9,819,1,10,10,1,1,1
SYN00000,220,9,819,1,10,10,1,1,1
SYN00000,221,9,798,0,10,10,1,1,1
SYN00000,222,9,798,0,10,10,1,1,1
SYN00000,223,12,791,1,10,10,1,1,1
SYN00000,224,12,784,0,10,10,1,1,1
SYN00000,225,12,784,0,10,10,1,1,1
SYN00000,226,12,773,1,10,10,1,1,1
SYN00000,227,12,773,1,10,10,1,1,1
SYN00000,228,12,756,0,11,10,1,1,1
SYN00000,229,14,742,1,11,10,1,1,1
SYN00000,230,14,733,0,11,10,1,1,1
SYN00000,231,14,733,0,11,10,1,1,1
SYN00000,232,14,724,1,11,11,1,1,1
SYN00000,233,14,720,0,11,11,1,1,1
SYN00000,234,14,720,0,11,11,1,1,1
SYN00000,235,14,720,1,11,11,1,1,1
SYN00000,236,14,720,1,11,11,1,1,1
SYN00000,237,14,700,1,11,11,1,1,1
SYN00000,238,14,700,1,11,11,1,1,1
SYN00000,239,12,681,0,11,11,1,1,1
SYN00000,240,14,674,1,11,11,1,1,1
SYN00000,241,14,667,0,11,11,1,1,1
SYN00000,242,14,667,0,11,11,1,1,1
SYN00000,243,16,650,1,11,11,1,1,1
SYN00000,244,16,643,0,11,11,1,1,1
SYN00000,245,18,622,1,11,11,1,1,1
SYN00000,246,18,601,0,11,11,1,1,1
SYN00000,247,18,601,0,11,11,1,1,1
SYN00000,248,21,589,1,11,11,1,1,1
SYN00000,249,21,579,0,12,11,1,1,1
SYN00000,250,24,559,1,12,11,1,1,1
SYN00000,251,21,550,0,12,11,1,1,1
SYN00000,252,21,535,1,12,12,1,1,1
SYN00000,253,21,520,0,12,12,1,1,1
SYN00000,254,21,520,0,12,12,1,1,1
SYN00000,255,23,509,1,12,12,1,1,1
SYN00000,256,21,502,0,12,12,1,1,1
SYN00000,257,23,484,1,12,12,1,1,1
SYN00000,258,23,478,0,12,12,1,1,1
SYN00000,259,23,478,0,12,12,1,1,1
SYN00000,260,23,469,1,12,12,1,1,1
SYN00000,261,23,469,1,12,12,1,1,1
SYN00000,262,23,454,0,12,12,1,1,1
SYN00000,263,23,454,0,12,12,1,1,1
SYN00000,264,23,436,1,12,12,1,1,1
SYN00000,265,23,436,1,12,12,1,1,1
SYN00000,266,21,414,0,12,12,1,1,1
SYN00000,267,21,396,1,12,12,1,1,1
SYN00000,268,21,396,1,12,12,1,1,1
SYN00000,269,19,382,0,12,12,1,1,1
SYN00000,270,21,364,1,12,12,1,1,1
SYN00000,271,19,351,0,12,12,1,1,1
SYN00000,272,21,329,1,12,12,1,1,1
SYN00000,273,21,319,0,13,12,1,1,1
SYN00000,274,21,298,1,13,12,1,1,1
SYN00000,275,21,298,1,13,12,1,1,1
SYN00000,276,21,279,0,13,12,1,1,1
SYN00000,277,21,279,0,13,12,1,1,1
SYN00000,278,23,257,1,13,12,1,1,1
SYN00000,279,23,235,0,13,12,1,1,1
SYN00000,280,23,223,1,13,12,1,1,1
SYN00000,281,23,223,1,13,12,1,1,1
SYN00000,282,21,205,0,13,12,1,1,1
SYN00000,283,24,190,1,13,12,1,1,1
SYN00000,284,24,174,0,13,12,1,1,1
SYN00000,285,26,153,1,13,12,1,1,1
SYN00000,286,26,141,0,13,12,1,1,1
SYN00000,287,26,141,0,13,12,1,1,1
SYN00000,288,28,127,1,13,12,1,1,1
SYN00000,289,28,109,0,13,12,1,1,1
SYN00000,290,28,109,0,13,12,1,1,1
SYN00000,291,28,89,1,13,13,1,1,1
SYN00000,292,28,72,0,13,13,1,1,1
SYN00000,293,28,72,0,13,13,1,1,1
SYN00000,294,30,60,1,13,13,1,1,1
SYN00000,295,30,39,0,13,13,1,1,1
SYN00000,296,30,39,0,13,13,1,1,1
SYN00000,297,30,20,1,13,14,1,1,1
SYN00000,298,30,14,0,14,14,1,1,1
SYN00000,299,30,5,1,14,14,1,1,1
SYN00000,300,30,5,1,14,14,1,1,1
SYN00000,301,30,0,0,14,14,1,1,1
SYN00000,302,30,0,0,14,14,1,1,1
SYN00000,303,30,0,1,14,14,1,1,1
SYN00001,1,0,2880,0,0,0,0,0,1
SYN00001,2,-2,2859,0,0,0,0,0,1
SYN00001,3,0,2847,1,0,0,0,0,1
SYN00001,4,0,2833,0,0,0,0,0,1
SYN00001,5,0,2833,0,0,0,0,0,1
SYN00001,6,0,2821,1,0,0,0,0,1
SYN00001,7,0,2821,1,0,0,0,0,1
SYN00001,8,-2,2816,0,0,0,0,0,1
SYN00001,9,1,2805,1,0,0,0,0,1
SYN00001,10,-1,2793,0,0,0,0,0,1
SYN00001,11,2,2787,1,0,0,0,0,1
SYN00001,12,2,2770,0,0,0,0,0,1
SYN00001,13,2,2770,0,0,0,0,0,1
SYN00001,14,2,2749,1,0,1,0,0,1
SYN00001,15,2,2729,0,0,1,0,0,1
SYN00001,16,2,2729,0,0,1,0,0,1
SYN00001,17,4,2718,1,0,1,0,0,1
SYN00001,18,4,2704,0,0,1,0,0,1
SYN00001,19,4,2680,1,0,1,0,0,1
SYN00001,20,4,2680,1,0,1,0,0,1
SYN00001,21,4,2660,0,0,1,0,0,1
SYN00001,22,4,2660,0,0,1,0,0,1
SYN00001,23,6,2651,1,0,1,0,0,1
SYN00001,24,6,2627,0,0,1,0,0,1
SYN00001,25,8,2621,1,0,1,0,0,1
SYN00001,26,8,2606,0,0,1,0,0,1
SYN00001,27,8,2606,0,0,1,0,0,1
SYN00001,28,11,2591,1,0,1,0,0,1
SYN00001,29,11,2574,0,0,1,0,0,1
SYN00001,30,11,2574,0,0,1,0,0,1
SYN00001,31,11,2566,1,0,2,0,0,1
SYN00001,32,11,2553,0,1,2,0,0,1
SYN00001,33,11,2535,1,1,2,0,0,1
SYN00001,34,11,2535,1,1,2,0,0,1
SYN00001,35,11,2524,0,1,2,0,0,1
SYN00001,36,11,2524,0,1,2,0,0,1
SYN00001,37,11,2506,1,1,3,0,0,1
SYN00001,38,8,2486,0,1,3,0,0,1
SYN00001,39,11,2470,1,1,3,0,0,1
SYN00001,40,8,2452,0,1,3,0,0,1
SYN00001,41,10,2446,1,1,3,0,0,1
SYN00001,42,8,2439,0,1,3,0,0,1
SYN00001,43,10,2424,1,1,3,0,0,1
SYN00001,44,8,2409,0,1,3,0,0,1
SYN00001,45,10,2385,1,1,3,0,0,1
SYN00001,46,10,2373,0,1,3,0,0,1
SYN00001,47,10,2354,1,1,3,0,0,1
SYN00001,48,10,2354,1,1,3,0,0,1
SYN00001,49,10,2336,0,1,3,0,0,1
SYN00001,50,10,2336,0,1,3,0,0,1
SYN00001,51,10,2326,1,1,4,0,0,1
SYN00001,52,10,2312,0,1,4,0,0,1
SYN00001,53,10,2312,0,1,4,0,0,1
SYN00001,54,13,2297,1,1,4,0,0,1
SYN00001,55,13,2273,0,2,4,0,0,1
SYN00001,56,15,2262,1,2,4,0,0,1
SYN00001,57,15,2255,0,2,4,0,0,1
SYN00001,58,15,2255,0,2,4,0,0,1
SYN00001,59,15,2240,1,2,4,0,0,1
SYN00001,60,13,2222,0,2,4,0,0,1
SYN00001,61,13,2215,1,2,4,0,0,1
SYN00001,62,13,2215,1,2,4,0,0,1
SYN00001,63,13,2196,0,2,4,0,0,1
SYN00001,64,13,2187,1,2,4,0,0,1
SYN00001,65,13,2187,1,2,4,0,0,1
SYN00001,66,11,2179,0,2,4,0,0,1
SYN00001,67,11,2160,1,2,4,0,0,1
SYN00001,68,11,2160,1,2,4,0,0,1
SYN00001,69,11,2160,0,2,4,0,0,1
SYN00001,70,11,2160,0,2,4,0,0,1
SYN00001,71,9,2149,0,2,4,0,0,1
SYN00001,72,11,2140,1,2,4,0,0,1
SYN00001,73,11,2123,0,2,4,0,0,1
SYN00001,74,11,2123,0,2,4,0,0,1
SYN00001,75,11,2111,1,2,4,0,0,1
SYN00001,76,11,2111,1,2,4,0,0,1
SYN00001,77,11,2105,0,2,4,0,0,1
SYN00001,78,11,2085,1,2,4,0,0,1
SYN00001,79,11,2085,1,2,4,0,0,1
SYN00001,80,11,2069,0,3,4,0,0,1
SYN00001,81,13,2055,1,3,4,0,0,1
SYN00001,82,11,2032,0,3,4,0,0,1
SYN00001,83,11,2022,1,3,4,0,0,1
SYN00001,84,11,2022,1,3,4,0,0,1
SYN00001,85,11,2017,0,3,4,0,0,1
SYN00001,86,13,1993,1,3,4,0,0,1
SYN00001,87,11,1977,0,3,4,0,0,1
SYN00001,88,11,1964,1,3,5,0,1,1
SYN00001,89,11,1953,0,3,5,0,1,1
SYN00001,90,11,1953,0,3,5,0,1,1
SYN00001,91,13,1937,1,3,5,0,1,1
SYN00001,92,10,1931,0,3,5,0,1,1
SYN00001,93,10,1923,1,3,5,0,1,1
SYN00001,94,10,1923,1,3,5,0,1,1
SYN00001,95,10,1916,0,3,5,0,1,1
SYN00001,96,10,1916,0,3,5,0,1,1
SYN00001,97,12,1898,1,3,5,0,1,1
SYN00001,98,12,1892,0,3,5,0,1,1
SYN00001,99,12,1892,0,3,5,0,1,1
SYN00001,100,12,1887,1,3,5,0,1,1
SYN00001,101,12,1887,1,3,5,0,1,1
SYN00001,102,12,1870,0,3,5,0,1,1
SYN00001,103,12,1870,0,3,5,0,1,1
SYN00001,104,15,1852,1,3,5,0,1,1
SYN00001,105,15,1845,0,3,5,0,1,1
SYN00001,106,15,1845,0,3,5,0,1,1
SYN00001,107,15,1835,1,3,5,0,1,1
SYN00001,108,12,1829,0,3,5,0,1,1
SYN00001,109,14,1805,1,3,5,0,1,1
SYN00001,110,14,1791,0,3,5,0,1,1
SYN00001,111,16,1781,1,3,5,0,1,1
SYN00001,112,16,1770,0,3,5,0,1,1
SYN00001,113,16,1770,0,3,5,0,1,1
SYN00001,114,19,1750,1,3,5,0,1,1
SYN00001,115,19,1726,0,3,5,0,1,1
SYN00001,116,19,1726,0,3,5,0,1,1
SYN00001,117,19,1714,1,3,5,0,1,1
SYN00001,118,19,1714,1,3,5,0,1,1
SYN00001,119,19,1704,0,3,5,0,1,1
SYN00001,120,19,1704,0,3,5,0,1,1
SYN00001,121,19,1683,1,3,5,0,1,1
SYN00001,122,19,1667,0,3,5,0,1,1
SYN00001,123,21,1655,1,3,5,0,1,1
SYN00001,124,21,1633,0,3,5,0,1,1
SYN00001,125,21,1633,0,3,5,0,1,1
SYN00001,126,21,1618,1,3,5,0,1,1
SYN00001,127,21,1594,0,3,5,0,1,1
SYN00001,128,21,1594,0,3,5,0,1,1
SYN00001,129,24,1580,1,3,5,0,1,1
SYN00001,130,21,1564,0,3,5,0,1,1
SYN00001,131,24,1559,1,3,5,0,1,1
SYN00001,132,24,1540,0,3,5,0,1,1
SYN00001,133,24,1540,0,3,5,0,1,1
SYN00001,134,26,1520,1,3,5,0,1,1
SYN00001,135,26,1502,0,3,5,0,1,1
SYN00001,136,26,1502,0,3,5,0,1,1
SYN00001,137,26,1496,1,3,6,0,1,1
SYN00001,138,26,1487,0,4,6,0,1,1
SYN00001,139,28,1472,1,4,6,0,1,1
SYN00001,140,26,1451,0,4,6,0,1,1
SYN00001,141,28,1444,1,4,6,0,1,1
SYN00001,142,28,1440,0,4,6,0,1,1
SYN00001,143,28,1440,0,4,6,0,1,1
SYN00001,144,28,1440,1,4,6,0,1,1
SYN00001,145,28,1440,1,4,6,0,1,1
SYN00001,146,28,1428,1,4,7,0,1,1
SYN00001,147,26,1412,0,4,7,0,1,1
SYN00001,148,29,1388,1,4,7,0,1,1
SYN00001,149,26,1367,0,4,7,0,1,1
SYN00001,150,28,1354,1,4,7,0,1,1
SYN00001,151,25,1348,0,4,7,0,1,1
SYN00001,152,28,1335,1,4,7,0,1,1
SYN00001,153,28,1322,0,4,7,0,1,1
SYN00001,154,28,1301,1,4,8,0,1,1
SYN00001,155,28,1285,0,4,8,0,1,1
SYN00001,156,28,1285,0,4,8,0,1,1
SYN00001,157,30,1262,1,4,8,0,1,1
SYN00001,158,30,1240,0,4,8,0,1,1
SYN00001,159,30,1240,0,4,8,0,1,1
SYN00001,160,30,1224,1,4,8,0,1,1
SYN00001,161,30,1224,1,4,8,0,1,1
SYN00001,162,30,1208,0,4,8,0,1,1
SYN00001,163,30,1208,0,4,8,0,1,1
SYN00001,164,32,1198,1,4,8,0,1,1
SYN00001,165,32,1177,0,4,8,0,1,1
SYN00001,166,32,1177,0,4,8,0,1,1
SYN00001,167,32,1171,1,4,8,0,1,1
SYN00001,168,32,1171,1,4,8,0,1,1
SYN00001,169,32,1153,0,4,8,0,1,1
SYN00001,170,32,1153,0,4,8,0,1,1
SYN00001,171,34,1144,1,4,8,0,1,1
SYN00001,172,32,1139,0,4,8,0,1,1
SYN00001,173,32,1123,1,4,8,0,1,1
SYN00001,174,32,1123,1,4,8,0,1,1
SYN00001,175,32,1100,0,4,8,0,1,1
SYN00001,176,35,1084,1,4,8,0,1,1
SYN00001,177,35,1079,0,4,8,0,1,1
SYN00001,178,35,1079,0,4,8,0,1,1
SYN00001,179,35,1060,1,4,9,0,1,1
SYN00001,180,35,1051,0,4,9,0,1,1
SYN00001,181,35,1051,0,4,9,0,1,1
SYN00001,182,35,1038,1,4,9,0,1,1
SYN00001,183,35,1038,1,4,9,0,1,1
SYN00001,184,35,1016,0,4,9,0,1,1
SYN00001,185,35,1016,0,4,9,0,1,1
SYN00001,186,37,995,1,4,9,0,1,1
SYN00001,187,37,990,0,5,9,1,1,1
SYN00001,188,37,968,1,5,10,1,1,1
SYN00001,189,37,958,0,5,10,1,1,1
SYN00001,190,37,958,0,5,10,1,1,1
SYN00001,191,37,950,1,5,11,1,1,1
SYN00001,192,35,928,0,5,11,1,1,1
SYN00001,193,35,917,1,5,11,1,1,1
SYN00001,194,35,917,1,5,11,1,1,1
SYN00001,195,33,907,0,5,11,1,1,1
SYN00001,196,33,901,1,5,11,1,1,1
SYN00001,197,33,901,1,5,11,1,1,1
SYN00001,198,33,896,0,5,11,1,1,1
SYN00001,199,33,896,0,5,11,1,1,1
SYN00001,200,33,877,1,5,12,1,1,1
SYN00001,201,33,858,0,5,12,1,1,1
SYN00001,202,35,850,1,5,12,1,1,1
SYN00001,203,35,837,0,5,12,1,1,1
SYN00001,204,35,837,0,5,12,1,1,1
SYN00001,205,37,819,1,5,12,1,1,1
SYN00001,206,37,808,0,6,12,1,1,1
SYN00001,207,37,787,1,6,13,1,1,1
SYN00001,208,37,774,0,6,13,1,1,1
SYN00001,209,37,774,0,6,13,1,1,1
SYN00001,210,40,759,1,6,13,1,1,1
SYN00001,211,40,747,0,6,13,1,1,1
SYN00001,212,40,747,0,6,13,1,1,1
SYN00001,213,42,726,1,6,13,1,1,1
SYN00001,214,42,720,0,6,13,1,1,1
SYN00001,215,42,720,0,6,13,1,1,1
SYN00001,216,42,720,1,6,13,1,1,1
SYN00001,217,42,720,1,6,13,1,1,1
SYN00001,218,42,703,1,6,13,1,1,1
SYN00001,219,42,703,1,6,13,1,1,1
SYN00001,220,42,693,0,6,13,1,1,1
SYN00001,221,42,688,1,6,13,1,1,1
SYN00001,222,42,664,0,6,13,1,1,1
SYN00001,223,42,664,0,6,13,1,1,1
SYN00001,224,42,659,1,6,14,1,1,1
SYN00001,225,42,650,0,6,14,1,1,1
SYN00001,226,42,650,0,6,14,1,1,1
SYN00001,227,42,644,1,6,15,1,1,1
SYN00001,228,42,621,0,6,15,1,1,1
SYN00001,229,42,621,0,6,15,1,1,1
SYN00001,230,42,599,1,6,15,1,1,1
SYN00001,231,42,599,1,6,15,1,1,1
SYN00001,232,42,582,0,6,15,1,1,1
SYN00001,233,44,571,1,6,15,1,1,1
SYN00001,234,44,564,0,6,15,1,1,1
SYN00001,235,44,564,0,6,15,1,1,1
SYN00001,236,44,555,1,6,16,1,1,1
SYN00001,237,44,544,0,6,16,1,1,1
SYN00001,238,44,544,0,6,16,1,1,1
SYN00001,239,46,539,1,6,16,1,1,1
SYN00001,240,46,523,0,6,16,1,1,1
SYN00001,241,46,523,0,6,16,1,1,1
SYN00001,242,49,499,1,6,16,1,1,1
SYN00001,243,49,478,0,6,16,1,1,1
SYN00001,244,49,478,0,6,16,1,1,1
SYN00001,245,49,472,1,6,16,1,1,1
SYN00001,246,49,472,1,6,16,1,1,1
SYN00001,247,47,465,0,6,16,1,1,1
SYN00001,248,47,460,1,6,16,1,1,1
SYN00001,249,47,460,1,6,16,1,1,1
SYN00001,250,47,454,0,7,16,1,1,1
SYN00001,251,47,434,1,7,17,1,1,1
SYN00001,252,47,424,0,7,17,1,1,1
SYN00001,253,47,424,0,7,17,1,1,1
SYN00001,254,49,403,1,7,17,1,1,1
SYN00001,255,49,392,0,7,17,1,1,1
SYN00001,256,49,392,0,7,17,1,1,1
SYN00001,257,49,384,1,7,17,1,1,1
SYN00001,258,49,384,1,7,17,1,1,1
SYN00001,259,47,362,0,7,17,1,1,1
SYN00001,260,49,345,1,7,17,1,1,1
SYN00001,261,47,340,0,7,17,1,1,1
SYN00001,262,47,318,1,7,17,1,1,1
SYN00001,263,47,318,1,7,17,1,1,1
SYN00001,264,47,306,0,7,17,1,1,1
SYN00001,265,47,306,0,7,17,1,1,1
SYN00001,266,47,282,1,7,17,1,1,1
SYN00001,267,47,282,1,7,17,1,1,1
SYN00001,268,47,261,0,7,17,1,1,1
SYN00001,269,49,242,1,7,17,1,1,1
SYN00001,270,49,223,0,7,17,1,1,1
SYN00001,271,49,223,0,7,17,1,1,1
SYN00001,272,49,214,1,7,17,1,1,1
SYN00001,273,49,214,1,7,17,1,1,1
SYN00001,274,49,201,0,7,17,1,1,1
SYN00001,275,49,201,0,7,17,1,1,1
SYN00001,276,51,189,1,7,17,1,1,1
SYN00001,277,51,174,0,7,17,1,1,1
SYN00001,278,51,174,0,7,17,1,1,1
SYN00001,279,51,166,1,7,17,1,1,1
SYN00001,280,51,158,0,7,17,1,1,1
SYN00001,281,51,158,0,7,17,1,1,1
SYN00001,282,54,144,1,7,17,1,1,1
SYN00001,283,52,136,0,7,17,1,1,1
SYN00001,284,54,119,1,7,17,1,1,1
SYN00001,285,54,101,0,7,17,1,1,1
SYN00001,286,54,101,0,7,17,1,1,1
SYN00001,287,57,92,1,7,17,1,1,1
SYN00001,288,57,80,0,7,17,1,1,1
SYN00001,289,57,80,0,7,17,1,1,1
SYN00001,290,57,57,1,7,17,1,1,1
SYN00001,291,57,57,1,7,17,1,1,1
SYN00001,292,57,34,0,7,17,1,1,1
SYN00001,293,57,34,0,7,17,1,1,1
SYN00001,294,57,15,1,7,17,1,1,1
SYN00001,295,57,15,1,7,17,1,1,1
SYN00001,296,57,7,0,7,17,1,1,1
SYN00001,297,57,7,0,7,17,1,1,1
SYN00001,298,60,0,1,7,17,1,1,1
SYN00001,299,60,0,0,7,17,1,1,1
SYN00002,1,0,2880,1,0,0,0,0,1
SYN00002,2,0,2865,1,0,0,0,0,1
SYN00002,3,0,2865,1,0,0,0,0,1
SYN00002,4,0,2857,0,1,0,0,0,1
SYN00002,5,0,2835,1,1,0,0,0,1
SYN00002,6,0,2835,1,1,0,0,0,1
SYN00002,7,0,2827,0,1,0,0,0,1
SYN00002,8,0,2827,0,1,0,0,0,1
SYN00002,9,0,2807,1,1,0,0,0,1
SYN00002,10,0,2807,1,1,0,0,0,1
SYN00002,11,-3,2789,0,1,0,0,0,1
SYN00002,12,-3,2779,1,1,0,0,0,1
SYN00002,13,-3,2779,1,1,0,0,0,1
SYN00002,14,-5,2755,0,1,0,0,0,1
SYN00002,15,-3,2738,1,1,0,0,0,1
SYN00002,16,-3,2720,0,1,0,0,0,1
SYN00002,17,-3,2720,0,1,0,0,0,1
SYN00002,18,-3,2712,1,1,0,0,0,1
SYN00002,19,-3,2712,1,1,0,0,0,1
SYN00002,20,-3,2691,0,1,0,0,0,1
SYN00002,21,-3,2691,0,1,0,0,0,1
SYN00002,22,-3,2681,1,1,0,0,0,1
SYN00002,23,-3,2674,0,1,0,0,0,1
SYN00002,24,-3,2674,0,1,0,0,0,1
SYN00002,25,-1,2652,1,1,0,0,0,1
SYN00002,26,-1,2634,0,1,0,0,0,1
SYN00002,27,-1,2634,0,1,0,0,0,1
SYN00002,28,2,2625,1,1,0,0,0,1
SYN00002,29,2,2613,0,1,0,0,0,1
SYN00002,30,2,2613,0,1,0,0,0,1
SYN00002,31,5,2595,1,1,0,0,0,1
SYN00002,32,3,2582,0,1,0,0,0,1
SYN00002,33,3,2562,1,1,0,0,0,1
SYN00002,34,3,2562,1,1,0,0,0,1
SYN00002,35,3,2546,0,1,0,0,0,1
SYN00002,36,5,2532,1,1,0,0,0,1
SYN00002,37,5,2509,0,1,0,0,0,1
SYN00002,38,5,2509,0,1,0,0,0,1
SYN00002,39,5,2493,1,1,0,0,0,1
SYN00002,40,5,2493,1,1,0,0,0,1
SYN00002,41,3,2482,0,1,0,0,0,1
SYN00002,42,5,2474,1,1,0,0,0,1
SYN00002,43,3,2455,0,1,0,0,0,1
SYN00002,44,3,2438,1,1,0,0,0,1
SYN00002,45,3,2438,1,1,0,0,0,1
SYN00002,46,3,2414,0,1,0,0,0,1
SYN00002,47,3,2414,0,1,0,0,0,1
SYN00002,48,5,2392,1,1,0,0,0,1
SYN00002,49,5,2381,0,1,0,0,0,1
SYN00002,50,5,2381,0,1,0,0,0,1
SYN00002,51,7,2373,1,1,0,0,0,1
SYN00002,52,7,2364,0,1,0,0,0,1
SYN00002,53,7,2364,0,1,0,0,0,1
SYN00002,54,9,2355,1,1,0,0,0,1
SYN00002,55,7,2333,0,1,0,0,0,1
SYN00002,56,7,2318,1,1,0,0,0,1
SYN00002,57,7,2318,1,1,0,0,0,1
SYN00002,58,7,2299,0,1,0,0,0,1
SYN00002,59,7,2299,0,1,0,0,0,1
SYN00002,60,7,2292,1,1,0,0,0,1
SYN00002,61,7,2292,1,1,0,0,0,1
SYN00002,62,7,2287,0,2,0,0,0,1
SYN00002,63,7,2281,1,2,0,0,0,1
SYN00002,64,7,2281,1,2,0,0,0,1
SYN00002,65,7,2273,0,2,0,0,0,1
SYN00002,66,7,2273,0,2,0,0,0,1
SYN00002,67,7,2264,1,2,1,0,0,1
SYN00002,68,5,2246,0,2,1,0,0,1
SYN00002,69,7,2230,1,2,1,0,0,1
SYN00002,70,7,2215,0,2,1,0,0,1
SYN00002,71,7,2215,0,2,1,0,0,1
SYN00002,72,10,2201,1,2,1,0,0,1
SYN00002,73,10,2180,0,2,1,0,0,1
SYN00002,74,10,2180,0,2,1,0,0,1
SYN00002,75,12,2160,1,2,1,0,0,1
SYN00002,76,12,2160,0,2,1,0,0,1
SYN00002,77,12,2160,0,2,1,0,0,1
SYN00002,78,12,2146,0,2,1,0,0,1
SYN00002,79,14,2139,1,2,1,0,0,1
SYN00002,80,12,2117,0,2,1,0,0,1
SYN00002,81,12,2109,1,2,2,0,0,1
SYN00002,82,12,2098,0,2,2,0,0,1
SYN00002,83,12,2098,0,2,2,0,0,1
SYN00002,84,12,2092,1,2,2,0,0,1
SYN00002,85,12,2092,1,2,2,0,0,1
SYN00002,86,10,2068,0,2,2,0,0,1
SYN00002,87,12,2049,1,2,2,0,0,1
SYN00002,88,12,2039,0,2,2,0,0,1
SYN00002,89,12,2039,0,2,2,0,0,1
SYN00002,90,12,2034,1,2,2,0,0,1
SYN00002,91,12,2034,1,2,2,0,0,1
SYN00002,92,10,2012,0,2,2,0,0,1
SYN00002,93,10,2006,1,2,2,0,0,1
SYN00002,94,10,2006,1,2,2,0,0,1
SYN00002,95,10,1983,0,2,2,0,0,1
SYN00002,96,10,1983,0,2,2,0,0,1
SYN00002,97,10,1962,1,2,3,0,0,1
SYN00002,98,10,1954,0,2,3,0,0,1
SYN00002,99,10,1954,0,2,3,0,0,1
SYN00002,100,10,1937,1,2,3,0,0,1
SYN00002,101,10,1937,1,2,3,0,0,1
SYN00002,102,10,1913,0,2,3,0,0,1
SYN00002,103,10,1913,0,2,3,0,0,1
SYN00002,104,10,1895,1,2,3,0,0,1
SYN00002,105,10,1895,1,2,3,0,0,1
SYN00002,106,8,1884,0,2,3,0,0,1
SYN00002,107,8,1879,1,2,3,0,0,1
SYN00002,108,8,1879,1,2,3,0,0,1
SYN00002,109,6,1872,0,2,3,0,0,1
SYN00002,110,8,1867,1,2,3,0,0,1
SYN00002,111,8,1857,0,2,3,0,0,1
SYN00002,112,8,1857,0,2,3,0,0,1
SYN00002,113,10,1848,1,2,3,0,0,1
SYN00002,114,10,1826,0,2,3,0,0,1
SYN00002,115,10,1826,0,2,3,0,0,1
SYN00002,116,10,1813,1,2,3,0,0,1
SYN00002,117,10,1813,1,2,3,0,0,1
SYN00002,118,10,1808,0,3,3,0,0,1
SYN00002,119,10,1784,1,3,4,0,0,1
SYN00002,120,10,1770,0,3,4,0,0,1
SYN00002,121,10,1770,0,3,4,0,0,1
SYN00002,122,12,1750,1,3,4,0,0,1
SYN00002,123,12,1727,0,3,4,0,0,1
SYN00002,124,12,1727,0,3,4,0,0,1
SYN00002,125,14,1718,1,3,4,0,0,1
SYN00002,126,14,1708,0,3,4,0,0,1
SYN00002,127,14,1708,0,3,4,0,0,1
SYN00002,128,16,1689,1,3,4,0,0,1
SYN00002,129,16,1683,0,3,4,0,0,1
SYN00002,130,16,1683,0,3,4,0,0,1
SYN00002,131,16,1678,1,3,4,0,0,1
SYN00002,132,16,1678,1,3,4,0,0,1
SYN00002,133,16,1666,0,3,4,0,0,1
SYN00002,134,16,1666,0,3,4,0,0,1
SYN00002,135,16,1654,1,3,4,0,0,1
SYN00002,136,16,1654,1,3,4,0,0,1
SYN00002,137,13,1639,0,3,4,0,0,1
SYN00002,138,13,1633,1,3,4,0,0,1
SYN00002,139,13,1633,1,3,4,0,0,1
SYN00002,140,13,1610,0,3,4,0,0,1
SYN00002,141,16,1588,1,3,4,0,0,1
SYN00002,142,16,1581,0,3,4,0,0,1
SYN00002,143,16,1581,0,3,4,0,0,1
SYN00002,144,18,1570,1,3,4,0,0,1
SYN00002,145,18,1564,0,3,4,0,0,1
SYN00002,146,18,1564,0,3,4,0,0,1
SYN00002,147,18,1551,1,3,4,0,0,1
SYN00002,148,18,1551,1,3,4,0,0,1
SYN00002,149,18,1532,0,3,4,0,0,1
SYN00002,150,18,1532,0,3,4,0,0,1
SYN00002,151,18,1520,1,3,4,0,0,1
SYN00002,152,18,1520,1,3,4,0,0,1
SYN00002,153,16,1499,0,3,4,0,0,1
SYN00002,154,16,1488,1,3,5,0,1,1
SYN00002,155,14,1474,0,3,5,0,1,1
SYN00002,156,16,1453,1,3,5,0,1,1
SYN00002,157,14,1440,0,3,5,0,1,1
SYN00002,158,14,1440,1,3,5,0,1,1
SYN00002,159,14,1440,1,3,5,0,1,1
SYN00002,160,16,1421,1,3,5,0,1,1
SYN00002,161,14,1416,0,3,5,0,1,1
SYN00002,162,14,1405,1,3,5,0,1,1
SYN00002,163,14,1405,1,3,5,0,1,1
SYN00002,164,12,1394,0,3,5,0,1,1
SYN00002,165,14,1375,1,3,5,0,1,1
SYN00002,166,12,1369,0,3,5,0,1,1
SYN00002,167,12,1364,1,3,6,0,1,1
SYN00002,168,12,1342,0,3,6,0,1,1
SYN00002,169,12,1342,0,3,6,0,1,1
SYN00002,170,12,1335,1,3,6,0,1,1
SYN00002,171,12,1335,1,3,6,0,1,1
SYN00002,172,12,1328,0,3,6,0,1,1
SYN00002,173,12,1328,0,3,6,0,1,1
SYN00002,174,12,1307,1,3,6,0,1,1
SYN00002,175,12,1307,1,3,6,0,1,1
SYN00002,176,10,1291,0,3,6,0,1,1
SYN00002,177,10,1278,1,3,6,0,1,1
SYN00002,178,10,1278,1,3,6,0,1,1
SYN00002,179,8,1273,0,3,6,0,1,1
SYN00002,180,11,1252,1,3,6,0,1,1
SYN00002,181,11,1243,0,3,6,0,1,1
SYN00002,182,11,1243,0,3,6,0,1,1
SYN00002,183,11,1229,1,3,6,0,1,1
SYN00002,184,11,1229,1,3,6,0,1,1
SYN00002,185,9,1221,0,3,6,0,1,1
SYN00002,186,12,1213,1,3,6,0,1,1
SYN00002,187,12,1201,0,3,6,0,1,1
SYN00002,188,12,1201,0,3,6,0,1,1
SYN00002,189,12,1190,1,3,6,0,1,1
SYN00002,190,12,1190,1,3,6,0,1,1
SYN00002,191,12,1178,0,4,6,0,1,1
SYN00002,192,12,1154,1,4,6,0,1,1
SYN00002,193,12,1154,1,4,6,0,1,1
SYN00002,194,12,1146,0,4,6,0,1,1
SYN00002,195,12,1146,0,4,6,0,1,1
SYN00002,196,14,1139,1,4,6,0,1,1
SYN00002,197,12,1127,0,4,6,0,1,1
SYN00002,198,12,1115,1,4,6,0,1,1
SYN00002,199,12,1115,1,4,6,0,1,1
SYN00002,200,12,1093,0,4,6,0,1,1
SYN00002,201,12,1093,0,4,6,0,1,1
SYN00002,202,14,1080,1,4,6,0,1,1
SYN00002,203,12,1067,0,4,6,0,1,1
SYN00002,204,14,1057,1,4,6,0,1,1
SYN00002,205,14,1037,0,4,6,0,1,1
SYN00002,206,14,1016,1,4,7,0,1,1
SYN00002,207,12,1005,0,4,7,0,1,1
SYN00002,208,12,994,1,4,7,0,1,1
SYN00002,209,12,994,1,4,7,0,1,1
SYN00002,210,10,982,0,4,7,0,1,1
SYN00002,211,10,964,1,4,7,0,1,1
SYN00002,212,10,964,1,4,7,0,1,1
SYN00002,213,10,950,0,4,7,0,1,1
SYN00002,214,10,945,1,4,7,0,1,1
SYN00002,215,10,945,1,4,7,0,1,1
SYN00002,216,10,926,0,5,7,1,1,1
SYN00002,217,12,905,1,5,7,1,1,1
SYN00002,218,10,887,0,5,7,1,1,1
SYN00002,219,10,877,1,5,7,1,1,1
SYN00002,220,10,877,1,5,7,1,1,1
SYN00002,221,10,866,0,5,7,1,1,1
SYN00002,222,10,866,0,5,7,1,1,1
SYN00002,223,12,846,1,5,7,1,1,1
SYN00002,224,12,822,0,5,7,1,1,1
SYN00002,225,12,822,0,5,7,1,1,1
SYN00002,226,12,811,1,5,8,1,1,1
SYN00002,227,12,790,0,5,8,1,1,1
SYN00002,228,12,790,0,5,8,1,1,1
SYN00002,229,15,774,1,5,8,1,1,1
SYN00002,230,12,756,0,5,8,1,1,1
SYN00002,231,14,743,1,5,8,1,1,1
SYN00002,232,12,727,0,5,8,1,1,1
SYN00002,233,14,720,1,5,8,1,1,1
SYN00002,234,14,720,0,5,8,1,1,1
SYN00002,235,14,720,0,5,8,1,1,1
SYN00002,236,14,708,0,5,8,1,1,1
SYN00002,237,14,708,0,5,8,1,1,1
SYN00002,238,16,691,1,5,8,1,1,1
SYN00002,239,13,683,0,5,8,1,1,1
SYN00002,240,15,678,1,5,8,1,1,1
SYN00002,241,13,671,0,5,8,1,1,1
SYN00002,242,15,657,1,5,8,1,1,1
SYN00002,243,15,646,0,5,8,1,1,1
SYN00002,244,15,646,0,5,8,1,1,1
SYN00002,245,15,627,1,5,9,1,1,1
SYN00002,246,13,619,0,5,9,1,1,1
SYN00002,247,15,600,1,5,9,1,1,1
SYN00002,248,15,592,0,5,9,1,1,1
SYN00002,249,15,592,0,5,9,1,1,1
SYN00002,250,15,580,1,5,9,1,1,1
SYN00002,251,15,580,1,5,9,1,1,1
SYN00002,252,15,561,0,5,9,1,1,1
SYN00002,253,15,561,0,5,9,1,1,1
SYN00002,254,15,556,1,5,9,1,1,1
SYN00002,255,15,556,1,5,9,1,1,1
SYN00002,256,13,532,0,5,9,1,1,1
SYN00002,257,15,526,1,5,9,1,1,1
SYN00002,258,15,511,0,5,9,1,1,1
SYN00002,259,15,511,0,5,9,1,1,1
SYN00002,260,15,489,1,5,10,1,1,1
SYN00002,261,15,468,0,5,10,1,1,1
SYN00002,262,15,452,1,5,10,1,1,1
SYN00002,263,15,452,1,5,10,1,1,1
SYN00002,264,13,447,0,5,10,1,1,1
SYN00002,265,15,429,1,5,10,1,1,1
SYN00002,266,15,411,0,5,10,1,1,1
SYN00002,267,15,411,0,5,10,1,1,1
SYN00002,268,15,405,1,5,11,1,1,1
SYN00002,269,15,381,0,5,11,1,1,1
SYN00002,270,15,381,0,5,11,1,1,1
SYN00002,271,17,375,1,5,11,1,1,1
SYN00002,272,15,370,0,5,11,1,1,1
SYN00002,273,17,356,1,5,11,1,1,1
SYN00002,274,15,332,0,5,11,1,1,1
SYN00002,275,17,309,1,5,11,1,1,1
SYN00002,276,17,288,0,5,11,1,1,1
SYN00002,277,19,274,1,5,11,1,1,1
SYN00002,278,19,267,0,5,11,1,1,1
SYN00002,279,19,267,0,5,11,1,1,1
SYN00002,280,19,243,1,5,11,1,1,1
SYN00002,281,19,243,1,5,11,1,1,1
SYN00002,282,19,232,0,5,11,1,1,1
SYN00002,283,19,232,0,5,11,1,1,1
SYN00002,284,22,210,1,5,11,1,1,1
SYN00002,285,22,196,0,6,11,1,1,1
SYN00002,286,22,181,1,6,11,1,1,1
SYN00002,287,22,181,1,6,11,1,1,1
SYN00002,288,22,164,0,7,11,1,1,1
SYN00002,289,22,148,1,7,11,1,1,1
SYN00002,290,22,136,0,7,11,1,1,1
SYN00002,291,22,136,0,7,11,1,1,1
SYN00002,292,24,122,1,7,11,1,1,1
SYN00002,293,24,117,0,7,11,1,1,1
SYN00002,294,26,110,1,7,11,1,1,1
SYN00002,295,23,104,0,7,11,1,1,1
SYN00002,296,25,96,1,7,11,1,1,1
SYN00002,297,25,80,0,7,11,1,1,1
SYN00002,298,25,69,1,7,11,1,1,1
SYN00002,299,25,69,1,7,11,1,1,1
SYN00002,300,25,48,0,8,11,1,1,1
SYN00002,301,27,28,1,8,11,1,1,1
SYN00002,302,27,20,0,9,11,1,1,1
SYN00002,303,30,0,1,9,11,1,1,1
SYN00002,304,30,0,0,9,11,1,1,1
SYN00003,1,0,2880,1,0,0,0,0,1
SYN00003,2,3,2863,1,0,0,0,0,1
SYN00003,3,3,2847,0,0,0,0,0,1
SYN00003,4,3,2847,0,0,0,0,0,1
SYN00003,5,5,2823,1,0,0,0,0,1
SYN00003,6,3,2803,0,0,0,0,0,1
SYN00003,7,3,2789,1,0,0,0,0,1
SYN00003,8,3,2789,1,0,0,0,0,1
SYN00003,9,1,2766,0,0,0,0,0,1
SYN00003,10,3,2742,1,0,0,0,0,1
SYN00003,11,1,2724,0,0,0,0,0,1
SYN00003,12,4,2711,1,0,0,0,0,1
SYN00003,13,4,2689,0,0,0,0,0,1
SYN00003,14,4,2689,0,0,0,0,0,1
SYN00003,15,7,2668,1,0,0,0,0,1
SYN00003,16,7,2652,0,1,0,0,0,1
SYN00003,17,7,2636,1,1,0,0,0,1
SYN00003,18,7,2636,1,1,0,0,0,1
SYN00003,19,4,2615,0,1,0,0,0,1
SYN00003,20,4,2598,1,1,0,0,0,1
SYN00003,21,4,2598,1,1,0,0,0,1
SYN00003,22,4,2580,0,1,0,0,0,1
SYN00003,23,4,2580,0,1,0,0,0,1
SYN00003,24,6,2557,1,1,0,0,0,1
SYN00003,25,6,2542,0,1,0,0,0,1
SYN00003,26,6,2542,0,1,0,0,0,1
SYN00003,27,6,2521,1,1,0,0,0,1
SYN00003,28,6,2507,0,1,0,0,0,1
SYN00003,29,6,2507,0,1,0,0,0,1
SYN00003,30,6,2486,1,1,0,0,0,1
SYN00003,31,6,2486,1,1,0,0,0,1
SYN00003,32,6,2475,0,1,0,0,0,1
SYN00003,33,6,2475,0,1,0,0,0,1
SYN00003,34,6,2451,1,1,1,0,0,1
SYN00003,35,6,2428,0,1,1,0,0,1
SYN00003,36,6,2428,0,1,1,0,0,1
SYN00003,37,6,2423,1,1,1,0,0,1
SYN00003,38,6,2423,1,1,1,0,0,1
SYN00003,39,6,2401,0,2,1,0,0,1
SYN00003,40,6,2387,1,2,1,0,0,1
SYN00003,41,6,2387,1,2,1,0,0,1
SYN00003,42,6,2382,0,2,1,0,0,1
SYN00003,43,6,2382,0,2,1,0,0,1
SYN00003,44,6,2359,1,2,1,0,0,1
SYN00003,45,6,2359,1,2,1,0,0,1
SYN00003,46,4,2341,0,2,1,0,0,1
SYN00003,47,4,2320,1,2,2,0,0,1
SYN00003,48,4,2312,0,3,2,0,0,1
SYN00003,49,4,2291,1,3,2,0,0,1
SYN00003,50,4,2291,1,3,2,0,0,1
SYN00003,51,2,2285,0,3,2,0,0,1
SYN00003,52,4,2273,1,3,2,0,0,1
SYN00003,53,2,2265,0,3,2,0,0,1
SYN00003,54,4,2246,1,3,2,0,0,1
SYN00003,55,4,2229,0,3,2,0,0,1
SYN00003,56,4,2229,0,3,2,0,0,1
SYN00003,57,6,2205,1,3,2,0,0,1
SYN00003,58,4,2182,0,3,2,0,0,1
SYN00003,59,4,2163,1,3,2,0,0,1
SYN00003,60,4,2163,1,3,2,0,0,1
SYN00003,61,2,2160,0,3,2,0,0,1
SYN00003,62,2,2160,1,3,2,0,0,1
SYN00003,63,2,2160,1,3,2,0,0,1
SYN00003,64,4,2143,1,3,2,0,0,1
SYN00003,65,1,2126,0,3,2,0,0,1
SYN00003,66,1,2114,1,3,3,0,0,1
SYN00003,67,-1,2104,0,3,3,0,0,1
SYN00003,68,1,2090,1,3,3,0,0,1
SYN00003,69,-1,2068,0,3,3,0,0,1
SYN00003,70,-1,2061,1,3,3,0,0,1
SYN00003,71,-1,2061,1,3,3,0,0,1
SYN00003,72,-4,2045,0,3,3,0,0,1
SYN00003,73,-1,2031,1,3,3,0,0,1
SYN00003,74,-3,2026,0,3,3,0,0,1
SYN00003,75,-3,2017,1,3,4,0,0,1
SYN00003,76,-3,2004,0,3,4,0,0,1
SYN00003,77,-3,2004,0,3,4,0,0,1
SYN00003,78,-1,1985,1,3,4,0,0,1
SYN00003,79,-4,1969,0,3,4,0,0,1
SYN00003,80,-4,1946,1,3,4,0,0,1
SYN00003,81,-4,1946,1,3,4,0,0,1
SYN00003,82,-4,1934,0,3,4,0,0,1
SYN00003,83,-4,1934,0,3,4,0,0,1
SYN00003,84,-4,1921,1,3,4,0,0,1
SYN00003,85,-4,1921,1,3,4,0,0,1
SYN00003,86,-4,1905,0,3,4,0,0,1
SYN00003,87,-4,1905,0,3,4,0,0,1
SYN00003,88,-4,1894,1,3,4,0,0,1
SYN00003,89,-4,1886,0,3,4,0,0,1
SYN00003,90,-4,1886,0,3,4,0,0,1
SYN00003,91,-1,1873,1,3,4,0,0,1
SYN00003,92,-1,1850,0,3,4,0,0,1
SYN00003,93,-1,1845,1,3,4,0,0,1
SYN00003,94,-1,1845,1,3,4,0,0,1
SYN00003,95,-3,1833,0,3,4,0,0,1
SYN00003,96,-1,1817,1,3,4,0,0,1
SYN00003,97,-1,1803,0,4,4,0,0,1
SYN00003,98,-1,1789,1,4,4,0,0,1
SYN00003,99,-1,1772,0,4,4,0,0,1
SYN00003,100,-1,1772,0,4,4,0,0,1
SYN00003,101,-1,1753,1,4,4,0,0,1
SYN00003,102,-1,1753,1,4,4,0,0,1
SYN00003,103,-1,1743,0,5,4,1,0,1
SYN00003,104,-1,1727,1,5,4,1,0,1
SYN00003,105,-1,1727,1,5,4,1,0,1
SYN00003,106,-4,1708,0,5,4,1,0,1
SYN00003,107,-2,1700,1,5,4,1,0,1
SYN00003,108,-4,1676,0,5,4,1,0,1
SYN00003,109,-4,1652,1,5,4,1,0,1
SYN00003,110,-6,1641,0,5,4,1,0,1
SYN00003,111,-6,1635,1,5,4,1,0,1
SYN00003,112,-6,1635,1,5,4,1,0,1
SYN00003,113,-6,1623,0,5,4,1,0,1
SYN00003,114,-6,1623,0,5,4,1,0,1
SYN00003,115,-4,1600,1,5,4,1,0,1
SYN00003,116,-4,1586,0,5,4,1,0,1
SYN00003,117,-4,1586,0,5,4,1,0,1
SYN00003,118,-4,1578,1,5,5,1,1,1
SYN00003,119,-4,1563,0,5,5,1,1,1
SYN00003,120,-4,1563,0,5,5,1,1,1
SYN00003,121,-4,1556,1,5,5,1,1,1
SYN00003,122,-4,1556,1,5,5,1,1,1
SYN00003,123,-4,1532,0,5,5,1,1,1
SYN00003,124,-4,1532,0,5,5,1,1,1
SYN00003,125,-1,1516,1,5,5,1,1,1
SYN00003,126,-1,1501,0,5,5,1,1,1
SYN00003,127,-1,1501,0,5,5,1,1,1
SYN00003,128,1,1490,1,5,5,1,1,1
SYN00003,129,1,1479,0,6,5,1,1,1
SYN00003,130,1,1457,1,6,5,1,1,1
SYN00003,131,1,1457,1,6,5,1,1,1
SYN00003,132,1,1445,0,6,5,1,1,1
SYN00003,133,1,1445,0,6,5,1,1,1
SYN00003,134,4,1440,1,6,5,1,1,1
SYN00003,135,4,1440,0,6,5,1,1,1
SYN00003,136,4,1440,0,6,5,1,1,1
SYN00003,137,4,1426,0,6,5,1,1,1
SYN00003,138,4,1406,1,6,5,1,1,1
SYN00003,139,4,1406,1,6,5,1,1,1
SYN00003,140,1,1401,0,6,5,1,1,1
SYN00003,141,1,1385,1,6,5,1,1,1
SYN00003,142,1,1385,1,6,5,1,1,1
SYN00003,143,-1,1376,0,6,5,1,1,1
SYN00003,144,-1,1368,1,6,5,1,1,1
SYN00003,145,-1,1368,1,6,5,1,1,1
SYN00003,146,-1,1359,0,6,5,1,1,1
SYN00003,147,-1,1359,0,6,5,1,1,1
SYN00003,148,-1,1342,1,6,5,1,1,1
SYN00003,149,-1,1342,1,6,5,1,1,1
SYN00003,150,-3,1337,0,6,5,1,1,1
SYN00003,151,-3,1324,1,6,5,1,1,1
SYN00003,152,-3,1324,1,6,5,1,1,1
SYN00003,153,-5,1305,0,6,5,1,1,1
SYN00003,154,-3,1286,1,6,5,1,1,1
SYN00003,155,-3,1279,0,7,5,1,1,1
SYN00003,156,0,1260,1,7,5,1,1,1
SYN00003,157,-2,1245,0,7,5,1,1,1
SYN00003,158,1,1225,1,7,5,1,1,1
SYN00003,159,1,1203,0,7,5,1,1,1
SYN00003,160,1,1203,0,7,5,1,1,1
SYN00003,161,1,1189,1,7,5,1,1,1
SYN00003,162,1,1189,1,7,5,1,1,1
SYN00003,163,1,1182,0,7,5,1,1,1
SYN00003,164,1,1177,1,7,6,1,1,1
SYN00003,165,-1,1160,0,7,6,1,1,1
SYN00003,166,1,1139,1,7,6,1,1,1
SYN00003,167,-1,1125,0,7,6,1,1,1
SYN00003,168,1,1109,1,7,6,1,1,1
SYN00003,169,-1,1093,0,7,6,1,1,1
SYN00003,170,-1,1087,1,7,7,1,1,1
SYN00003,171,-1,1070,0,7,7,1,1,1
SYN00003,172,-1,1070,0,7,7,1,1,1
SYN00003,173,-1,1050,1,7,7,1,1,1
SYN00003,174,-1,1050,1,7,7,1,1,1
SYN00003,175,-1,1043,0,7,7,1,1,1
SYN00003,176,-1,1031,1,7,7,1,1,1
SYN00003,177,-4,1012,0,7,7,1,1,1
SYN00003,178,-1,1006,1,7,7,1,1,1
SYN00003,179,-1,990,0,8,7,1,1,1
SYN00003,180,2,966,1,8,7,1,1,1
SYN00003,181,2,959,0,8,7,1,1,1
SYN00003,182,2,959,0,8,7,1,1,1
SYN00003,183,2,952,1,8,7,1,1,1
SYN00003,184,2,952,1,8,7,1,1,1
SYN00003,185,2,942,0,8,7,1,1,1
SYN00003,186,2,942,0,8,7,1,1,1
SYN00003,187,4,919,1,8,7,1,1,1
SYN00003,188,4,897,0,8,7,1,1,1
SYN00003,189,4,897,0,8,7,1,1,1
SYN00003,190,4,875,1,8,7,1,1,1
SYN00003,191,4,875,1,8,7,1,1,1
SYN00003,192,4,851,0,8,7,1,1,1
SYN00003,193,4,851,0,8,7,1,1,1
SYN00003,194,4,836,1,8,7,1,1,1
SYN00003,195,4,836,1,8,7,1,1,1
SYN00003,196,4,818,0,8,7,1,1,1
SYN00003,197,4,818,0,8,7,1,1,1
SYN00003,198,4,809,1,8,7,1,1,1
SYN00003,199,4,809,1,8,7,1,1,1
SYN00003,200,4,804,0,8,7,1,1,1
SYN00003,201,4,804,0,8,7,1,1,1
SYN00003,202,4,785,1,8,7,1,1,1
SYN00003,203,4,785,1,8,7,1,1,1
SYN00003,204,1,769,0,8,7,1,1,1
SYN00003,205,4,757,1,8,7,1,1,1
SYN00003,206,4,745,0,8,7,1,1,1
SYN00003,207,4,745,0,8,7,1,1,1
SYN00003,208,4,737,1,8,7,1,1,1
SYN00003,209,4,737,1,8,7,1,1,1
SYN00003,210,4,726,0,8,7,1,1,1
SYN00003,211,4,726,0,8,7,1,1,1
SYN00003,212,4,720,1,8,7,1,1,1
SYN00003,213,4,720,1,8,7,1,1,1
SYN00003,214,4,720,0,8,7,1,1,1
SYN00003,215,4,720,0,8,7,1,1,1
SYN00003,216,4,712,0,8,7,1,1,1
SYN00003,217,4,712,0,8,7,1,1,1
SYN00003,218,4,705,1,8,7,1,1,1
SYN00003,219,4,705,1,8,7,1,1,1
SYN00003,220,4,683,0,8,7,1,1,1
SYN00003,221,4,683,0,8,7,1,1,1
SYN00003,222,4,662,1,8,8,1,1,1
SYN00003,223,4,645,0,8,8,1,1,1
SYN00003,224,4,645,0,8,8,1,1,1
SYN00003,225,4,638,1,8,8,1,1,1
SYN00003,226,4,614,0,9,8,1,1,1
SYN00003,227,4,602,1,9,9,1,1,1
SYN00003,228,4,596,0,10,9,1,1,1
SYN00003,229,7,572,1,10,9,1,1,1
SYN00003,230,7,563,0,10,9,1,1,1
SYN00003,231,7,563,0,10,9,1,1,1
SYN00003,232,9,552,1,10,9,1,1,1
SYN00003,233,9,537,0,10,9,1,1,1
SYN00003,234,9,537,0,10,9,1,1,1
SYN00003,235,9,529,1,10,9,1,1,1
SYN00003,236,9,529,1,10,9,1,1,1
SYN00003,237,7,523,0,10,9,1,1,1
SYN00003,238,9,501,1,10,9,1,1,1
SYN00003,239,9,489,0,10,9,1,1,1
SYN00003,240,9,489,0,10,9,1,1,1
SYN00003,241,12,484,1,10,9,1,1,1
SYN00003,242,12,479,0,10,9,1,1,1
SYN00003,243,12,479,0,10,9,1,1,1
SYN00003,244,12,469,1,10,9,1,1,1
SYN00003,245,12,455,0,10,9,1,1,1
SYN00003,246,12,455,0,10,9,1,1,1
SYN00003,247,12,432,1,10,9,1,1,1
SYN00003,248,12,432,1,10,9,1,1,1
SYN00003,249,12,427,0,11,9,1,1,1
SYN00003,250,12,418,1,11,9,1,1,1
SYN00003,251,12,418,1,11,9,1,1,1
SYN00003,252,12,412,0,12,9,1,1,1
SYN00003,253,12,388,1,12,9,1,1,1
SYN00003,254,12,388,1,12,9,1,1,1
SYN00003,255,9,378,0,12,9,1,1,1
SYN00003,256,11,354,1,12,9,1,1,1
SYN00003,257,11,343,0,12,9,1,1,1
SYN00003,258,11,343,0,12,9,1,1,1
SYN00003,259,11,337,1,12,9,1,1,1
SYN00003,260,11,337,1,12,9,1,1,1
SYN00003,261,11,322,0,12,9,1,1,1
SYN00003,262,11,322,0,12,9,1,1,1
SYN00003,263,11,307,1,12,10,1,1,1
SYN00003,264,9,284,0,12,10,1,1,1
SYN00003,265,9,265,1,12,10,1,1,1
SYN00003,266,9,265,1,12,10,1,1,1
SYN00003,267,7,256,0,12,10,1,1,1
SYN00003,268,7,243,1,12,10,1,1,1
SYN00003,269,7,243,1,12,10,1,1,1
SYN00003,270,7,237,0,12,10,1,1,1
SYN00003,271,7,237,0,12,10,1,1,1
SYN00003,272,9,219,1,12,10,1,1,1
SYN00003,273,9,205,0,12,10,1,1,1
SYN00003,274,9,205,0,12,10,1,1,1
SYN00003,275,9,196,1,12,10,1,1,1
SYN00003,276,9,196,1,12,10,1,1,1
SYN00003,277,7,181,0,12,10,1,1,1
SYN00003,278,9,159,1,12,10,1,1,1
SYN00003,279,9,144,0,12,10,1,1,1
SYN00003,280,9,144,0,12,10,1,1,1
SYN00003,281,11,132,1,12,10,1,1,1
SYN00003,282,11,121,0,13,10,1,1,1
SYN00003,283,11,102,1,13,10,1,1,1
SYN00003,284,11,102,1,13,10,1,1,1
SYN00003,285,9,88,0,13,10,1,1,1
SYN00003,286,11,74,1,13,10,1,1,1
SYN00003,287,11,63,0,13,10,1,1,1
SYN00003,288,11,63,0,13,10,1,1,1
SYN00003,289,14,49,1,13,10,1,1,1
SYN00003,290,14,31,0,13,10,1,1,1
SYN00003,291,14,31,0,13,10,1,1,1
SYN00003,292,14,16,1,13,10,1,1,1
SYN00003,293,14,16,1,13,10,1,1,1
SYN00003,294,14,0,0,14,10,1,1,1
SYN00003,295,14,0,1,14,10,1,1,1
SYN00004,1,0,2880,1,0,0,0,0,1
SYN00004,2,0,2874,1,0,0,0,0,1
SYN00004,3,0,2874,1,0,0,0,0,1
SYN00004,4,-2,2860,0,0,0,0,0,1
SYN00004,5,0,2854,1,0,0,0,0,1
SYN00004,6,-2,2831,0,0,0,0,0,1
SYN00004,7,-2,2818,1,0,0,0,0,1
SYN00004,8,-2,2818,1,0,0,0,0,1
SYN00004,9,-2,2813,0,0,0,0,0,1
SYN00004,10,-2,2813,0,0,0,0,0,1
SYN00004,11,-2,2808,1,0,0,0,0,1
SYN00004,12,-2,2808,1,0,0,0,0,1
SYN00004,13,-2,2793,0,0,0,0,0,1
SYN00004,14,-2,2775,1,0,0,0,0,1
SYN00004,15,-2,2775,1,0,0,0,0,1
SYN00004,16,-5,2760,0,0,0,0,0,1
SYN00004,17,-5,2741,1,0,0,0,0,1
SYN00004,18,-5,2741,1,0,0,0,0,1
SYN00004,19,-7,2718,0,0,0,0,0,1
SYN00004,20,-5,2694,1,0,0,0,0,1
SYN00004,21,-5,2689,0,0,0,0,0,1
SYN00004,22,-3,2680,1,0,0,0,0,1
SYN00004,23,-3,2664,0,0,0,0,0,1
SYN00004,24,-3,2664,0,0,0,0,0,1
SYN00004,25,-3,2640,1,0,0,0,0,1
SYN00004,26,-3,2640,1,0,0,0,0,1
SYN00004,27,-3,2627,0,0,0,0,0,1
SYN00004,28,-3,2627,0,0,0,0,0,1
SYN00004,29,-3,2613,1,0,0,0,0,1
SYN00004,30,-3,2613,1,0,0,0,0,1
SYN00004,31,-5,2597,0,0,0,0,0,1
SYN00004,32,-5,2592,1,0,0,0,0,1
SYN00004,33,-5,2592,1,0,0,0,0,1
SYN00004,34,-5,2576,0,0,0,0,0,1
SYN00004,35,-5,2564,1,0,0,0,0,1
SYN00004,36,-5,2564,1,0,0,0,0,1
SYN00004,37,-5,2540,0,0,0,0,0,1
SYN00004,38,-5,2534,1,0,0,0,0,1
SYN00004,39,-5,2534,1,0,0,0,0,1
SYN00004,40,-5,2524,0,0,0,0,0,1
SYN00004,41,-5,2524,0,0,0,0,0,1
SYN00004,42,-5,2514,1,0,0,0,0,1
SYN00004,43,-5,2514,1,0,0,0,0,1
SYN00004,44,-7,2498,0,0,0,0,0,1
SYN00004,45,-7,2478,1,0,0,0,0,1
SYN00004,46,-7,2478,1,0,0,0,0,1
SYN00004,47,-7,2461,0,0,0,0,0,1
SYN00004,48,-7,2461,0,0,0,0,0,1
SYN00004,49,-7,2456,1,0,0,0,0,1
SYN00004,50,-7,2451,0,1,0,0,0,1
SYN00004,51,-5,2434,1,1,0,0,0,1
SYN00004,52,-5,2411,0,1,0,0,0,1
SYN00004,53,-5,2411,0,1,0,0,0,1
SYN00004,54,-5,2399,1,1,1,0,0,1
SYN00004,55,-8,2394,0,1,1,0,0,1
SYN00004,56,-8,2378,1,1,1,0,0,1
SYN00004,57,-8,2378,1,1,1,0,0,1
SYN00004,58,-11,2364,0,1,1,0,0,1
SYN00004,59,-11,2341,1,1,1,0,0,1
SYN00004,60,-11,2341,1,1,1,0,0,1
SYN00004,61,-11,2328,0,1,1,0,0,1
SYN00004,62,-11,2328,0,1,1,0,0,1
SYN00004,63,-11,2314,1,1,2,0,0,1
SYN00004,64,-13,2309,0,1,2,0,0,1
SYN00004,65,-10,2285,1,1,2,0,0,1
SYN00004,66,-10,2279,0,1,2,0,0,1
SYN00004,67,-10,2279,0,1,2,0,0,1
SYN00004,68,-10,2263,1,1,3,0,0,1
SYN00004,69,-10,2244,0,1,3,0,0,1
SYN00004,70,-10,2244,0,1,3,0,0,1
SYN00004,71,-8,2230,1,1,3,0,0,1
SYN00004,72,-8,2225,0,1,3,0,0,1
SYN00004,73,-8,2211,1,1,3,0,0,1
SYN00004,74,-8,2195,0,2,3,0,0,1
SYN00004,75,-5,2185,1,2,3,0,0,1
SYN00004,76,-5,2170,0,2,3,0,0,1
SYN00004,77,-5,2170,0,2,3,0,0,1
SYN00004,78,-5,2164,1,2,3,0,0,1
SYN00004,79,-5,2164,1,2,3,0,0,1
SYN00004,80,-5,2160,0,3,3,0,0,1
SYN00004,81,-5,2160,1,3,3,0,0,1
SYN00004,82,-5,2160,1,3,3,0,0,1
SYN00004,83,-5,2139,1,3,3,0,0,1
SYN00004,84,-5,2139,1,3,3,0,0,1
SYN00004,85,-5,2134,0,4,3,0,0,1
SYN00004,86,-5,2119,1,4,4,0,0,1
SYN00004,87,-5,2111,0,4,4,0,0,1
SYN00004,88,-2,2091,1,4,4,0,0,1
SYN00004,89,-2,2079,0,4,4,0,0,1
SYN00004,90,-2,2079,0,4,4,0,0,1
SYN00004,91,-2,2057,1,4,4,0,0,1
SYN00004,92,-2,2057,1,4,4,0,0,1
SYN00004,93,-4,2037,0,4,4,0,0,1
SYN00004,94,-4,2026,1,4,4,0,0,1
SYN00004,95,-4,2026,1,4,4,0,0,1
SYN00004,96,-6,2013,0,4,4,0,0,1
SYN00004,97,-6,2006,1,4,4,0,0,1
SYN00004,98,-6,2006,1,4,4,0,0,1
SYN00004,99,-8,1988,0,4,4,0,0,1
SYN00004,100,-8,1973,1,4,4,0,0,1
SYN00004,101,-8,1973,1,4,4,0,0,1
SYN00004,102,-8,1951,0,4,4,0,0,1
SYN00004,103,-8,1951,0,4,4,0,0,1
SYN00004,104,-8,1938,1,4,4,0,0,1
SYN00004,105,-8,1938,1,4,4,0,0,1
SYN00004,106,-8,1921,0,4,4,0,0,1
SYN00004,107,-8,1921,0,4,4,0,0,1
SYN00004,108,-6,1903,1,4,4,0,0,1
SYN00004,109,-6,1882,0,4,4,0,0,1
SYN00004,110,-6,1882,0,4,4,0,0,1
SYN00004,111,-6,1865,1,4,4,0,0,1
SYN00004,112,-6,1865,1,4,4,0,0,1
SYN00004,113,-6,1858,0,4,4,0,0,1
SYN00004,114,-6,1858,0,4,4,0,0,1
SYN00004,115,-6,1852,1,4,4,0,0,1
SYN00004,116,-6,1852,1,4,4,0,0,1
SYN00004,117,-8,1833,0,4,4,0,0,1
SYN00004,118,-8,1810,1,4,5,0,1,1
SYN00004,119,-11,1790,0,4,5,0,1,1
SYN00004,120,-9,1773,1,4,5,0,1,1
SYN00004,121,-11,1752,0,4,5,0,1,1
SYN00004,122,-9,1730,1,4,5,0,1,1
SYN00004,123,-9,1710,0,4,5,0,1,1
SYN00004,124,-9,1710,0,4,5,0,1,1
SYN00004,125,-7,1690,1,4,5,0,1,1
SYN00004,126,-7,1669,0,4,5,0,1,1
SYN00004,127,-7,1669,0,4,5,0,1,1
SYN00004,128,-5,1653,1,4,5,0,1,1
SYN00004,129,-5,1634,0,4,5,0,1,1
SYN00004,130,-5,1628,1,4,5,0,1,1
SYN00004,131,-5,1628,1,4,5,0,1,1
SYN00004,132,-5,1610,0,4,5,0,1,1
SYN00004,133,-2,1601,1,4,5,0,1,1
SYN00004,134,-4,1585,0,4,5,0,1,1
SYN00004,135,-4,1578,1,4,5,0,1,1
SYN00004,136,-4,1578,1,4,5,0,1,1
SYN00004,137,-4,1570,0,4,5,0,1,1
SYN00004,138,-4,1570,0,4,5,0,1,1
SYN00004,139,-2,1560,1,4,5,0,1,1
SYN00004,140,-2,1551,0,4,5,0,1,1
SYN00004,141,-2,1551,0,4,5,0,1,1
SYN00004,142,1,1530,1,4,5,0,1,1
SYN00004,143,-1,1508,0,4,5,0,1,1
SYN00004,144,-1,1498,1,4,5,0,1,1
SYN00004,145,-1,1498,1,4,5,0,1,1
SYN00004,146,-4,1485,0,4,5,0,1,1
SYN00004,147,-2,1465,1,4,5,0,1,1
SYN00004,148,-2,1451,0,4,5,0,1,1
SYN00004,149,-2,1451,0,4,5,0,1,1
SYN00004,150,-2,1440,1,4,5,0,1,1
SYN00004,151,-2,1440,1,4,5,0,1,1
SYN00004,152,-2,1440,0,4,5,0,1,1
SYN00004,153,-2,1440,0,4,5,0,1,1
SYN00004,154,-2,1426,0,4,5,0,1,1
SYN00004,155,-2,1426,0,4,5,0,1,1
SYN00004,156,-2,1413,1,4,5,0,1,1
SYN00004,157,-2,1413,1,4,5,0,1,1
SYN00004,158,-2,1404,0,4,5,0,1,1
SYN00004,159,-2,1404,0,4,5,0,1,1
SYN00004,160,0,1381,1,4,5,0,1,1
SYN00004,161,0,1374,0,5,5,1,1,1
SYN00004,162,0,1355,1,5,5,1,1,1
SYN00004,163,0,1355,1,5,5,1,1,1
SYN00004,164,0,1350,0,5,5,1,1,1
SYN00004,165,0,1327,1,5,5,1,1,1
SYN00004,166,0,1327,1,5,5,1,1,1
SYN00004,167,-3,1309,0,5,5,1,1,1
SYN00004,168,0,1302,1,5,5,1,1,1
SYN00004,169,-2,1297,0,5,5,1,1,1
SYN00004,170,-2,1291,1,5,5,1,1,1
SYN00004,171,-2,1291,1,5,5,1,1,1
SYN00004,172,-4,1274,0,5,5,1,1,1
SYN00004,173,-2,1267,1,5,5,1,1,1
SYN00004,174,-2,1260,0,5,5,1,1,1
SYN00004,175,-2,1260,0,5,5,1,1,1
SYN00004,176,-2,1254,1,5,5,1,1,1
SYN00004,177,-2,1254,1,5,5,1,1,1
SYN00004,178,-2,1234,0,5,5,1,1,1
SYN00004,179,-2,1234,0,5,5,1,1,1
SYN00004,180,-2,1225,1,5,5,1,1,1
SYN00004,181,-2,1225,1,5,5,1,1,1
SYN00004,182,-2,1216,0,5,5,1,1,1
SYN00004,183,-2,1216,0,5,5,1,1,1
SYN00004,184,-2,1211,1,5,5,1,1,1
SYN00004,185,-2,1211,1,5,5,1,1,1
SYN00004,186,-2,1204,0,5,5,1,1,1
SYN00004,187,-2,1204,0,5,5,1,1,1
SYN00004,188,-2,1190,1,5,5,1,1,1
SYN00004,189,-2,1190,1,5,5,1,1,1
SYN00004,190,-2,1176,0,5,5,1,1,1
SYN00004,191,-2,1176,0,5,5,1,1,1
SYN00004,192,0,1154,1,5,5,1,1,1
SYN00004,193,0,1143,0,5,5,1,1,1
SYN00004,194,0,1143,0,5,5,1,1,1
SYN00004,195,2,1123,1,5,5,1,1,1
SYN00004,196,2,1108,0,5,5,1,1,1
SYN00004,197,2,1108,0,5,5,1,1,1
SYN00004,198,2,1103,1,5,5,1,1,1
SYN00004,199,2,1103,1,5,5,1,1,1
SYN00004,200,2,1088,0,6,5,1,1,1
SYN00004,201,4,1076,1,6,5,1,1,1
SYN00004,202,1,1065,0,6,5,1,1,1
SYN00004,203,3,1046,1,6,5,1,1,1
SYN00004,204,1,1028,0,6,5,1,1,1
SYN00004,205,4,1021,1,6,5,1,1,1
SYN00004,206,4,999,0,6,5,1,1,1
SYN00004,207,4,999,0,6,5,1,1,1
SYN00004,208,6,985,1,6,5,1,1,1
SYN00004,209,3,974,0,6,5,1,1,1
SYN00004,210,6,967,1,6,5,1,1,1
SYN00004,211,6,954,0,6,5,1,1,1
SYN00004,212,6,954,0,6,5,1,1,1
SYN00004,213,8,945,1,6,5,1,1,1
SYN00004,214,8,926,0,6,5,1,1,1
SYN00004,215,8,926,0,6,5,1,1,1
SYN00004,216,10,911,1,6,5,1,1,1
SYN00004,217,8,898,0,6,5,1,1,1
SYN00004,218,10,886,1,6,5,1,1,1
SYN00004,219,10,877,0,6,5,1,1,1
SYN00004,220,10,877,0,6,5,1,1,1
SYN00004,221,10,870,1,6,5,1,1,1
SYN00004,222,10,870,1,6,5,1,1,1
SYN00004,223,7,852,0,6,5,1,1,1
SYN00004,224,7,836,1,6,5,1,1,1
SYN00004,225,5,825,0,6,5,1,1,1
SYN00004,226,5,809,1,6,6,1,1,1
SYN00004,227,3,789,0,6,6,1,1,1
SYN00004,228,5,776,1,6,6,1,1,1
SYN00004,229,5,756,0,6,6,1,1,1
SYN00004,230,5,756,0,6,6,1,1,1
SYN00004,231,5,742,1,6,7,1,1,1
SYN00004,232,5,720,0,7,7,1,1,1
SYN00004,233,5,720,1,7,7,1,1,1
SYN00004,234,5,720,1,7,7,1,1,1
SYN00004,235,5,715,1,7,7,1,1,1
SYN00004,236,5,715,1,7,7,1,1,1
SYN00004,237,5,709,0,7,7,1,1,1
SYN00004,238,7,693,1,7,7,1,1,1
SYN00004,239,7,677,0,7,7,1,1,1
SYN00004,240,10,663,1,7,7,1,1,1
SYN00004,241,10,641,0,7,7,1,1,1
SYN00004,242,13,631,1,7,7,1,1,1
SYN00004,243,11,625,0,7,7,1,1,1
SYN00004,244,13,616,1,7,7,1,1,1
SYN00004,245,11,606,0,7,7,1,1,1
SYN00004,246,13,586,1,7,7,1,1,1
SYN00004,247,13,574,0,7,7,1,1,1
SYN00004,248,15,554,1,7,7,1,1,1
SYN00004,249,15,542,0,7,7,1,1,1
SYN00004,250,15,520,1,7,8,1,1,1
SYN00004,251,13,507,0,7,8,1,1,1
SYN00004,252,13,485,1,7,8,1,1,1
SYN00004,253,13,485,1,7,8,1,1,1
SYN00004,254,11,463,0,7,8,1,1,1
SYN00004,255,11,457,1,7,8,1,1,1
SYN00004,256,11,457,1,7,8,1,1,1
SYN00004,257,11,445,0,8,8,1,1,1
SYN00004,258,11,435,1,8,8,1,1,1
SYN00004,259,8,422,0,8,8,1,1,1
SYN00004,260,8,401,1,8,8,1,1,1
SYN00004,261,8,378,0,8,8,1,1,1
SYN00004,262,8,378,0,8,8,1,1,1
SYN00004,263,8,367,1,8,8,1,1,1
SYN00004,264,8,367,1,8,8,1,1,1
SYN00004,265,6,360,0,8,8,1,1,1
SYN00004,266,6,336,1,8,8,1,1,1
SYN00004,267,6,336,1,8,8,1,1,1
SYN00004,268,6,321,0,9,8,1,1,1
SYN00004,269,8,302,1,9,8,1,1,1
SYN00004,270,6,284,0,9,8,1,1,1
SYN00004,271,6,272,1,9,8,1,1,1
SYN00004,272,6,251,0,9,8,1,1,1
SYN00004,273,6,251,0,9,8,1,1,1
SYN00004,274,6,242,1,9,8,1,1,1
SYN00004,275,6,242,1,9,8,1,1,1
SYN00004,276,3,235,0,9,8,1,1,1
SYN00004,277,3,214,1,9,8,1,1,1
SYN00004,278,3,214,1,9,8,1,1,1
SYN00004,279,3,207,0,9,8,1,1,1
SYN00004,280,3,207,0,9,8,1,1,1
SYN00004,281,3,189,1,9,9,1,1,1
SYN00004,282,3,173,0,9,9,1,1,1
SYN00004,283,3,173,0,9,9,1,1,1
SYN00004,284,3,153,1,9,9,1,1,1
SYN00004,285,3,139,0,9,9,1,1,1
SYN00004,286,3,139,0,9,9,1,1,1
SYN00004,287,3,116,1,9,9,1,1,1
SYN00004,288,3,99,0,9,9,1,1,1
SYN00004,289,3,99,0,9,9,1,1,1
SYN00004,290,5,76,1,9,9,1,1,1
SYN00004,291,3,63,0,9,9,1,1,1
SYN00004,292,3,40,1,9,9,1,1,1
SYN00004,293,3,40,1,9,9,1,1,1
SYN00004,294,1,17,0,9,9,1,1,1
SYN00004,295,1,0,1,9,9,1,1,1
SYN00004,296,1,0,1,9,9,1,1,1
SYN00004,297,1,0,0,9,9,1,1,1
SYN00005,1,0,2880,0,0,0,0,0,0
SYN00005,2,0,2856,0,0,0,0,0,0
SYN00005,3,0,2856,0,0,0,0,0,0
SYN00005,4,0,2851,1,0,0,0,0,0
SYN00005,5,0,2851,1,0,0,0,0,0
SYN00005,6,-2,2831,0,0,0,0,0,0
SYN00005,7,0,2816,1,0,0,0,0,0
SYN00005,8,-2,2797,0,0,0,0,0,0
SYN00005,9,1,2784,1,0,0,0,0,0
SYN00005,10,-1,2762,0,0,0,0,0,0
SYN00005,11,1,2756,1,0,0,0,0,0
SYN00005,12,-1,2741,0,0,0,0,0,0
SYN00005,13,2,2725,1,0,0,0,0,0
SYN00005,14,2,2710,0,0,0,0,0,0
SYN00005,15,2,2710,0,0,0,0,0,0
SYN00005,16,4,2700,1,0,0,0,0,0
SYN00005,17,4,2690,0,1,0,0,0,0
SYN00005,18,4,2678,1,1,0,0,0,0
SYN00005,19,4,2678,1,1,0,0,0,0
SYN00005,20,1,2670,0,1,0,0,0,0
SYN00005,21,1,2657,1,1,0,0,0,0
SYN00005,22,1,2657,1,1,0,0,0,0
SYN00005,23,-1,2642,0,1,0,0,0,0
SYN00005,24,-1,2625,1,1,0,0,0,0
SYN00005,25,-1,2625,1,1,0,0,0,0
SYN00005,26,-3,2605,0,1,0,0,0,0
SYN00005,27,0,2597,1,1,0,0,0,0
SYN00005,28,-3,2576,0,1,0,0,0,0
SYN00005,29,-3,2561,1,1,0,0,0,0
SYN00005,30,-3,2561,1,1,0,0,0,0
SYN00005,31,-3,2548,0,1,0,0,0,0
SYN00005,32,-3,2525,1,1,0,0,0,0
SYN00005,33,-3,2525,1,1,0,0,0,0
SYN00005,34,-3,2515,0,1,0,0,0,0
SYN00005,35,-3,2515,0,1,0,0,0,0
SYN00005,36,-3,2503,1,1,0,0,0,0
SYN00005,37,-3,2503,1,1,0,0,0,0
SYN00005,38,-3,2485,0,1,0,0,0,0
SYN00005,39,-3,2485,0,1,0,0,0,0
SYN00005,40,-1,2469,1,1,0,0,0,0
SYN00005,41,-1,2446,0,1,0,0,0,0
SYN00005,42,-1,2446,0,1,0,0,0,0
SYN00005,43,-1,2430,1,1,0,0,0,0
SYN00005,44,-1,2430,1,1,0,0,0,0
SYN00005,45,-1,2424,0,1,0,0,0,0
SYN00005,46,-1,2403,1,1,0,0,0,0
SYN00005,47,-1,2389,0,1,0,0,0,0
SYN00005,48,-1,2389,0,1,0,0,0,0
SYN00005,49,1,2373,1,1,0,0,0,0
SYN00005,50,1,2353,0,1,0,0,0,0
SYN00005,51,1,2353,0,1,0,0,0,0
SYN00005,52,1,2336,1,1,0,0,0,0
SYN00005,53,-1,2323,0,1,0,0,0,0
SYN00005,54,-1,2303,1,1,0,0,0,0
SYN00005,55,-1,2303,1,1,0,0,0,0
SYN00005,56,-1,2279,0,1,0,0,0,0
SYN00005,57,-1,2279,0,1,0,0,0,0
SYN00005,58,-1,2264,1,1,1,0,0,0
SYN00005,59,-1,2251,0,1,1,0,0,0
SYN00005,60,-1,2251,0,1,1,0,0,0
SYN00005,61,1,2233,1,1,1,0,0,0
SYN00005,62,1,2216,0,1,1,0,0,0
SYN00005,63,1,2216,0,1,1,0,0,0
SYN00005,64,3,2208,1,1,1,0,0,0
SYN00005,65,1,2185,0,1,1,0,0,0
SYN00005,66,1,2173,1,1,1,0,0,0
SYN00005,67,1,2173,1,1,1,0,0,0
SYN00005,68,1,2160,0,1,1,0,0,0
SYN00005,69,1,2160,0,1,1,0,0,0
SYN00005,70,1,2160,1,1,1,0,0,0
SYN00005,71,1,2160,1,1,1,0,0,0
SYN00005,72,1,2150,1,1,1,0,0,0
SYN00005,73,1,2150,1,1,1,0,0,0
SYN00005,74,-1,2133,0,1,1,0,0,0
SYN00005,75,-1,2113,1,1,1,0,0,0
SYN00005,76,-1,2113,1,1,1,0,0,0
SYN00005,77,-1,2104,0,1,1,0,0,0
SYN00005,78,-1,2104,0,1,1,0,0,0
SYN00005,79,-1,2090,1,1,1,0,0,0
SYN00005,80,-4,2075,0,1,1,0,0,0
SYN00005,81,-4,2070,1,1,1,0,0,0
SYN00005,82,-4,2070,1,1,1,0,0,0
SYN00005,83,-4,2053,0,1,1,0,0,0
SYN00005,84,-4,2053,0,1,1,0,0,0
SYN00005,85,-4,2044,1,1,1,0,0,0
SYN00005,86,-4,2032,0,1,1,0,0,0
SYN00005,87,-4,2032,0,1,1,0,0,0
SYN00005,88,-4,2015,1,1,1,0,0,0
SYN00005,89,-4,2015,1,1,1,0,0,0
SYN00005,90,-4,1998,0,1,1,0,0,0
SYN00005,91,-4,1998,0,1,1,0,0,0
SYN00005,92,-4,1974,1,1,1,0,0,0
SYN00005,93,-4,1974,1,1,1,0,0,0
SYN00005,94,-4,1962,0,1,1,0,0,0
SYN00005,95,-4,1962,0,1,1,0,0,0
SYN00005,96,-2,1955,1,1,1,0,0,0
SYN00005,97,-2,1940,0,1,1,0,0,0
SYN00005,98,-2,1940,0,1,1,0,0,0
SYN00005,99,-2,1931,1,1,1,0,0,0
SYN00005,100,-2,1931,1,1,1,0,0,0
SYN00005,101,-4,1908,0,1,1,0,0,0
SYN00005,102,-4,1889,1,1,1,0,0,0
SYN00005,103,-4,1877,0,1,1,0,0,0
SYN00005,104,-4,1877,0,1,1,0,0,0
SYN00005,105,-4,1856,1,1,1,0,0,0
SYN00005,106,-4,1856,1,1,1,0,0,0
SYN00005,107,-6,1845,0,1,1,0,0,0
SYN00005,108,-6,1835,1,1,2,0,0,0
SYN00005,109,-8,1814,0,1,2,0,0,0
SYN00005,110,-6,1801,1,1,2,0,0,0
SYN00005,111,-9,1780,0,1,2,0,0,0
SYN00005,112,-9,1774,1,1,2,0,0,0
SYN00005,113,-9,1774,1,1,2,0,0,0
SYN00005,114,-9,1761,0,2,2,0,0,0
SYN00005,115,-9,1741,1,2,2,0,0,0
SYN00005,116,-9,1741,1,2,2,0,0,0
SYN00005,117,-9,1717,0,2,2,0,0,0
SYN00005,118,-9,1717,0,2,2,0,0,0
SYN00005,119,-9,1709,1,2,2,0,0,0
SYN00005,120,-9,1709,1,2,2,0,0,0
SYN00005,121,-11,1702,0,2,2,0,0,0
SYN00005,122,-11,1691,1,2,2,0,0,0
SYN00005,123,-11,1691,1,2,2,0,0,0
SYN00005,124,-11,1680,0,2,2,0,0,0
SYN00005,125,-11,1680,0,2,2,0,0,0
SYN00005,126,-9,1675,1,2,2,0,0,0
SYN00005,127,-9,1664,0,2,2,0,0,0
SYN00005,128,-9,1664,0,2,2,0,0,0
SYN00005,129,-9,1654,1,2,2,0,0,0
SYN00005,130,-9,1654,1,2,2,0,0,0
SYN00005,131,-9,1640,0,2,2,0,0,0
SYN00005,132,-9,1630,1,2,2,0,0,0
SYN00005,133,-9,1630,1,2,2,0,0,0
SYN00005,134,-11,1611,0,2,2,0,0,0
SYN00005,135,-11,1602,1,2,2,0,0,0
SYN00005,136,-11,1602,1,2,2,0,0,0
SYN00005,137,-11,1595,0,2,2,0,0,0
SYN00005,138,-11,1595,0,2,2,0,0,0
SYN00005,139,-11,1586,1,2,2,0,0,0
SYN00005,140,-11,1586,1,2,2,0,0,0
SYN00005,141,-11,1575,0,2,2,0,0,0
SYN00005,142,-11,1575,0,2,2,0,0,0
SYN00005,143,-11,1564,1,2,2,0,0,0
SYN00005,144,-11,1564,1,2,2,0,0,0
SYN00005,145,-11,1547,0,2,2,0,0,0
SYN00005,146,-11,1529,1,2,2,0,0,0
SYN00005,147,-11,1524,0,2,2,0,0,0
SYN00005,148,-9,1501,1,2,2,0,0,0
SYN00005,149,-11,1494,0,2,2,0,0,0
SYN00005,150,-11,1471,1,2,2,0,0,0
SYN00005,151,-11,1471,1,2,2,0,0,0
SYN00005,152,-11,1456,0,2,2,0,0,0
SYN00005,153,-11,1456,0,2,2,0,0,0
SYN00005,154,-11,1445,1,2,3,0,0,0
SYN00005,155,-11,1440,0,2,3,0,0,0
SYN00005,156,-11,1440,0,2,3,0,0,0
SYN00005,157,-11,1440,1,2,3,0,0,0
SYN00005,158,-11,1440,1,2,3,0,0,0
SYN00005,159,-11,1432,1,2,3,0,0,0
SYN00005,160,-11,1432,1,2,3,0,0,0
SYN00005,161,-11,1413,0,2,3,0,0,0
SYN00005,162,-11,1413,0,2,3,0,0,0
SYN00005,163,-11,1390,1,2,3,0,0,0
SYN00005,164,-11,1390,1,2,3,0,0,0
SYN00005,165,-11,1380,0,2,3,0,0,0
SYN00005,166,-11,1380,0,2,3,0,0,0
SYN00005,167,-11,1360,1,2,3,0,0,0
SYN00005,168,-11,1360,1,2,3,0,0,0
SYN00005,169,-14,1352,0,2,3,0,0,0
SYN00005,170,-12,1340,1,2,3,0,0,0
SYN00005,171,-12,1317,0,2,3,0,0,0
SYN00005,172,-12,1317,0,2,3,0,0,0
SYN00005,173,-12,1311,1,2,3,0,0,0
SYN00005,174,-12,1311,1,2,3,0,0,0
SYN00005,175,-15,1305,0,2,3,0,0,0
SYN00005,176,-15,1293,1,2,3,0,0,0
SYN00005,177,-15,1293,1,2,3,0,0,0
SYN00005,178,-17,1270,0,2,3,0,0,0
SYN00005,179,-17,1251,1,2,4,0,0,0
SYN00005,180,-19,1243,0,2,4,0,0,0
SYN00005,181,-19,1222,1,2,4,0,0,0
SYN00005,182,-19,1201,0,2,4,0,0,0
SYN00005,183,-19,1201,0,2,4,0,0,0
SYN00005,184,-19,1196,1,2,5,0,1,0
SYN00005,185,-19,1191,0,2,5,0,1,0
SYN00005,186,-19,1191,0,2,5,0,1,0
SYN00005,187,-19,1167,1,2,5,0,1,0
SYN00005,188,-19,1167,1,2,5,0,1,0
SYN00005,189,-22,1145,0,2,5,0,1,0
SYN00005,190,-20,1140,1,2,5,0,1,0
SYN00005,191,-23,1119,0,2,5,0,1,0
SYN00005,192,-23,1108,1,2,5,0,1,0
SYN00005,193,-23,1108,1,2,5,0,1,0
SYN00005,194,-23,1101,0,2,5,0,1,0
SYN00005,195,-23,1101,0,2,5,0,1,0
SYN00005,196,-21,1094,1,2,5,0,1,0
SYN00005,197,-23,1081,0,2,5,0,1,0
SYN00005,198,-23,1057,1,2,5,0,1,0
SYN00005,199,-23,1057,1,2,5,0,1,0
SYN00005,200,-23,1052,0,3,5,0,1,0
SYN00005,201,-23,1046,1,3,5,0,1,0
SYN00005,202,-26,1022,0,3,5,0,1,0
SYN00005,203,-26,1004,1,3,5,0,1,0
SYN00005,204,-26,1004,1,3,5,0,1,0
SYN00005,205,-26,997,0,3,5,0,1,0
SYN00005,206,-26,997,0,3,5,0,1,0
SYN00005,207,-26,992,1,3,5,0,1,0
SYN00005,208,-26,992,1,3,5,0,1,0
SYN00005,209,-28,974,0,3,5,0,1,0
SYN00005,210,-26,960,1,3,5,0,1,0
SYN00005,211,-28,946,0,3,5,0,1,0
SYN00005,212,-28,938,1,3,5,0,1,0
SYN00005,213,-28,928,0,3,5,0,1,0
SYN00005,214,-28,928,0,3,5,0,1,0
SYN00005,215,-26,913,1,3,5,0,1,0
SYN00005,216,-26,891,0,4,5,0,1,0
SYN00005,217,-26,879,1,4,5,0,1,0
SYN00005,218,-26,879,1,4,5,0,1,0
SYN00005,219,-26,864,0,5,5,1,1,0
SYN00005,220,-26,852,1,5,5,1,1,0
SYN00005,221,-26,852,1,5,5,1,1,0
SYN00005,222,-26,844,0,6,5,1,1,0
SYN00005,223,-24,829,1,6,5,1,1,0
SYN00005,224,-24,807,0,6,5,1,1,0
SYN00005,225,-24,788,1,6,5,1,1,0
SYN00005,226,-24,767,0,7,5,1,1,0
SYN00005,227,-24,745,1,7,5,1,1,0
SYN00005,228,-24,745,1,7,5,1,1,0
SYN00005,229,-24,724,0,7,5,1,1,0
SYN00005,230,-24,724,0,7,5,1,1,0
SYN00005,231,-24,720,1,7,5,1,1,0
SYN00005,232,-24,720,1,7,5,1,1,0
SYN00005,233,-24,720,0,7,5,1,1,0
SYN00005,234,-24,720,0,7,5,1,1,0
SYN00005,235,-24,702,0,7,5,1,1,0
SYN00005,236,-24,702,0,7,5,1,1,0
SYN00005,237,-24,678,1,7,5,1,1,0
SYN00005,238,-24,678,1,7,5,1,1,0
SYN00005,239,-26,666,0,7,5,1,1,0
SYN00005,240,-26,655,1,7,5,1,1,0
SYN00005,241,-26,655,1,7,5,1,1,0
SYN00005,242,-26,631,0,8,5,1,1,0
SYN00005,243,-26,614,1,8,5,1,1,0
SYN00005,244,-26,614,1,8,5,1,1,0
SYN00005,245,-26,592,0,9,5,1,1,0
SYN00005,246,-26,576,1,9,6,1,1,0
SYN00005,247,-26,554,0,9,6,1,1,0
SYN00005,248,-26,534,1,9,6,1,1,0
SYN00005,249,-26,534,1,9,6,1,1,0
SYN00005,250,-26,515,0,9,6,1,1,0
SYN00005,251,-23,507,1,9,6,1,1,0
SYN00005,252,-23,497,0,9,6,1,1,0
SYN00005,253,-23,497,0,9,6,1,1,0
SYN00005,254,-21,478,1,9,6,1,1,0
SYN00005,255,-21,466,0,9,6,1,1,0
SYN00005,256,-19,455,1,9,6,1,1,0
SYN00005,257,-19,450,0,9,6,1,1,0
SYN00005,258,-19,450,0,9,6,1,1,0
SYN00005,259,-19,440,1,9,6,1,1,0
SYN00005,260,-19,440,1,9,6,1,1,0
SYN00005,261,-19,430,0,10,6,1,1,0
SYN00005,262,-19,410,1,10,6,1,1,0
SYN00005,263,-19,404,0,10,6,1,1,0
SYN00005,264,-19,404,0,10,6,1,1,0
SYN00005,265,-19,392,1,10,7,1,1,0
SYN00005,266,-19,378,0,11,7,1,1,0
SYN00005,267,-17,369,1,11,7,1,1,0
SYN00005,268,-17,359,0,11,7,1,1,0
SYN00005,269,-17,346,1,11,7,1,1,0
SYN00005,270,-17,346,1,11,7,1,1,0
SYN00005,271,-19,338,0,11,7,1,1,0
SYN00005,272,-17,321,1,11,7,1,1,0
SYN00005,273,-17,310,0,11,7,1,1,0
SYN00005,274,-17,310,0,11,7,1,1,0
SYN00005,275,-14,298,1,11,7,1,1,0
SYN00005,276,-14,293,0,12,7,1,1,0
SYN00005,277,-12,276,1,12,7,1,1,0
SYN00005,278,-14,256,0,12,7,1,1,0
SYN00005,279,-12,234,1,12,7,1,1,0
SYN00005,280,-12,214,0,12,7,1,1,0
SYN00005,281,-12,214,0,12,7,1,1,0
SYN00005,282,-10,196,1,12,7,1,1,0
SYN00005,283,-13,183,0,12,7,1,1,0
SYN00005,284,-13,168,1,12,7,1,1,0
SYN00005,285,-13,168,1,12,7,1,1,0
SYN00005,286,-16,148,0,12,7,1,1,0
SYN00005,287,-16,130,1,12,7,1,1,0
SYN00005,288,-16,130,1,12,7,1,1,0
SYN00005,289,-18,109,0,12,7,1,1,0
SYN00005,290,-18,89,1,12,7,1,1,0
SYN00005,291,-18,89,1,12,7,1,1,0
SYN00005,292,-18,80,0,13,7,1,1,0
SYN00005,293,-16,61,1,13,7,1,1,0
SYN00005,294,-16,45,0,14,7,1,1,0
SYN00005,295,-16,25,1,14,7,1,1,0
SYN00005,296,-16,25,1,14,7,1,1,0
SYN00005,297,-16,4,0,14,7,1,1,0
SYN00005,298,-16,4,0,14,7,1,1,0
SYN00005,299,-16,0,1,14,7,1,1,0
SYN00005,300,-16,0,1,14,7,1,1,0
SYN00005,301,-16,0,0,14,7,1,1,0
SYN00006,1,0,2880,0,0,0,0,0,0
SYN00006,2,0,2874,0,0,0,0,0,0
SYN00006,3,0,2874,0,0,0,0,0,0
SYN00006,4,0,2864,1,0,0,0,0,0
SYN00006,5,0,2864,1,0,0,0,0,0
SYN00006,6,-2,2857,0,0,0,0,0,0
SYN00006,7,-2,2848,1,0,0,0,0,0
SYN00006,8,-2,2848,1,0,0,0,0,0
SYN00006,9,-4,2825,0,0,0,0,0,0
SYN00006,10,-4,2815,1,0,1,0,0,0
SYN00006,11,-7,2795,0,0,1,0,0,0
SYN00006,12,-7,2775,1,0,1,0,0,0
SYN00006,13,-7,2775,1,0,1,0,0,0
SYN00006,14,-10,2764,0,0,1,0,0,0
SYN00006,15,-8,2745,1,0,1,0,0,0
SYN00006,16,-8,2735,0,0,1,0,0,0
SYN00006,17,-8,2735,0,0,1,0,0,0
SYN00006,18,-6,2725,1,0,1,0,0,0
SYN00006,19,-6,2712,0,0,1,0,0,0
SYN00006,20,-6,2712,0,0,1,0,0,0
SYN00006,21,-6,2695,1,0,1,0,0,0
SYN00006,22,-6,2683,0,0,1,0,0,0
SYN00006,23,-6,2683,0,0,1,0,0,0
SYN00006,24,-6,2674,1,0,1,0,0,0
SYN00006,25,-6,2674,1,0,1,0,0,0
SYN00006,26,-6,2668,0,0,1,0,0,0
SYN00006,27,-6,2650,1,0,1,0,0,0
SYN00006,28,-9,2627,0,0,1,0,0,0
SYN00006,29,-9,2604,1,0,1,0,0,0
SYN00006,30,-9,2604,1,0,1,0,0,0
SYN00006,31,-12,2591,0,0,1,0,0,0
SYN00006,32,-12,2573,1,0,1,0,0,0
SYN00006,33,-12,2573,1,0,1,0,0,0
SYN00006,34,-12,2559,0,1,1,0,0,0
SYN00006,35,-9,2549,1,1,1,0,0,0
SYN00006,36,-9,2532,0,1,1,0,0,0
SYN00006,37,-9,2532,0,1,1,0,0,0
SYN00006,38,-9,2512,1,1,1,0,0,0
SYN00006,39,-9,2512,1,1,1,0,0,0
SYN00006,40,-9,2490,0,1,1,0,0,0
SYN00006,41,-9,2490,0,1,1,0,0,0
SYN00006,42,-9,2477,1,1,1,0,0,0
SYN00006,43,-9,2477,1,1,1,0,0,0
SYN00006,44,-12,2464,0,1,1,0,0,0
SYN00006,45,-12,2443,1,1,1,0,0,0
SYN00006,46,-12,2443,1,1,1,0,0,0
SYN00006,47,-15,2437,0,1,1,0,0,0
SYN00006,48,-15,2422,1,1,1,0,0,0
SYN00006,49,-15,2422,1,1,1,0,0,0
SYN00006,50,-15,2407,0,1,1,0,0,0
SYN00006,51,-15,2407,0,1,1,0,0,0
SYN00006,52,-15,2392,1,1,1,0,0,0
SYN00006,53,-15,2392,1,1,1,0,0,0
SYN00006,54,-15,2385,0,1,1,0,0,0
SYN00006,55,-15,2385,0,1,1,0,0,0
SYN00006,56,-13,2368,1,1,1,0,0,0
SYN00006,57,-13,2352,0,1,1,0,0,0
SYN00006,58,-13,2352,0,1,1,0,0,0
SYN00006,59,-13,2343,1,1,1,0,0,0
SYN00006,60,-13,2343,1,1,1,0,0,0
SYN00006,61,-13,2335,0,2,1,0,0,0
SYN00006,62,-13,2326,1,2,1,0,0,0
SYN00006,63,-13,2326,1,2,1,0,0,0
SYN00006,64,-13,2306,0,2,1,0,0,0
SYN00006,65,-13,2306,0,2,1,0,0,0
SYN00006,66,-10,2290,1,2,1,0,0,0
SYN00006,67,-12,2270,0,2,1,0,0,0
SYN00006,68,-12,2262,1,2,1,0,0,0
SYN00006,69,-12,2262,1,2,1,0,0,0
SYN00006,70,-14,2251,0,2,1,0,0,0
SYN00006,71,-14,2237,1,2,1,0,0,0
SYN00006,72,-14,2237,1,2,1,0,0,0
SYN00006,73,-16,2213,0,2,1,0,0,0
SYN00006,74,-16,2208,1,2,1,0,0,0
SYN00006,75,-16,2208,1,2,1,0,0,0
SYN00006,76,-16,2195,0,3,1,0,0,0
SYN00006,77,-16,2190,1,3,1,0,0,0
SYN00006,78,-16,2190,1,3,1,0,0,0
SYN00006,79,-16,2185,0,3,1,0,0,0
SYN00006,80,-14,2175,1,3,1,0,0,0
SYN00006,81,-14,2167,0,4,1,0,0,0
SYN00006,82,-14,2160,1,4,1,0,0,0
SYN00006,83,-14,2160,1,4,1,0,0,0
SYN00006,84,-14,2160,0,4,1,0,0,0
SYN00006,85,-14,2160,0,4,1,0,0,0
SYN00006,86,-16,2153,0,4,1,0,0,0
SYN00006,87,-14,2133,1,4,1,0,0,0
SYN00006,88,-16,2126,0,4,1,0,0,0
SYN00006,89,-16,2102,1,4,2,0,0,0
SYN00006,90,-16,2089,0,4,2,0,0,0
SYN00006,91,-13,2074,1,4,2,0,0,0
SYN00006,92,-13,2050,0,4,2,0,0,0
SYN00006,93,-13,2050,0,4,2,0,0,0
SYN00006,94,-11,2032,1,4,2,0,0,0
SYN00006,95,-13,2025,0,4,2,0,0,0
SYN00006,96,-13,2016,1,4,2,0,0,0
SYN00006,97,-13,2016,1,4,2,0,0,0
SYN00006,98,-13,2004,0,4,2,0,0,0
SYN00006,99,-13,2004,0,4,2,0,0,0
SYN00006,100,-13,1995,1,4,3,0,0,0
SYN00006,101,-16,1972,0,4,3,0,0,0
SYN00006,102,-16,1959,1,4,3,0,0,0
SYN00006,103,-16,1959,1,4,3,0,0,0
SYN00006,104,-18,1954,0,4,3,0,0,0
SYN00006,105,-18,1940,1,4,3,0,0,0
SYN00006,106,-18,1940,1,4,3,0,0,0
SYN00006,107,-18,1930,0,4,3,0,0,0
SYN00006,108,-18,1930,0,4,3,0,0,0
SYN00006,109,-18,1917,1,4,3,0,0,0
SYN00006,110,-18,1911,0,4,3,0,0,0
SYN00006,111,-18,1911,0,4,3,0,0,0
SYN00006,112,-16,1897,1,4,3,0,0,0
SYN00006,113,-18,1873,0,4,3,0,0,0
SYN00006,114,-18,1852,1,4,3,0,0,0
SYN00006,115,-18,1852,1,4,3,0,0,0
SYN00006,116,-20,1840,0,4,3,0,0,0
SYN00006,117,-20,1819,1,4,3,0,0,0
SYN00006,118,-20,1819,1,4,3,0,0,0
SYN00006,119,-22,1799,0,4,3,0,0,0
SYN00006,120,-22,1792,1,4,3,0,0,0
SYN00006,121,-22,1792,1,4,3,0,0,0
SYN00006,122,-22,1779,0,4,3,0,0,0
SYN00006,123,-22,1779,0,4,3,0,0,0
SYN00006,124,-22,1759,1,4,3,0,0,0
SYN00006,125,-22,1759,1,4,3,0,0,0
SYN00006,126,-22,1743,0,4,3,0,0,0
SYN00006,127,-22,1743,0,4,3,0,0,0
SYN00006,128,-22,1735,1,4,3,0,0,0
SYN00006,129,-22,1735,1,4,3,0,0,0
SYN00006,130,-22,1722,0,4,3,0,0,0
SYN00006,131,-22,1700,1,4,3,0,0,0
SYN00006,132,-24,1681,0,4,3,0,0,0
SYN00006,133,-24,1674,1,4,3,0,0,0
SYN00006,134,-24,1674,1,4,3,0,0,0
SYN00006,135,-24,1667,0,4,3,0,0,0
SYN00006,136,-22,1659,1,4,3,0,0,0
SYN00006,137,-24,1650,0,4,3,0,0,0
SYN00006,138,-21,1628,1,4,3,0,0,0
SYN00006,139,-21,1618,0,4,3,0,0,0
SYN00006,140,-21,1618,0,4,3,0,0,0
SYN00006,141,-21,1602,1,4,3,0,0,0
SYN00006,142,-23,1590,0,4,3,0,0,0
SYN00006,143,-23,1573,1,4,3,0,0,0
SYN00006,144,-23,1573,1,4,3,0,0,0
SYN00006,145,-23,1559,0,4,3,0,0,0
SYN00006,146,-23,1559,0,4,3,0,0,0
SYN00006,147,-20,1550,1,4,3,0,0,0
SYN00006,148,-22,1529,0,4,3,0,0,0
SYN00006,149,-22,1508,1,4,3,0,0,0
SYN00006,150,-22,1508,1,4,3,0,0,0
SYN00006,151,-22,1484,0,4,3,0,0,0
SYN00006,152,-22,1484,0,4,3,0,0,0
SYN00006,153,-19,1469,1,4,3,0,0,0
SYN00006,154,-21,1464,0,4,3,0,0,0
SYN00006,155,-21,1451,1,4,3,0,0,0
SYN00006,156,-21,1451,1,4,3,0,0,0
SYN00006,157,-21,1440,0,4,3,0,0,0
SYN00006,158,-21,1440,0,4,3,0,0,0
SYN00006,159,-21,1440,1,4,3,0,0,0
SYN00006,160,-21,1440,1,4,3,0,0,0
SYN00006,161,-19,1427,1,4,3,0,0,0
SYN00006,162,-21,1411,0,4,3,0,0,0
SYN00006,163,-21,1399,1,4,4,0,0,0
SYN00006,164,-21,1381,0,4,4,0,0,0
SYN00006,165,-21,1381,0,4,4,0,0,0
SYN00006,166,-21,1375,1,4,4,0,0,0
SYN00006,167,-21,1375,1,4,4,0,0,0
SYN00006,168,-23,1361,0,4,4,0,0,0
SYN00006,169,-23,1347,1,4,4,0,0,0
SYN00006,170,-25,1325,0,4,4,0,0,0
SYN00006,171,-25,1315,1,4,4,0,0,0
SYN00006,172,-25,1315,1,4,4,0,0,0
SYN00006,173,-25,1293,0,4,4,0,0,0
SYN00006,174,-25,1293,0,4,4,0,0,0
SYN00006,175,-25,1271,1,4,4,0,0,0
SYN00006,176,-25,1271,1,4,4,0,0,0
SYN00006,177,-25,1252,0,4,4,0,0,0
SYN00006,178,-25,1252,0,4,4,0,0,0
SYN00006,179,-23,1236,1,4,4,0,0,0
SYN00006,180,-25,1231,0,4,4,0,0,0
SYN00006,181,-25,1224,1,4,4,0,0,0
SYN00006,182,-25,1224,1,4,4,0,0,0
SYN00006,183,-28,1213,0,4,4,0,0,0
SYN00006,184,-28,1193,1,4,4,0,0,0
SYN00006,185,-28,1193,1,4,4,0,0,0
SYN00006,186,-28,1170,0,4,4,0,0,0
SYN00006,187,-28,1170,0,4,4,0,0,0
SYN00006,188,-28,1156,1,4,4,0,0,0
SYN00006,189,-28,1156,1,4,4,0,0,0
SYN00006,190,-28,1148,0,4,4,0,0,0
SYN00006,191,-28,1148,0,4,4,0,0,0
SYN00006,192,-28,1130,1,4,5,0,1,0
SYN00006,193,-28,1118,0,4,5,0,1,0
SYN00006,194,-28,1118,0,4,5,0,1,0
SYN00006,195,-28,1110,1,4,5,0,1,0
SYN00006,196,-28,1110,1,4,5,0,1,0
SYN00006,197,-30,1087,0,4,5,0,1,0
SYN00006,198,-30,1080,1,4,5,0,1,0
SYN00006,199,-30,1080,1,4,5,0,1,0
SYN00006,200,-30,1064,0,4,5,0,1,0
SYN00006,201,-28,1040,1,4,5,0,1,0
SYN00006,202,-28,1022,0,4,5,0,1,0
SYN00006,203,-26,1015,1,4,5,0,1,0
SYN00006,204,-26,1000,0,4,5,0,1,0
SYN00006,205,-26,1000,0,4,5,0,1,0
SYN00006,206,-26,979,1,4,6,0,1,0
SYN00006,207,-26,970,0,4,6,0,1,0
SYN00006,208,-26,970,0,4,6,0,1,0
SYN00006,209,-24,948,1,4,6,0,1,0
SYN00006,210,-24,926,0,4,6,0,1,0
SYN00006,211,-24,926,0,4,6,0,1,0
SYN00006,212,-24,910,1,4,7,0,1,0
SYN00006,213,-24,904,0,4,7,0,1,0
SYN00006,214,-24,904,0,4,7,0,1,0
SYN00006,215,-24,893,1,4,7,0,1,0
SYN00006,216,-24,893,1,4,7,0,1,0
SYN00006,217,-24,884,0,4,7,0,1,0
SYN00006,218,-21,865,1,4,7,0,1,0
SYN00006,219,-23,852,0,4,7,0,1,0
SYN00006,220,-21,831,1,4,7,0,1,0
SYN00006,221,-21,826,0,4,7,0,1,0
SYN00006,222,-21,826,0,4,7,0,1,0
SYN00006,223,-21,814,1,4,7,0,1,0
SYN00006,224,-21,814,1,4,7,0,1,0
SYN00006,225,-21,804,0,4,7,0,1,0
SYN00006,226,-21,804,0,4,7,0,1,0
SYN00006,227,-21,793,1,4,7,0,1,0
SYN00006,228,-21,793,1,4,7,0,1,0
SYN00006,229,-21,769,0,4,7,0,1,0
SYN00006,230,-21,769,0,4,7,0,1,0
SYN00006,231,-21,751,1,4,7,0,1,0
SYN00006,232,-21,751,1,4,7,0,1,0
SYN00006,233,-21,746,0,4,7,0,1,0
SYN00006,234,-21,746,0,4,7,0,1,0
SYN00006,235,-19,724,1,4,7,0,1,0
SYN00006,236,-21,720,0,4,7,0,1,0
SYN00006,237,-21,720,1,4,7,0,1,0
SYN00006,238,-21,720,1,4,7,0,1,0
SYN00006,239,-19,708,1,4,7,0,1,0
SYN00006,240,-22,690,0,4,7,0,1,0
SYN00006,241,-19,680,1,4,7,0,1,0
SYN00006,242,-19,669,0,4,7,0,1,0
SYN00006,243,-19,669,0,4,7,0,1,0
SYN00006,244,-19,659,1,4,7,0,1,0
SYN00006,245,-19,659,1,4,7,0,1,0
SYN00006,246,-19,636,0,4,7,0,1,0
SYN00006,247,-19,636,0,4,7,0,1,0
SYN00006,248,-19,625,1,4,7,0,1,0
SYN00006,249,-19,625,1,4,7,0,1,0
SYN00006,250,-19,613,0,5,7,1,1,0
SYN00006,251,-16,596,1,5,7,1,1,0
SYN00006,252,-16,578,0,5,7,1,1,0
SYN00006,253,-16,578,0,5,7,1,1,0
SYN00006,254,-14,559,1,5,7,1,1,0
SYN00006,255,-14,539,0,5,7,1,1,0
SYN00006,256,-14,539,0,5,7,1,1,0
SYN00006,257,-14,515,1,5,7,1,1,0
SYN00006,258,-14,515,1,5,7,1,1,0
SYN00006,259,-14,506,0,5,7,1,1,0
SYN00006,260,-14,506,0,5,7,1,1,0
SYN00006,261,-12,483,1,5,7,1,1,0
SYN00006,262,-12,473,0,5,7,1,1,0
SYN00006,263,-12,473,0,5,7,1,1,0
SYN00006,264,-12,459,1,5,7,1,1,0
SYN00006,265,-12,454,0,5,7,1,1,0
SYN00006,266,-12,454,0,5,7,1,1,0
SYN00006,267,-10,441,1,5,7,1,1,0
SYN00006,268,-10,419,0,5,7,1,1,0
SYN00006,269,-10,419,0,5,7,1,1,0
SYN00006,270,-10,399,1,5,7,1,1,0
SYN00006,271,-12,386,0,5,7,1,1,0
SYN00006,272,-12,369,1,5,8,1,1,0
SYN00006,273,-12,347,0,6,8,1,1,0
SYN00006,274,-9,332,1,6,8,1,1,0
SYN00006,275,-9,315,0,7,8,1,1,0
SYN00006,276,-7,304,1,7,8,1,1,0
SYN00006,277,-10,292,0,7,8,1,1,0
SYN00006,278,-10,284,1,7,8,1,1,0
SYN00006,279,-10,284,1,7,8,1,1,0
SYN00006,280,-12,275,0,7,8,1,1,0
SYN00006,281,-9,255,1,7,8,1,1,0
SYN00006,282,-11,245,0,7,8,1,1,0
SYN00006,283,-11,239,1,7,8,1,1,0
SYN00006,284,-11,233,0,8,8,1,1,0
SYN00006,285,-11,223,1,8,8,1,1,0
SYN00006,286,-11,213,0,8,8,1,1,0
SYN00006,287,-9,202,1,8,8,1,1,0
SYN00006,288,-12,184,0,8,8,1,1,0
SYN00006,289,-12,172,1,8,8,1,1,0
SYN00006,290,-12,172,1,8,8,1,1,0
SYN00006,291,-12,162,0,8,8,1,1,0
SYN00006,292,-12,153,1,8,8,1,1,0
SYN00006,293,-12,153,1,8,8,1,1,0
SYN00006,294,-12,129,0,8,8,1,1,0
SYN00006,295,-12,129,0,8,8,1,1,0
SYN00006,296,-12,107,1,8,8,1,1,0
SYN00006,297,-12,107,1,8,8,1,1,0
SYN00006,298,-12,102,0,8,8,1,1,0
SYN00006,299,-12,102,0,8,8,1,1,0
SYN00006,300,-12,81,1,8,8,1,1,0
SYN00006,301,-12,81,1,8,8,1,1,0
SYN00006,302,-15,59,0,8,8,1,1,0
SYN00006,303,-15,42,1,8,8,1,1,0
SYN00006,304,-15,37,0,8,8,1,1,0
SYN00006,305,-15,37,0,8,8,1,1,0
SYN00006,306,-15,21,1,8,8,1,1,0
SYN00006,307,-15,21,1,8,8,1,1,0
SYN00006,308,-15,3,0,8,8,1,1,0
SYN00006,309,-15,3,0,8,8,1,1,0
SYN00006,310,-15,0,1,8,8,1,1,0
SYN00006,311,-15,0,0,8,8,1,1,0
SYN00007,1,0,2880,1,0,0,0,0,0
SYN00007,2,0,2857,1,0,0,0,0,0
SYN00007,3,0,2857,1,0,0,0,0,0
SYN00007,4,-2,2835,0,0,0,0,0,0
SYN00007,5,-2,2813,1,0,0,0,0,0
SYN00007,6,-2,2813,1,0,0,0,0,0
SYN00007,7,-4,2806,0,0,0,0,0,0
SYN00007,8,-4,2799,1,0,0,0,0,0
SYN00007,9,-4,2799,1,0,0,0,0,0
SYN00007,10,-6,2781,0,0,0,0,0,0
SYN00007,11,-6,2772,1,0,0,0,0,0
SYN00007,12,-9,2759,0,0,0,0,0,0
SYN00007,13,-9,2746,1,0,1,0,0,0
SYN00007,14,-11,2727,0,0,1,0,0,0
SYN00007,15,-9,2713,1,0,1,0,0,0
SYN00007,16,-9,2697,0,0,1,0,0,0
SYN00007,17,-9,2697,0,0,1,0,0,0
SYN00007,18,-7,2684,1,0,1,0,0,0
SYN00007,19,-7,2664,0,0,1,0,0,0
SYN00007,20,-7,2664,0,0,1,0,0,0
SYN00007,21,-5,2655,1,0,1,0,0,0
SYN00007,22,-7,2633,0,0,1,0,0,0
SYN00007,23,-7,2616,1,0,1,0,0,0
SYN00007,24,-7,2616,1,0,1,0,0,0
SYN00007,25,-9,2610,0,0,1,0,0,0
SYN00007,26,-9,2604,1,0,1,0,0,0
SYN00007,27,-9,2604,1,0,1,0,0,0
SYN00007,28,-9,2597,0,0,1,0,0,0
SYN00007,29,-9,2597,0,0,1,0,0,0
SYN00007,30,-9,2573,1,0,1,0,0,0
SYN00007,31,-9,2573,1,0,1,0,0,0
SYN00007,32,-11,2565,0,0,1,0,0,0
SYN00007,33,-11,2555,1,0,1,0,0,0
SYN00007,34,-11,2555,1,0,1,0,0,0
SYN00007,35,-13,2543,0,0,1,0,0,0
SYN00007,36,-13,2519,1,0,1,0,0,0
SYN00007,37,-13,2519,1,0,1,0,0,0
SYN00007,38,-16,2497,0,0,1,0,0,0
SYN00007,39,-16,2479,1,0,1,0,0,0
SYN00007,40,-16,2479,1,0,1,0,0,0
SYN00007,41,-19,2462,0,0,1,0,0,0
SYN00007,42,-17,2441,1,0,1,0,0,0
SYN00007,43,-17,2433,0,0,1,0,0,0
SYN00007,44,-17,2433,0,0,1,0,0,0
SYN00007,45,-17,2424,1,0,1,0,0,0
SYN00007,46,-17,2424,1,0,1,0,0,0
SYN00007,47,-17,2411,0,0,1,0,0,0
SYN00007,48,-17,2411,0,0,1,0,0,0
SYN00007,49,-17,2388,1,0,1,0,0,0
SYN00007,50,-17,2388,1,0,1,0,0,0
SYN00007,51,-17,2372,0,0,1,0,0,0
SYN00007,52,-17,2372,0,0,1,0,0,0
SYN00007,53,-17,2363,1,0,1,0,0,0
SYN00007,54,-17,2363,1,0,1,0,0,0
SYN00007,55,-19,2346,0,0,1,0,0,0
SYN00007,56,-16,2341,1,0,1,0,0,0
SYN00007,57,-16,2327,0,0,1,0,0,0
SYN00007,58,-16,2327,0,0,1,0,0,0
SYN00007,59,-16,2311,1,0,1,0,0,0
SYN00007,60,-16,2311,1,0,1,0,0,0
SYN00007,61,-18,2301,0,0,1,0,0,0
SYN00007,62,-18,2289,1,0,1,0,0,0
SYN00007,63,-18,2289,1,0,1,0,0,0
SYN00007,64,-18,2278,0,0,1,0,0,0
SYN00007,65,-18,2278,0,0,1,0,0,0
SYN00007,66,-18,2270,1,0,1,0,0,0
SYN00007,67,-18,2270,1,0,1,0,0,0
SYN00007,68,-18,2256,0,0,1,0,0,0
SYN00007,69,-18,2256,0,0,1,0,0,0
SYN00007,70,-15,2251,1,0,1,0,0,0
SYN00007,71,-15,2238,0,0,1,0,0,0
SYN00007,72,-15,2238,0,0,1,0,0,0
SYN00007,73,-13,2222,1,0,1,0,0,0
SYN00007,74,-15,2211,0,0,1,0,0,0
SYN00007,75,-15,2203,1,0,1,0,0,0
SYN00007,76,-15,2203,1,0,1,0,0,0
SYN00007,77,-17,2186,0,0,1,0,0,0
SYN00007,78,-17,2168,1,0,1,0,0,0
SYN00007,79,-20,2160,0,0,1,0,0,0
SYN00007,80,-20,2160,1,0,1,0,0,0
SYN00007,81,-20,2160,1,0,1,0,0,0
SYN00007,82,-20,2155,1,0,1,0,0,0
SYN00007,83,-20,2155,1,0,1,0,0,0
SYN00007,84,-23,2131,0,0,1,0,0,0
SYN00007,85,-23,2115,1,0,1,0,0,0
SYN00007,86,-23,2115,1,0,1,0,0,0
SYN00007,87,-25,2099,0,0,1,0,0,0
SYN00007,88,-25,2090,1,0,1,0,0,0
SYN00007,89,-27,2067,0,0,1,0,0,0
SYN00007,90,-27,2046,1,0,1,0,0,0
SYN00007,91,-27,2046,1,0,1,0,0,0
SYN00007,92,-27,2028,0,0,1,0,0,0
SYN00007,93,-27,2028,0,0,1,0,0,0
SYN00007,94,-27,2016,1,0,1,0,0,0
SYN00007,95,-27,2016,1,0,1,0,0,0
SYN00007,96,-29,2011,0,0,1,0,0,0
SYN00007,97,-29,2004,1,0,1,0,0,0
SYN00007,98,-29,2004,1,0,1,0,0,0
SYN00007,99,-29,1984,0,0,1,0,0,0
SYN00007,100,-29,1984,0,0,1,0,0,0
SYN00007,101,-29,1978,1,0,1,0,0,0
SYN00007,102,-29,1978,1,0,1,0,0,0
SYN00007,103,-31,1954,0,0,1,0,0,0
SYN00007,104,-29,1947,1,0,1,0,0,0
SYN00007,105,-31,1940,0,0,1,0,0,0
SYN00007,106,-29,1921,1,0,1,0,0,0
SYN00007,107,-29,1903,0,0,1,0,0,0
SYN00007,108,-29,1903,0,0,1,0,0,0
SYN00007,109,-29,1885,1,0,1,0,0,0
SYN00007,110,-29,1885,1,0,1,0,0,0
SYN00007,111,-31,1875,0,0,1,0,0,0
SYN00007,112,-31,1869,1,0,1,0,0,0
SYN00007,113,-31,1869,1,0,1,0,0,0
SYN00007,114,-33,1858,0,0,1,0,0,0
SYN00007,115,-30,1847,1,0,1,0,0,0
SYN00007,116,-30,1828,0,1,1,0,0,0
SYN00007,117,-28,1816,1,1,1,0,0,0
SYN00007,118,-28,1809,0,1,1,0,0,0
SYN00007,119,-28,1809,0,1,1,0,0,0
SYN00007,120,-26,1794,1,1,1,0,0,0
SYN00007,121,-29,1777,0,1,1,0,0,0
SYN00007,122,-29,1770,1,1,2,0,0,0
SYN00007,123,-29,1748,0,1,2,0,0,0
SYN00007,124,-29,1748,0,1,2,0,0,0
SYN00007,125,-26,1740,1,1,2,0,0,0
SYN00007,126,-26,1732,0,1,2,0,0,0
SYN00007,127,-26,1732,0,1,2,0,0,0
SYN00007,128,-23,1713,1,1,2,0,0,0
SYN00007,129,-23,1706,0,1,2,0,0,0
SYN00007,130,-23,1706,0,1,2,0,0,0
SYN00007,131,-23,1701,1,1,2,0,0,0
SYN00007,132,-23,1701,1,1,2,0,0,0
SYN00007,133,-23,1694,0,1,2,0,0,0
SYN00007,134,-23,1679,1,1,2,0,0,0
SYN00007,135,-23,1679,1,1,2,0,0,0
SYN00007,136,-25,1666,0,1,2,0,0,0
SYN00007,137,-25,1653,1,1,2,0,0,0
SYN00007,138,-27,1634,0,1,2,0,0,0
SYN00007,139,-27,1612,1,1,2,0,0,0
SYN00007,140,-27,1612,1,1,2,0,0,0
SYN00007,141,-27,1603,0,1,2,0,0,0
SYN00007,142,-27,1603,0,1,2,0,0,0
SYN00007,143,-27,1595,1,1,2,0,0,0
SYN00007,144,-27,1595,1,1,2,0,0,0
SYN00007,145,-27,1590,0,1,2,0,0,0
SYN00007,146,-27,1574,1,1,3,0,0,0
SYN00007,147,-27,1560,0,1,3,0,0,0
SYN00007,148,-27,1560,0,1,3,0,0,0
SYN00007,149,-27,1538,1,1,3,0,0,0
SYN00007,150,-27,1538,1,1,3,0,0,0
SYN00007,151,-27,1515,0,1,3,0,0,0
SYN00007,152,-27,1515,0,1,3,0,0,0
SYN00007,153,-25,1495,1,1,3,0,0,0
SYN00007,154,-25,1474,0,1,3,0,0,0
SYN00007,155,-25,1474,0,1,3,0,0,0
SYN00007,156,-25,1453,1,1,3,0,0,0
SYN00007,157,-27,1448,0,1,3,0,0,0
SYN00007,158,-27,1440,1,1,3,0,0,0
SYN00007,159,-27,1440,1,1,3,0,0,0
SYN00007,160,-27,1440,0,1,3,0,0,0
SYN00007,161,-27,1440,0,1,3,0,0,0
SYN00007,162,-27,1419,0,1,3,0,0,0
SYN00007,163,-27,1419,0,1,3,0,0,0
SYN00007,164,-27,1405,1,1,3,0,0,0
SYN00007,165,-27,1405,1,1,3,0,0,0
SYN00007,166,-27,1385,0,1,3,0,0,0
SYN00007,167,-27,1385,0,1,3,0,0,0
SYN00007,168,-24,1369,1,1,3,0,0,0
SYN00007,169,-24,1353,0,1,3,0,0,0
SYN00007,170,-24,1353,0,1,3,0,0,0
SYN00007,171,-24,1335,1,1,3,0,0,0
SYN00007,172,-24,1335,1,1,3,0,0,0
SYN00007,173,-26,1330,0,1,3,0,0,0
SYN00007,174,-26,1312,1,1,4,0,0,0
SYN00007,175,-26,1288,0,1,4,0,0,0
SYN00007,176,-26,1288,0,1,4,0,0,0
SYN00007,177,-23,1276,1,1,4,0,0,0
SYN00007,178,-25,1266,0,1,4,0,0,0
SYN00007,179,-25,1246,1,1,5,0,1,0
SYN00007,180,-25,1237,0,1,5,0,1,0
SYN00007,181,-25,1237,0,1,5,0,1,0
SYN00007,182,-23,1218,1,1,5,0,1,0
SYN00007,183,-25,1208,0,1,5,0,1,0
SYN00007,184,-25,1196,1,1,5,0,1,0
SYN00007,185,-25,1196,1,1,5,0,1,0
SYN00007,186,-25,1178,0,1,5,0,1,0
SYN00007,187,-25,1178,0,1,5,0,1,0
SYN00007,188,-25,1162,1,1,5,0,1,0
SYN00007,189,-25,1162,1,1,5,0,1,0
SYN00007,190,-25,1143,0,1,5,0,1,0
SYN00007,191,-25,1143,0,1,5,0,1,0
SYN00007,192,-25,1126,1,1,5,0,1,0
SYN00007,193,-25,1126,1,1,5,0,1,0
SYN00007,194,-25,1110,0,1,5,0,1,0
SYN00007,195,-25,1095,1,1,5,0,1,0
SYN00007,196,-25,1095,1,1,5,0,1,0
SYN00007,197,-27,1084,0,1,5,0,1,0
SYN00007,198,-25,1073,1,1,5,0,1,0
SYN00007,199,-27,1050,0,1,5,0,1,0
SYN00007,200,-27,1027,1,1,5,0,1,0
SYN00007,201,-27,1027,1,1,5,0,1,0
SYN00007,202,-30,1019,0,1,5,0,1,0
SYN00007,203,-30,1001,1,1,5,0,1,0
SYN00007,204,-30,1001,1,1,5,0,1,0
SYN00007,205,-33,993,0,1,5,0,1,0
SYN00007,206,-31,975,1,1,5,0,1,0
SYN00007,207,-33,969,0,1,5,0,1,0
SYN00007,208,-31,949,1,1,5,0,1,0
SYN00007,209,-31,932,0,1,5,0,1,0
SYN00007,210,-31,932,0,1,5,0,1,0
SYN00007,211,-28,912,1,1,5,0,1,0
SYN00007,212,-28,904,0,1,5,0,1,0
SYN00007,213,-28,904,0,1,5,0,1,0
SYN00007,214,-28,897,1,1,5,0,1,0
SYN00007,215,-28,897,1,1,5,0,1,0
SYN00007,216,-28,890,0,2,5,0,1,0
SYN00007,217,-28,883,1,2,5,0,1,0
SYN00007,218,-28,883,1,2,5,0,1,0
SYN00007,219,-28,862,0,2,5,0,1,0
SYN00007,220,-28,862,0,2,5,0,1,0
SYN00007,221,-28,852,1,2,5,0,1,0
SYN00007,222,-30,831,0,2,5,0,1,0
SYN00007,223,-27,809,1,2,5,0,1,0
SYN00007,224,-29,794,0,2,5,0,1,0
SYN00007,225,-29,787,1,2,5,0,1,0
SYN00007,226,-29,787,1,2,5,0,1,0
SYN00007,227,-31,771,0,2,5,0,1,0
SYN00007,228,-28,763,1,2,5,0,1,0
SYN00007,229,-30,747,0,2,5,0,1,0
SYN00007,230,-27,736,1,2,5,0,1,0
SYN00007,231,-30,723,0,2,5,0,1,0
SYN00007,232,-28,720,1,2,5,0,1,0
SYN00007,233,-28,720,0,2,5,0,1,0
SYN00007,234,-28,720,0,2,5,0,1,0
SYN00007,235,-28,708,0,2,5,0,1,0
SYN00007,236,-28,708,0,2,5,0,1,0
SYN00007,237,-28,702,1,2,5,0,1,0
SYN00007,238,-28,702,1,2,5,0,1,0
SYN00007,239,-28,680,0,2,5,0,1,0
SYN00007,240,-28,670,1,2,5,0,1,0
SYN00007,241,-28,670,1,2,5,0,1,0
SYN00007,242,-28,649,0,2,5,0,1,0
SYN00007,243,-26,625,1,2,5,0,1,0
SYN00007,244,-26,603,0,2,5,0,1,0
SYN00007,245,-24,583,1,2,5,0,1,0
SYN00007,246,-24,569,0,2,5,0,1,0
SYN00007,247,-24,569,0,2,5,0,1,0
SYN00007,248,-24,545,1,2,5,0,1,0
SYN00007,249,-24,545,1,2,5,0,1,0
SYN00007,250,-26,530,0,2,5,0,1,0
SYN00007,251,-26,508,1,2,5,0,1,0
SYN00007,252,-26,508,1,2,5,0,1,0
SYN00007,253,-26,500,0,3,5,0,1,0
SYN00007,254,-26,476,1,3,6,0,1,0
SYN00007,255,-26,455,0,3,6,0,1,0
SYN00007,256,-26,455,0,3,6,0,1,0
SYN00007,257,-26,448,1,3,6,0,1,0
SYN00007,258,-26,427,0,4,6,0,1,0
SYN00007,259,-23,403,1,4,6,0,1,0
SYN00007,260,-25,384,0,4,6,0,1,0
SYN00007,261,-23,369,1,4,6,0,1,0
SYN00007,262,-23,362,0,4,6,0,1,0
SYN00007,263,-23,362,0,4,6,0,1,0
SYN00007,264,-23,354,1,4,7,0,1,0
SYN00007,265,-23,340,0,4,7,0,1,0
SYN00007,266,-23,340,0,4,7,0,1,0
SYN00007,267,-23,333,1,4,7,0,1,0
SYN00007,268,-23,333,1,4,7,0,1,0
SYN00007,269,-23,320,0,4,7,0,1,0
SYN00007,270,-23,320,0,4,7,0,1,0
SYN00007,271,-23,306,1,4,7,0,1,0
SYN00007,272,-23,306,1,4,7,0,1,0
SYN00007,273,-25,284,0,4,7,0,1,0
SYN00007,274,-25,262,1,4,7,0,1,0
SYN00007,275,-25,262,1,4,7,0,1,0
SYN00007,276,-27,250,0,4,7,0,1,0
SYN00007,277,-25,236,1,4,7,0,1,0
SYN00007,278,-27,217,0,4,7,0,1,0
SYN00007,279,-27,201,1,4,7,0,1,0
SYN00007,280,-27,201,1,4,7,0,1,0
SYN00007,281,-29,185,0,4,7,0,1,0
SYN00007,282,-29,168,1,4,7,0,1,0
SYN00007,283,-31,159,0,4,7,0,1,0
SYN00007,284,-31,138,1,4,7,0,1,0
SYN00007,285,-31,138,1,4,7,0,1,0
SYN00007,286,-33,126,0,4,7,0,1,0
SYN00007,287,-30,110,1,4,7,0,1,0
SYN00007,288,-32,87,0,4,7,0,1,0
SYN00007,289,-30,82,1,4,7,0,1,0
SYN00007,290,-30,73,0,4,7,0,1,0
SYN00007,291,-30,73,0,4,7,0,1,0
SYN00007,292,-30,63,1,4,7,0,1,0
SYN00007,293,-30,63,1,4,7,0,1,0
SYN00007,294,-30,45,0,4,7,0,1,0
SYN00007,295,-30,45,0,4,7,0,1,0
SYN00007,296,-28,27,1,4,7,0,1,0
SYN00007,297,-30,17,0,4,7,0,1,0
SYN00007,298,-28,0,1,4,7,0,1,0
SYN00007,299,-28,0,0,4,7,0,1,0
SYN00008,1,0,2880,0,0,0,0,0,1
SYN00008,2,-2,2859,0,0,0,0,0,1
SYN00008,3,-2,2848,1,0,0,0,0,1
SYN00008,4,-2,2848,1,0,0,0,0,1
SYN00008,5,-2,2837,0,0,0,0,0,1
SYN00008,6,-2,2837,0,0,0,0,0,1
SYN00008,7,-2,2813,1,0,0,0,0,1
SYN00008,8,-2,2813,1,0,0,0,0,1
SYN00008,9,-2,2797,0,0,0,0,0,1
SYN00008,10,-2,2790,1,0,0,0,0,1
SYN00008,11,-2,2790,1,0,0,0,0,1
SYN00008,12,-4,2781,0,0,0,0,0,1
SYN00008,13,-2,2758,1,0,0,0,0,1
SYN00008,14,-2,2747,0,1,0,0,0,1
SYN00008,15,-2,2734,1,1,0,0,0,1
SYN00008,16,-2,2734,1,1,0,0,0,1
SYN00008,17,-2,2721,0,2,0,0,0,1
SYN00008,18,-2,2702,1,2,0,0,0,1
SYN00008,19,-2,2702,1,2,0,0,0,1
SYN00008,20,-2,2684,0,2,0,0,0,1
SYN00008,21,0,2672,1,2,0,0,0,1
SYN00008,22,0,2664,0,2,0,0,0,1
SYN00008,23,0,2664,0,2,0,0,0,1
SYN00008,24,2,2652,1,2,0,0,0,1
SYN00008,25,-1,2635,0,2,0,0,0,1
SYN00008,26,-1,2617,1,2,1,0,0,1
SYN00008,27,-1,2596,0,2,1,0,0,1
SYN00008,28,-1,2596,0,2,1,0,0,1
SYN00008,29,2,2575,1,2,1,0,0,1
SYN00008,30,-1,2557,0,2,1,0,0,1
SYN00008,31,-1,2551,1,2,1,0,0,1
SYN00008,32,-1,2551,1,2,1,0,0,1
SYN00008,33,-3,2539,0,2,1,0,0,1
SYN00008,34,-3,2523,1,2,1,0,0,1
SYN00008,35,-3,2523,1,2,1,0,0,1
SYN00008,36,-3,2518,0,2,1,0,0,1
SYN00008,37,-3,2518,0,2,1,0,0,1
SYN00008,38,-3,2507,1,2,1,0,0,1
SYN00008,39,-3,2507,1,2,1,0,0,1
SYN00008,40,-5,2489,0,2,1,0,0,1
SYN00008,41,-3,2472,1,2,1,0,0,1
SYN00008,42,-5,2453,0,2,1,0,0,1
SYN00008,43,-5,2444,1,2,2,0,0,1
SYN00008,44,-7,2437,0,2,2,0,0,1
SYN00008,45,-5,2415,1,2,2,0,0,1
SYN00008,46,-7,2408,0,2,2,0,0,1
SYN00008,47,-7,2392,1,2,2,0,0,1
SYN00008,48,-7,2392,1,2,2,0,0,1
SYN00008,49,-7,2374,0,2,2,0,0,1
SYN00008,50,-7,2374,0,2,2,0,0,1
SYN00008,51,-4,2360,1,2,2,0,0,1
SYN00008,52,-4,2342,0,2,2,0,0,1
SYN00008,53,-4,2342,0,2,2,0,0,1
SYN00008,54,-1,2327,1,2,2,0,0,1
SYN00008,55,-1,2305,0,2,2,0,0,1
SYN00008,56,-1,2305,0,2,2,0,0,1
SYN00008,57,1,2286,1,2,2,0,0,1
SYN00008,58,-1,2269,0,2,2,0,0,1
SYN00008,59,2,2245,1,2,2,0,0,1
SYN00008,60,0,2232,0,2,2,0,0,1
SYN00008,61,0,2227,1,2,2,0,0,1
SYN00008,62,0,2227,1,2,2,0,0,1
SYN00008,63,0,2213,0,2,2,0,0,1
SYN00008,64,0,2213,0,2,2,0,0,1
SYN00008,65,0,2206,1,2,2,0,0,1
SYN00008,66,0,2198,0,2,2,0,0,1
SYN00008,67,0,2198,0,2,2,0,0,1
SYN00008,68,0,2182,1,2,2,0,0,1
SYN00008,69,0,2162,0,3,2,0,0,1
SYN00008,70,0,2160,1,3,2,0,0,1
SYN00008,71,0,2160,0,3,2,0,0,1
SYN00008,72,0,2160,0,3,2,0,0,1
SYN00008,73,0,2148,0,3,2,0,0,1
SYN00008,74,0,2148,0,3,2,0,0,1
SYN00008,75,2,2124,1,3,2,0,0,1
SYN00008,76,0,2106,0,3,2,0,0,1
SYN00008,77,0,2100,1,3,2,0,0,1
SYN00008,78,0,2100,1,3,2,0,0,1
SYN00008,79,0,2082,0,3,2,0,0,1
SYN00008,80,0,2082,0,3,2,0,0,1
SYN00008,81,0,2074,1,3,2,0,0,1
SYN00008,82,0,2074,1,3,2,0,0,1
SYN00008,83,-2,2061,0,3,2,0,0,1
SYN00008,84,-2,2043,1,3,3,0,0,1
SYN00008,85,-2,2024,0,3,3,0,0,1
SYN00008,86,-2,2024,0,3,3,0,0,1
SYN00008,87,-2,2003,1,3,4,0,0,1
SYN00008,88,-4,1982,0,3,4,0,0,1
SYN00008,89,-4,1967,1,3,4,0,0,1
SYN00008,90,-4,1967,1,3,4,0,0,1
SYN00008,91,-4,1951,0,3,4,0,0,1
SYN00008,92,-4,1951,0,3,4,0,0,1
SYN00008,93,-4,1927,1,3,4,0,0,1
SYN00008,94,-4,1927,1,3,4,0,0,1
SYN00008,95,-6,1914,0,3,4,0,0,1
SYN00008,96,-4,1892,1,3,4,0,0,1
SYN00008,97,-6,1882,0,3,4,0,0,1
SYN00008,98,-4,1872,1,3,4,0,0,1
SYN00008,99,-7,1864,0,3,4,0,0,1
SYN00008,100,-4,1853,1,3,4,0,0,1
SYN00008,101,-6,1835,0,3,4,0,0,1
SYN00008,102,-3,1812,1,3,4,0,0,1
SYN00008,103,-3,1803,0,3,4,0,0,1
SYN00008,104,-3,1803,0,3,4,0,0,1
SYN00008,105,-3,1784,1,3,5,0,1,1
SYN00008,106,-3,1777,0,3,5,0,1,1
SYN00008,107,-3,1777,0,3,5,0,1,1
SYN00008,108,-3,1767,1,3,5,0,1,1
SYN00008,109,-3,1767,1,3,5,0,1,1
SYN00008,110,-3,1748,0,3,5,0,1,1
SYN00008,111,-3,1748,0,3,5,0,1,1
SYN00008,112,-1,1738,1,3,5,0,1,1
SYN00008,113,-1,1729,0,3,5,0,1,1
SYN00008,114,-1,1729,0,3,5,0,1,1
SYN00008,115,-1,1721,1,3,5,0,1,1
SYN00008,116,-1,1721,1,3,5,0,1,1
SYN00008,117,-1,1709,0,3,5,0,1,1
SYN00008,118,-1,1709,0,3,5,0,1,1
SYN00008,119,1,1695,1,3,5,0,1,1
SYN00008,120,-1,1690,0,3,5,0,1,1
SYN00008,121,-1,1685,1,3,5,0,1,1
SYN00008,122,-1,1685,1,3,5,0,1,1
SYN00008,123,-3,1677,0,3,5,0,1,1
SYN00008,124,-3,1665,1,3,6,0,1,1
SYN00008,125,-3,1657,0,3,6,0,1,1
SYN00008,126,-3,1657,0,3,6,0,1,1
SYN00008,127,-3,1636,1,3,7,0,1,1
SYN00008,128,-5,1617,0,3,7,0,1,1
SYN00008,129,-5,1611,1,3,7,0,1,1
SYN00008,130,-5,1611,1,3,7,0,1,1
SYN00008,131,-5,1588,0,4,7,0,1,1
SYN00008,132,-5,1565,1,4,7,0,1,1
SYN00008,133,-5,1565,1,4,7,0,1,1
SYN00008,134,-5,1548,0,4,7,0,1,1
SYN00008,135,-3,1526,1,4,7,0,1,1
SYN00008,136,-3,1515,0,5,7,1,1,1
SYN00008,137,-3,1492,1,5,7,1,1,1
SYN00008,138,-3,1492,1,5,7,1,1,1
SYN00008,139,-5,1481,0,5,7,1,1,1
SYN00008,140,-3,1460,1,5,7,1,1,1
SYN00008,141,-3,1447,0,5,7,1,1,1
SYN00008,142,-3,1447,0,5,7,1,1,1
SYN00008,143,-3,1440,1,5,7,1,1,1
SYN00008,144,-3,1440,1,5,7,1,1,1
SYN00008,145,-3,1440,0,5,7,1,1,1
SYN00008,146,-3,1440,0,5,7,1,1,1
SYN00008,147,-3,1421,0,5,7,1,1,1
SYN00008,148,-3,1421,0,5,7,1,1,1
SYN00008,149,-3,1397,1,5,7,1,1,1
SYN00008,150,-5,1389,0,5,7,1,1,1
SYN00008,151,-3,1378,1,5,7,1,1,1
SYN00008,152,-3,1363,0,5,7,1,1,1
SYN00008,153,-3,1363,0,5,7,1,1,1
SYN00008,154,-3,1357,1,5,7,1,1,1
SYN00008,155,-3,1357,1,5,7,1,1,1
SYN00008,156,-3,1351,0,5,7,1,1,1
SYN00008,157,-3,1344,1,5,8,1,1,1
SYN00008,158,-3,1339,0,6,8,1,1,1
SYN00008,159,-1,1319,1,6,8,1,1,1
SYN00008,160,-4,1310,0,6,8,1,1,1
SYN00008,161,-1,1296,1,6,8,1,1,1
SYN00008,162,-1,1275,0,7,8,1,1,1
SYN00008,163,2,1269,1,7,8,1,1,1
SYN00008,164,0,1254,0,7,8,1,1,1
SYN00008,165,0,1248,1,7,8,1,1,1
SYN00008,166,0,1248,1,7,8,1,1,1
SYN00008,167,0,1232,0,7,8,1,1,1
SYN00008,168,0,1232,0,7,8,1,1,1
SYN00008,169,2,1227,1,7,8,1,1,1
SYN00008,170,-1,1220,0,7,8,1,1,1
SYN00008,171,-1,1212,1,7,8,1,1,1
SYN00008,172,-1,1212,1,7,8,1,1,1
SYN00008,173,-3,1194,0,7,8,1,1,1
SYN00008,174,-1,1170,1,7,8,1,1,1
SYN00008,175,-1,1152,0,7,8,1,1,1
SYN00008,176,-1,1152,0,7,8,1,1,1
SYN00008,177,1,1147,1,7,8,1,1,1
SYN00008,178,1,1128,0,7,8,1,1,1
SYN00008,179,1,1128,0,7,8,1,1,1
SYN00008,180,3,1104,1,7,8,1,1,1
SYN00008,181,3,1092,0,7,8,1,1,1
SYN00008,182,3,1092,0,7,8,1,1,1
SYN00008,183,5,1069,1,7,8,1,1,1
SYN00008,184,5,1047,0,7,8,1,1,1
SYN00008,185,5,1047,0,7,8,1,1,1
SYN00008,186,5,1027,1,7,8,1,1,1
SYN00008,187,5,1027,1,7,8,1,1,1
SYN00008,188,5,1022,0,7,8,1,1,1
SYN00008,189,7,1016,1,7,8,1,1,1
SYN00008,190,7,1006,0,7,8,1,1,1
SYN00008,191,7,1006,0,7,8,1,1,1
SYN00008,192,7,994,1,7,8,1,1,1
SYN00008,193,7,994,1,7,8,1,1,1
SYN00008,194,5,985,0,7,8,1,1,1
SYN00008,195,7,964,1,7,8,1,1,1
SYN00008,196,7,945,0,7,8,1,1,1
SYN00008,197,7,923,1,7,8,1,1,1
SYN00008,198,7,923,1,7,8,1,1,1
SYN00008,199,4,918,0,7,8,1,1,1
SYN00008,200,4,910,1,7,8,1,1,1
SYN00008,201,2,905,0,7,8,1,1,1
SYN00008,202,2,898,1,7,8,1,1,1
SYN00008,203,2,889,0,7,8,1,1,1
SYN00008,204,2,889,0,7,8,1,1,1
SYN00008,205,2,881,1,7,8,1,1,1
SYN00008,206,2,881,1,7,8,1,1,1
SYN00008,207,0,872,0,7,8,1,1,1
SYN00008,208,0,863,1,7,8,1,1,1
SYN00008,209,0,863,1,7,8,1,1,1
SYN00008,210,-2,857,0,7,8,1,1,1
SYN00008,211,-2,847,1,7,8,1,1,1
SYN00008,212,-2,847,1,7,8,1,1,1
SYN00008,213,-2,838,0,7,8,1,1,1
SYN00008,214,-2,838,0,7,8,1,1,1
SYN00008,215,1,821,1,7,8,1,1,1
SYN00008,216,-1,808,0,7,8,1,1,1
SYN00008,217,-1,792,1,7,8,1,1,1
SYN00008,218,-1,792,1,7,8,1,1,1
SYN00008,219,-3,787,0,7,8,1,1,1
SYN00008,220,-1,773,1,7,8,1,1,1
SYN00008,221,-1,759,0,7,8,1,1,1
SYN00008,222,-1,759,0,7,8,1,1,1
SYN00008,223,-1,737,1,7,8,1,1,1
SYN00008,224,-1,729,0,8,8,1,1,1
SYN00008,225,1,720,1,8,8,1,1,1
SYN00008,226,1,720,0,8,8,1,1,1
SYN00008,227,1,720,0,8,8,1,1,1
SYN00008,228,1,715,0,9,8,1,1,1
SYN00008,229,1,698,1,9,9,1,1,1
SYN00008,230,1,686,0,9,9,1,1,1
SYN00008,231,1,686,0,9,9,1,1,1
SYN00008,232,3,668,1,9,9,1,1,1
SYN00008,233,3,653,0,9,9,1,1,1
SYN00008,234,3,653,0,9,9,1,1,1
SYN00008,235,3,634,1,9,9,1,1,1
SYN00008,236,3,634,1,9,9,1,1,1
SYN00008,237,1,627,0,9,9,1,1,1
SYN00008,238,3,619,1,9,9,1,1,1
SYN00008,239,0,608,0,9,9,1,1,1
SYN00008,240,0,584,1,9,9,1,1,1
SYN00008,241,0,584,1,9,9,1,1,1
SYN00008,242,-3,561,0,9,9,1,1,1
SYN00008,243,-3,548,1,9,9,1,1,1
SYN00008,244,-3,548,1,9,9,1,1,1
SYN00008,245,-3,538,0,9,9,1,1,1
SYN00008,246,-3,538,0,9,9,1,1,1
SYN00008,247,-1,518,1,9,9,1,1,1
SYN00008,248,-1,510,0,9,9,1,1,1
SYN00008,249,-1,510,0,9,9,1,1,1
SYN00008,250,1,501,1,9,9,1,1,1
SYN00008,251,1,482,0,9,9,1,1,1
SYN00008,252,1,482,0,9,9,1,1,1
SYN00008,253,3,459,1,9,9,1,1,1
SYN00008,254,1,446,0,9,9,1,1,1
SYN00008,255,4,441,1,9,9,1,1,1
SYN00008,256,4,430,0,9,9,1,1,1
SYN00008,257,4,430,0,9,9,1,1,1
SYN00008,258,6,412,1,9,9,1,1,1
SYN00008,259,4,400,0,9,9,1,1,1
SYN00008,260,4,377,1,9,9,1,1,1
SYN00008,261,4,377,1,9,9,1,1,1
SYN00008,262,2,361,0,9,9,1,1,1
SYN00008,263,2,340,1,9,9,1,1,1
SYN00008,264,2,321,0,9,9,1,1,1
SYN00008,265,2,321,0,9,9,1,1,1
SYN00008,266,4,298,1,9,9,1,1,1
SYN00008,267,1,275,0,9,9,1,1,1
SYN00008,268,1,258,1,9,9,1,1,1
SYN00008,269,1,258,1,9,9,1,1,1
SYN00008,270,1,252,0,9,9,1,1,1
SYN00008,271,1,252,0,9,9,1,1,1
SYN00008,272,1,242,1,9,10,1,1,1
SYN00008,273,-1,228,0,9,10,1,1,1
SYN00008,274,-1,214,1,9,10,1,1,1
SYN00008,275,-1,214,1,9,10,1,1,1
SYN00008,276,-1,208,0,9,10,1,1,1
SYN00008,277,-1,208,0,9,10,1,1,1
SYN00008,278,1,201,1,9,10,1,1,1
SYN00008,279,-2,192,0,9,10,1,1,1
SYN00008,280,-2,186,1,9,11,1,1,1
SYN00008,281,-2,171,0,10,11,1,1,1
SYN00008,282,0,154,1,10,11,1,1,1
SYN00008,283,-3,142,0,10,11,1,1,1
SYN00008,284,-3,123,1,10,11,1,1,1
SYN00008,285,-3,123,1,10,11,1,1,1
SYN00008,286,-3,114,0,10,11,1,1,1
SYN00008,287,-3,114,0,10,11,1,1,1
SYN00008,288,-3,107,1,10,11,1,1,1
SYN00008,289,-3,107,1,10,11,1,1,1
SYN00008,290,-3,85,0,10,11,1,1,1
SYN00008,291,-3,85,0,10,11,1,1,1
SYN00008,292,-1,68,1,10,11,1,1,1
SYN00008,293,-1,49,0,10,11,1,1,1
SYN00008,294,-1,49,0,10,11,1,1,1
SYN00008,295,-1,33,1,10,11,1,1,1
SYN00008,296,-1,33,1,10,11,1,1,1
SYN00008,297,-1,21,0,10,11,1,1,1
SYN00008,298,-1,21,0,10,11,1,1,1
SYN00008,299,2,1,1,10,11,1,1,1
SYN00008,300,2,0,0,10,11,1,1,1
SYN00008,301,2,0,0,10,11,1,1,1
SYN00008,302,2,0,1,10,11,1,1,1
SYN00009,1,0,2880,1,0,0,0,0,1
SYN00009,2,0,2862,1,0,0,0,0,1
SYN00009,3,0,2862,1,0,0,0,0,1
SYN00009,4,-2,2856,0,0,0,0,0,1
SYN00009,5,-2,2851,1,0,0,0,0,1
SYN00009,6,-2,2851,1,0,0,0,0,1
SYN00009,7,-2,2842,0,0,0,0,0,1
SYN00009,8,-2,2842,0,0,0,0,0,1
SYN00009,9,0,2818,1,0,0,0,0,1
SYN00009,10,0,2798,0,0,0,0,0,1
SYN00009,11,0,2798,0,0,0,0,0,1
SYN00009,12,2,2781,1,0,0,0,0,1
SYN00009,13,0,2770,0,0,0,0,0,1
SYN00009,14,0,2756,1,0,0,0,0,1
SYN00009,15,0,2733,0,0,0,0,0,1
SYN00009,16,3,2725,1,0,0,0,0,1
SYN00009,17,3,2706,0,0,0,0,0,1
SYN00009,18,3,2706,0,0,0,0,0,1
SYN00009,19,5,2684,1,0,0,0,0,1
SYN00009,20,5,2672,0,0,0,0,0,1
SYN00009,21,5,2672,0,0,0,0,0,1
SYN00009,22,5,2659,1,0,0,0,0,1
SYN00009,23,5,2659,1,0,0,0,0,1
SYN00009,24,3,2645,0,0,0,0,0,1
SYN00009,25,3,2629,1,0,0,0,0,1
SYN00009,26,3,2613,0,0,0,0,0,1
SYN00009,27,3,2613,0,0,0,0,0,1
SYN00009,28,3,2606,1,0,0,0,0,1
SYN00009,29,3,2606,1,0,0,0,0,1
SYN00009,30,1,2590,0,0,0,0,0,1
SYN00009,31,3,2566,1,0,0,0,0,1
SYN00009,32,3,2551,0,0,0,0,0,1
SYN00009,33,3,2551,0,0,0,0,0,1
SYN00009,34,3,2527,1,0,0,0,0,1
SYN00009,35,3,2527,1,0,0,0,0,1
SYN00009,36,3,2515,0,1,0,0,0,1
SYN00009,37,6,2494,1,1,0,0,0,1
SYN00009,38,4,2474,0,1,0,0,0,1
SYN00009,39,7,2462,1,1,0,0,0,1
SYN00009,40,7,2447,0,2,0,0,0,1
SYN00009,41,10,2434,1,2,0,0,0,1
SYN00009,42,10,2413,0,2,0,0,0,1
SYN00009,43,10,2413,0,2,0,0,0,1
SYN00009,44,12,2404,1,2,0,0,0,1
SYN00009,45,9,2381,0,2,0,0,0,1
SYN00009,46,12,2361,1,2,0,0,0,1
SYN00009,47,12,2345,0,3,0,0,0,1
SYN00009,48,14,2325,1,3,0,0,0,1
SYN00009,49,14,2304,0,3,0,0,0,1
SYN00009,50,14,2304,0,3,0,0,0,1
SYN00009,51,14,2285,1,3,0,0,0,1
SYN00009,52,14,2285,1,3,0,0,0,1
SYN00009,53,12,2277,0,3,0,0,0,1
SYN00009,54,14,2255,1,3,0,0,0,1
SYN00009,55,12,2248,0,3,0,0,0,1
SYN00009,56,15,2231,1,3,0,0,0,1
SYN00009,57,13,2216,0,3,0,0,0,1
SYN00009,58,13,2206,1,3,1,0,0,1
SYN00009,59,10,2190,0,3,1,0,0,1
SYN00009,60,10,2183,1,3,1,0,0,1
SYN00009,61,10,2183,1,3,1,0,0,1
SYN00009,62,10,2177,0,3,1,0,0,1
SYN00009,63,10,2177,0,3,1,0,0,1
SYN00009,64,12,2160,1,3,1,0,0,1
SYN00009,65,12,2160,0,3,1,0,0,1
SYN00009,66,12,2160,0,3,1,0,0,1
SYN00009,67,12,2155,0,3,1,0,0,1
SYN00009,68,12,2155,0,3,1,0,0,1
SYN00009,69,12,2142,1,3,1,0,0,1
SYN00009,70,10,2131,0,3,1,0,0,1
SYN00009,71,12,2126,1,3,1,0,0,1
SYN00009,72,12,2108,0,3,1,0,0,1
SYN00009,73,12,2108,0,3,1,0,0,1
SYN00009,74,12,2102,1,3,1,0,0,1
SYN00009,75,12,2102,1,3,1,0,0,1
SYN00009,76,10,2079,0,3,1,0,0,1
SYN00009,77,13,2070,1,3,1,0,0,1
SYN00009,78,13,2049,0,3,1,0,0,1
SYN00009,79,13,2049,0,3,1,0,0,1
SYN00009,80,15,2031,1,3,1,0,0,1
SYN00009,81,15,2012,0,3,1,0,0,1
SYN00009,82,15,2012,0,3,1,0,0,1
SYN00009,83,15,1991,1,3,1,0,0,1
SYN00009,84,15,1991,1,3,1,0,0,1
SYN00009,85,15,1980,0,3,1,0,0,1
SYN00009,86,17,1973,1,3,1,0,0,1
SYN00009,87,15,1967,0,3,1,0,0,1
SYN00009,88,15,1947,1,3,1,0,0,1
SYN00009,89,15,1947,1,3,1,0,0,1
SYN00009,90,13,1933,0,3,1,0,0,1
SYN00009,91,16,1909,1,3,1,0,0,1
SYN00009,92,16,1893,0,3,1,0,0,1
SYN00009,93,16,1893,0,3,1,0,0,1
SYN00009,94,19,1885,1,3,1,0,0,1
SYN00009,95,19,1870,0,3,1,0,0,1
SYN00009,96,19,1870,0,3,1,0,0,1
SYN00009,97,19,1864,1,3,1,0,0,1
SYN00009,98,19,1864,1,3,1,0,0,1
SYN00009,99,17,1846,0,3,1,0,0,1
SYN00009,100,17,1828,1,3,2,0,0,1
SYN00009,101,17,1816,0,3,2,0,0,1
SYN00009,102,17,1816,0,3,2,0,0,1
SYN00009,103,19,1807,1,3,2,0,0,1
SYN00009,104,19,1783,0,4,2,0,0,1
SYN00009,105,21,1778,1,4,2,0,0,1
SYN00009,106,21,1759,0,4,2,0,0,1
SYN00009,107,21,1751,1,4,2,0,0,1
SYN00009,108,21,1751,1,4,2,0,0,1
SYN00009,109,21,1742,0,4,2,0,0,1
SYN00009,110,21,1742,0,4,2,0,0,1
SYN00009,111,21,1727,1,4,2,0,0,1
SYN00009,112,21,1727,1,4,2,0,0,1
SYN00009,113,21,1715,0,4,2,0,0,1
SYN00009,114,21,1715,0,4,2,0,0,1
SYN00009,115,23,1707,1,4,2,0,0,1
SYN00009,116,23,1684,0,4,2,0,0,1
SYN00009,117,23,1684,0,4,2,0,0,1
SYN00009,118,25,1678,1,4,2,0,0,1
SYN00009,119,25,1659,0,4,2,0,0,1
SYN00009,120,25,1659,0,4,2,0,0,1
SYN00009,121,25,1635,1,4,2,0,0,1
SYN00009,122,25,1612,0,5,2,1,0,1
SYN00009,123,25,1594,1,5,2,1,0,1
SYN00009,124,25,1594,1,5,2,1,0,1
SYN00009,125,23,1575,0,5,2,1,0,1
SYN00009,126,23,1551,1,5,2,1,0,1
SYN00009,127,23,1551,1,5,2,1,0,1
SYN00009,128,21,1530,0,5,2,1,0,1
SYN00009,129,21,1506,1,5,3,1,0,1
SYN00009,130,21,1493,0,5,3,1,0,1
SYN00009,131,21,1493,0,5,3,1,0,1
SYN00009,132,24,1478,1,5,3,1,0,1
SYN00009,133,24,1456,0,5,3,1,0,1
SYN00009,134,24,1456,0,5,3,1,0,1
SYN00009,135,26,1447,1,5,3,1,0,1
SYN00009,136,26,1440,0,5,3,1,0,1
SYN00009,137,26,1440,0,5,3,1,0,1
SYN00009,138,26,1440,1,5,3,1,0,1
SYN00009,139,26,1440,1,5,3,1,0,1
SYN00009,140,29,1431,1,5,3,1,0,1
SYN00009,141,29,1407,0,5,3,1,0,1
SYN00009,142,29,1396,1,5,3,1,0,1
SYN00009,143,29,1396,1,5,3,1,0,1
SYN00009,144,27,1386,0,5,3,1,0,1
SYN00009,145,27,1366,1,5,3,1,0,1
SYN00009,146,27,1366,1,5,3,1,0,1
SYN00009,147,25,1360,0,5,3,1,0,1
SYN00009,148,27,1339,1,5,3,1,0,1
SYN00009,149,27,1326,0,5,3,1,0,1
SYN00009,150,27,1326,0,5,3,1,0,1
SYN00009,151,27,1310,1,5,3,1,0,1
SYN00009,152,27,1310,1,5,3,1,0,1
SYN00009,153,27,1286,0,5,3,1,0,1
SYN00009,154,27,1286,0,5,3,1,0,1
SYN00009,155,30,1264,1,5,3,1,0,1
SYN00009,156,30,1251,0,6,3,1,0,1
SYN00009,157,33,1243,1,6,3,1,0,1
SYN00009,158,33,1231,0,6,3,1,0,1
SYN00009,159,33,1231,0,6,3,1,0,1
SYN00009,160,33,1225,1,6,3,1,0,1
SYN00009,161,33,1225,1,6,3,1,0,1
SYN00009,162,33,1220,0,6,3,1,0,1
SYN00009,163,33,1207,1,6,3,1,0,1
SYN00009,164,33,1207,1,6,3,1,0,1
SYN00009,165,31,1184,0,6,3,1,0,1
SYN00009,166,33,1162,1,6,3,1,0,1
SYN00009,167,31,1148,0,6,3,1,0,1
SYN00009,168,31,1132,1,6,3,1,0,1
SYN00009,169,31,1132,1,6,3,1,0,1
SYN00009,170,29,1121,0,6,3,1,0,1
SYN00009,171,29,1108,1,6,3,1,0,1
SYN00009,172,29,1108,1,6,3,1,0,1
SYN00009,173,29,1102,0,7,3,1,0,1
SYN00009,174,29,1085,1,7,3,1,0,1
SYN00009,175,29,1085,1,7,3,1,0,1
SYN00009,176,29,1070,0,7,3,1,0,1
SYN00009,177,29,1070,0,7,3,1,0,1
SYN00009,178,29,1049,1,7,3,1,0,1
SYN00009,179,29,1049,1,7,3,1,0,1
SYN00009,180,27,1041,0,7,3,1,0,1
SYN00009,181,27,1020,1,7,3,1,0,1
SYN00009,182,27,1020,1,7,3,1,0,1
SYN00009,183,24,1002,0,7,3,1,0,1
SYN00009,184,24,986,1,7,3,1,0,1
SYN00009,185,24,986,1,7,3,1,0,1
SYN00009,186,24,977,0,8,3,1,0,1
SYN00009,187,26,971,1,8,3,1,0,1
SYN00009,188,26,963,0,8,3,1,0,1
SYN00009,189,26,963,0,8,3,1,0,1
SYN00009,190,28,945,1,8,3,1,0,1
SYN00009,191,25,936,0,8,3,1,0,1
SYN00009,192,25,927,1,8,3,1,0,1
SYN00009,193,25,927,1,8,3,1,0,1
SYN00009,194,25,905,0,8,3,1,0,1
SYN00009,195,25,905,0,8,3,1,0,1
SYN00009,196,25,898,1,8,3,1,0,1
SYN00009,197,25,898,1,8,3,1,0,1
SYN00009,198,25,890,0,8,3,1,0,1
SYN00009,199,25,890,0,8,3,1,0,1
SYN00009,200,25,866,1,8,4,1,0,1
SYN00009,201,22,851,0,8,4,1,0,1
SYN00009,202,22,843,1,8,5,1,1,1
SYN00009,203,20,825,0,8,5,1,1,1
SYN00009,204,20,816,1,8,5,1,1,1
SYN00009,205,20,816,1,8,5,1,1,1
SYN00009,206,20,800,0,8,5,1,1,1
SYN00009,207,20,800,0,8,5,1,1,1
SYN00009,208,22,781,1,8,5,1,1,1
SYN00009,209,22,766,0,8,5,1,1,1
SYN00009,210,22,766,0,8,5,1,1,1
SYN00009,211,22,760,1,8,5,1,1,1
SYN00009,212,22,760,1,8,5,1,1,1
SYN00009,213,22,744,0,8,5,1,1,1
SYN00009,214,22,744,0,8,5,1,1,1
SYN00009,215,22,735,1,8,5,1,1,1
SYN00009,216,22,735,1,8,5,1,1,1
SYN00009,217,19,724,0,8,5,1,1,1
SYN00009,218,21,720,1,8,5,1,1,1
SYN00009,219,21,720,0,8,5,1,1,1
SYN00009,220,21,720,0,8,5,1,1,1
SYN00009,221,21,698,0,8,5,1,1,1
SYN00009,222,21,698,0,8,5,1,1,1
SYN00009,223,21,690,1,8,5,1,1,1
SYN00009,224,21,690,1,8,5,1,1,1
SYN00009,225,19,685,0,8,5,1,1,1
SYN00009,226,21,673,1,8,5,1,1,1
SYN00009,227,21,664,0,8,5,1,1,1
SYN00009,228,21,643,1,8,5,1,1,1
SYN00009,229,21,643,1,8,5,1,1,1
SYN00009,230,21,630,0,9,5,1,1,1
SYN00009,231,21,618,1,9,5,1,1,1
SYN00009,232,21,618,1,9,5,1,1,1
SYN00009,233,19,598,0,9,5,1,1,1
SYN00009,234,22,589,1,9,5,1,1,1
SYN00009,235,22,565,0,9,5,1,1,1
SYN00009,236,22,565,0,9,5,1,1,1
SYN00009,237,22,560,1,9,5,1,1,1
SYN00009,238,22,560,1,9,5,1,1,1
SYN00009,239,22,538,0,9,5,1,1,1
SYN00009,240,25,523,1,9,5,1,1,1
SYN00009,241,25,518,0,9,5,1,1,1
SYN00009,242,25,518,0,9,5,1,1,1
SYN00009,243,25,498,1,9,6,1,1,1
SYN00009,244,23,475,0,9,6,1,1,1
SYN00009,245,23,456,1,9,6,1,1,1
SYN00009,246,23,456,1,9,6,1,1,1
SYN00009,247,23,434,0,9,6,1,1,1
SYN00009,248,23,434,0,9,6,1,1,1
SYN00009,249,23,412,1,9,6,1,1,1
SYN00009,250,23,412,1,9,6,1,1,1
SYN00009,251,23,405,0,9,6,1,1,1
SYN00009,252,23,405,0,9,6,1,1,1
SYN00009,253,23,383,1,9,6,1,1,1
SYN00009,254,23,383,1,9,6,1,1,1
SYN00009,255,21,371,0,9,6,1,1,1
SYN00009,256,21,358,1,9,6,1,1,1
SYN00009,257,21,358,1,9,6,1,1,1
SYN00009,258,21,344,0,9,6,1,1,1
SYN00009,259,21,344,0,9,6,1,1,1
SYN00009,260,23,330,1,9,6,1,1,1
SYN00009,261,20,311,0,9,6,1,1,1
SYN00009,262,22,292,1,9,6,1,1,1
SYN00009,263,22,271,0,9,6,1,1,1
SYN00009,264,22,271,0,9,6,1,1,1
SYN00009,265,24,259,1,9,6,1,1,1
SYN00009,266,22,236,0,9,6,1,1,1
SYN00009,267,24,228,1,9,6,1,1,1
SYN00009,268,22,213,0,9,6,1,1,1
SYN00009,269,24,208,1,9,6,1,1,1
SYN00009,270,22,193,0,9,6,1,1,1
SYN00009,271,22,182,1,9,6,1,1,1
SYN00009,272,22,182,1,9,6,1,1,1
SYN00009,273,22,169,0,9,6,1,1,1
SYN00009,274,22,169,0,9,6,1,1,1
SYN00009,275,24,156,1,9,6,1,1,1
SYN00009,276,24,134,0,9,6,1,1,1
SYN00009,277,24,134,0,9,6,1,1,1
SYN00009,278,26,121,1,9,6,1,1,1
SYN00009,279,24,116,0,9,6,1,1,1
SYN00009,280,24,110,1,9,6,1,1,1
SYN00009,281,24,110,1,9,6,1,1,1
SYN00009,282,24,89,0,9,6,1,1,1
SYN00009,283,24,89,0,9,6,1,1,1
SYN00009,284,24,74,1,9,7,1,1,1
SYN00009,285,24,61,0,9,7,1,1,1
SYN00009,286,24,61,0,9,7,1,1,1
SYN00009,287,24,42,1,9,7,1,1,1
SYN00009,288,24,42,1,9,7,1,1,1
SYN00009,289,24,20,0,9,7,1,1,1
SYN00009,290,24,20,0,9,7,1,1,1
SYN00009,291,26,0,1,9,7,1,1,1
SYN00009,292,26,0,0,9,7,1,1,1
SYN00010,1,0,2880,1,0,0,0,0,1
SYN00010,2,3,2871,1,0,0,0,0,1
SYN00010,3,3,2853,0,0,0,0,0,1
SYN00010,4,3,2853,0,0,0,0,0,1
SYN00010,5,5,2848,1,0,0,0,0,1
SYN00010,6,5,2829,0,0,0,0,0,1
SYN00010,7,5,2829,0,0,0,0,0,1
SYN00010,8,7,2824,1,0,0,0,0,1
SYN00010,9,5,2818,0,0,0,0,0,1
SYN00010,10,5,2810,1,0,0,0,0,1
SYN00010,11,5,2810,1,0,0,0,0,1
SYN00010,12,5,2798,0,0,0,0,0,1
SYN00010,13,5,2786,1,0,1,0,0,1
SYN00010,14,5,2763,0,0,1,0,0,1
SYN00010,15,5,2763,0,0,1,0,0,1
SYN00010,16,8,2743,1,0,1,0,0,1
SYN00010,17,5,2733,0,0,1,0,0,1
SYN00010,18,7,2725,1,0,1,0,0,1
SYN00010,19,7,2705,0,0,1,0,0,1
SYN00010,20,7,2693,1,0,1,0,0,1
SYN00010,21,7,2693,1,0,1,0,0,1
SYN00010,22,7,2686,0,0,1,0,0,1
SYN00010,23,7,2686,0,0,1,0,0,1
SYN00010,24,7,2666,1,0,1,0,0,1
SYN00010,25,7,2666,1,0,1,0,0,1
SYN00010,26,4,2648,0,0,1,0,0,1
SYN00010,27,6,2640,1,0,1,0,0,1
SYN00010,28,4,2628,0,0,1,0,0,1
SYN00010,29,7,2611,1,0,1,0,0,1
SYN00010,30,7,2602,0,0,1,0,0,1
SYN00010,31,7,2602,0,0,1,0,0,1
SYN00010,32,7,2587,1,0,2,0,0,1
SYN00010,33,7,2573,0,0,2,0,0,1
SYN00010,34,10,2563,1,0,2,0,0,1
SYN00010,35,7,2556,0,0,2,0,0,1
SYN00010,36,9,2535,1,0,2,0,0,1
SYN00010,37,7,2519,0,0,2,0,0,1
SYN00010,38,9,2495,1,0,2,0,0,1
SYN00010,39,9,2490,0,0,2,0,0,1
SYN00010,40,9,2490,0,0,2,0,0,1
SYN00010,41,9,2469,1,0,3,0,0,1
SYN00010,42,9,2455,0,1,3,0,0,1
SYN00010,43,9,2447,1,1,4,0,0,1
SYN00010,44,9,2430,0,1,4,0,0,1
SYN00010,45,9,2430,0,1,4,0,0,1
SYN00010,46,9,2414,1,1,4,0,0,1
SYN00010,47,9,2414,1,1,4,0,0,1
SYN00010,48,9,2390,0,1,4,0,0,1
SYN00010,49,9,2390,0,1,4,0,0,1
SYN00010,50,12,2380,1,1,4,0,0,1
SYN00010,51,9,2367,0,1,4,0,0,1
SYN00010,52,11,2352,1,1,4,0,0,1
SYN00010,53,11,2345,0,1,4,0,0,1
SYN00010,54,11,2345,0,1,4,0,0,1
SYN00010,55,11,2337,1,1,4,0,0,1
SYN00010,56,11,2337,1,1,4,0,0,1
SYN00010,57,9,2330,0,1,4,0,0,1
SYN00010,58,9,2313,1,1,5,0,1,1
SYN00010,59,9,2291,0,1,5,0,1,1
SYN00010,60,9,2291,0,1,5,0,1,1
SYN00010,61,9,2279,1,1,5,0,1,1
SYN00010,62,9,2264,0,1,5,0,1,1
SYN00010,63,9,2264,0,1,5,0,1,1
SYN00010,64,11,2241,1,1,5,0,1,1
SYN00010,65,11,2229,0,1,5,0,1,1
SYN00010,66,11,2229,0,1,5,0,1,1
SYN00010,67,13,2212,1,1,5,0,1,1
SYN00010,68,10,2203,0,1,5,0,1,1
SYN00010,69,12,2189,1,1,5,0,1,1
SYN00010,70,12,2171,0,1,5,0,1,1
SYN00010,71,12,2171,0,1,5,0,1,1
SYN00010,72,12,2160,1,1,5,0,1,1
SYN00010,73,12,2160,1,1,5,0,1,1
SYN00010,74,12,2160,0,1,5,0,1,1
SYN00010,75,12,2160,0,1,5,0,1,1
SYN00010,76,9,2137,0,1,5,0,1,1
SYN00010,77,9,2129,1,1,6,0,1,1
SYN00010,78,9,2107,0,1,6,0,1,1
SYN00010,79,9,2101,1,1,6,0,1,1
SYN00010,80,9,2101,1,1,6,0,1,1
SYN00010,81,9,2077,0,2,6,0,1,1
SYN00010,82,9,2071,1,2,6,0,1,1
SYN00010,83,9,2071,1,2,6,0,1,1
SYN00010,84,7,2053,0,2,6,0,1,1
SYN00010,85,9,2038,1,2,6,0,1,1
SYN00010,86,7,2017,0,2,6,0,1,1
SYN00010,87,7,2005,1,2,6,0,1,1
SYN00010,88,7,2005,1,2,6,0,1,1
SYN00010,89,5,1983,0,2,6,0,1,1
SYN00010,90,5,1971,1,2,6,0,1,1
SYN00010,91,5,1971,1,2,6,0,1,1
SYN00010,92,5,1961,0,2,6,0,1,1
SYN00010,93,5,1961,0,2,6,0,1,1
SYN00010,94,7,1945,1,2,6,0,1,1
SYN00010,95,5,1932,0,2,6,0,1,1
SYN00010,96,7,1919,1,2,6,0,1,1
SYN00010,97,7,1898,0,2,6,0,1,1
SYN00010,98,7,1898,0,2,6,0,1,1
SYN00010,99,7,1886,1,2,7,0,1,1
SYN00010,100,7,1866,0,2,7,0,1,1
SYN00010,101,7,1866,0,2,7,0,1,1
SYN00010,102,7,1846,1,2,7,0,1,1
SYN00010,103,7,1846,1,2,7,0,1,1
SYN00010,104,5,1827,0,2,7,0,1,1
SYN00010,105,5,1817,1,2,7,0,1,1
SYN00010,106,5,1817,1,2,7,0,1,1
SYN00010,107,5,1793,0,2,7,0,1,1
SYN00010,108,5,1793,0,2,7,0,1,1
SYN00010,109,7,1782,1,2,7,0,1,1
SYN00010,110,7,1774,0,2,7,0,1,1
SYN00010,111,7,1758,1,2,7,0,1,1
SYN00010,112,4,1735,0,2,7,0,1,1
SYN00010,113,4,1724,1,2,7,0,1,1
SYN00010,114,4,1724,1,2,7,0,1,1
SYN00010,115,1,1712,0,2,7,0,1,1
SYN00010,116,1,1691,1,2,7,0,1,1
SYN00010,117,1,1691,1,2,7,0,1,1
SYN00010,118,1,1682,0,2,7,0,1,1
SYN00010,119,1,1682,0,2,7,0,1,1
SYN00010,120,3,1671,1,2,7,0,1,1
SYN00010,121,3,1661,0,2,7,0,1,1
SYN00010,122,3,1654,1,2,7,0,1,1
SYN00010,123,3,1654,1,2,7,0,1,1
SYN00010,124,3,1647,0,2,7,0,1,1
SYN00010,125,3,1647,0,2,7,0,1,1
SYN00010,126,3,1626,1,2,8,0,1,1
SYN00010,127,1,1618,0,2,8,0,1,1
SYN00010,128,1,1602,1,2,8,0,1,1
SYN00010,129,1,1602,1,2,8,0,1,1
SYN00010,130,1,1587,0,2,8,0,1,1
SYN00010,131,1,1587,0,2,8,0,1,1
SYN00010,132,1,1565,1,2,8,0,1,1
SYN00010,133,1,1565,1,2,8,0,1,1
SYN00010,134,1,1543,0,2,8,0,1,1
SYN00010,135,1,1543,0,2,8,0,1,1
SYN00010,136,4,1532,1,2,8,0,1,1
SYN00010,137,1,1520,0,2,8,0,1,1
SYN00010,138,4,1513,1,2,8,0,1,1
SYN00010,139,4,1500,0,2,8,0,1,1
SYN00010,140,4,1500,0,2,8,0,1,1
SYN00010,141,4,1487,1,2,8,0,1,1
SYN00010,142,4,1487,1,2,8,0,1,1
SYN00010,143,4,1481,0,2,8,0,1,1
SYN00010,144,4,1481,0,2,8,0,1,1
SYN00010,145,4,1461,1,2,8,0,1,1
SYN00010,146,4,1447,0,2,8,0,1,1
SYN00010,147,4,1447,0,2,8,0,1,1
SYN00010,148,7,1440,1,2,8,0,1,1
SYN00010,149,7,1440,0,2,8,0,1,1
SYN00010,150,7,1440,0,2,8,0,1,1
SYN00010,151,7,1424,0,2,8,0,1,1
SYN00010,152,7,1424,0,2,8,0,1,1
SYN00010,153,10,1407,1,2,8,0,1,1
SYN00010,154,10,1385,0,2,8,0,1,1
SYN00010,155,10,1369,1,2,8,0,1,1
SYN00010,156,10,1369,1,2,8,0,1,1
SYN00010,157,10,1354,0,2,8,0,1,1
SYN00010,158,10,1354,0,2,8,0,1,1
SYN00010,159,10,1349,1,2,8,0,1,1
SYN00010,160,10,1338,0,2,8,0,1,1
SYN00010,161,10,1338,0,2,8,0,1,1
SYN00010,162,10,1321,1,2,8,0,1,1
SYN00010,163,10,1298,0,2,8,0,1,1
SYN00010,164,10,1298,0,2,8,0,1,1
SYN00010,165,12,1274,1,2,8,0,1,1
SYN00010,166,12,1268,0,2,8,0,1,1
SYN00010,167,12,1268,0,2,8,0,1,1
SYN00010,168,14,1245,1,2,8,0,1,1
SYN00010,169,12,1225,0,2,8,0,1,1
SYN00010,170,14,1204,1,2,8,0,1,1
SYN00010,171,14,1194,0,2,8,0,1,1
SYN00010,172,14,1194,0,2,8,0,1,1
SYN00010,173,14,1174,1,2,8,0,1,1
SYN00010,174,14,1174,1,2,8,0,1,1
SYN00010,175,14,1153,0,2,8,0,1,1
SYN00010,176,14,1153,0,2,8,0,1,1
SYN00010,177,16,1145,1,2,8,0,1,1
SYN00010,178,13,1133,0,2,8,0,1,1
SYN00010,179,15,1124,1,2,8,0,1,1
SYN00010,180,15,1114,0,2,8,0,1,1
SYN00010,181,15,1114,0,2,8,0,1,1
SYN00010,182,15,1090,1,2,8,0,1,1
SYN00010,183,13,1070,0,2,8,0,1,1
SYN00010,184,13,1057,1,2,8,0,1,1
SYN00010,185,13,1057,1,2,8,0,1,1
SYN00010,186,13,1033,0,2,8,0,1,1
SYN00010,187,13,1033,0,2,8,0,1,1
SYN00010,188,13,1009,1,2,8,0,1,1
SYN00010,189,13,1009,1,2,8,0,1,1
SYN00010,190,13,999,0,2,8,0,1,1
SYN00010,191,13,999,0,2,8,0,1,1
SYN00010,192,15,976,1,2,8,0,1,1
SYN00010,193,13,967,0,2,8,0,1,1
SYN00010,194,16,961,1,2,8,0,1,1
SYN00010,195,14,944,0,2,8,0,1,1
SYN00010,196,14,936,1,2,8,0,1,1
SYN00010,197,14,915,0,2,8,0,1,1
SYN00010,198,14,915,0,2,8,0,1,1
SYN00010,199,14,896,1,2,8,0,1,1
SYN00010,200,14,881,0,2,8,0,1,1
SYN00010,201,14,881,0,2,8,0,1,1
SYN00010,202,14,871,1,2,8,0,1,1
SYN00010,203,14,854,0,3,8,0,1,1
SYN00010,204,14,830,1,3,8,0,1,1
SYN00010,205,14,830,1,3,8,0,1,1
SYN00010,206,12,812,0,3,8,0,1,1
SYN00010,207,14,804,1,3,8,0,1,1
SYN00010,208,12,797,0,3,8,0,1,1
SYN00010,209,12,791,1,3,8,0,1,1
SYN00010,210,12,791,1,3,8,0,1,1
SYN00010,211,12,783,0,3,8,0,1,1
SYN00010,212,12,783,0,3,8,0,1,1
SYN00010,213,14,776,1,3,8,0,1,1
SYN00010,214,12,768,0,3,8,0,1,1
SYN00010,215,12,746,1,3,8,0,1,1
SYN00010,216,12,746,1,3,8,0,1,1
SYN00010,217,12,738,0,3,8,0,1,1
SYN00010,218,12,738,0,3,8,0,1,1
SYN00010,219,14,726,1,3,8,0,1,1
SYN00010,220,14,720,0,4,8,0,1,1
SYN00010,221,14,720,1,4,8,0,1,1
SYN00010,222,14,720,1,4,8,0,1,1
SYN00010,223,14,711,1,4,8,0,1,1
SYN00010,224,14,711,1,4,8,0,1,1
SYN00010,225,14,704,0,4,8,0,1,1
SYN00010,226,14,704,0,4,8,0,1,1
SYN00010,227,16,693,1,4,8,0,1,1
SYN00010,228,14,678,0,4,8,0,1,1
SYN00010,229,16,667,1,4,8,0,1,1
SYN00010,230,16,655,0,4,8,0,1,1
SYN00010,231,16,649,1,4,9,0,1,1
SYN00010,232,16,641,0,4,9,0,1,1
SYN00010,233,16,641,0,4,9,0,1,1
SYN00010,234,16,625,1,4,9,0,1,1
SYN00010,235,16,625,1,4,9,0,1,1
SYN00010,236,16,613,0,5,9,1,1,1
SYN00010,237,16,594,1,5,9,1,1,1
SYN00010,238,16,594,1,5,9,1,1,1
SYN00010,239,13,575,0,5,9,1,1,1
SYN00010,240,16,552,1,5,9,1,1,1
SYN00010,241,16,543,0,6,9,1,1,1
SYN00010,242,16,522,1,6,9,1,1,1
SYN00010,243,16,522,1,6,9,1,1,1
SYN00010,244,14,503,0,6,9,1,1,1
SYN00010,245,14,490,1,6,9,1,1,1
SYN00010,246,12,485,0,6,9,1,1,1
SYN00010,247,14,465,1,6,9,1,1,1
SYN00010,248,12,451,0,6,9,1,1,1
SYN00010,249,14,444,1,6,9,1,1,1
SYN00010,250,11,430,0,6,9,1,1,1
SYN00010,251,11,416,1,6,9,1,1,1
SYN00010,252,11,400,0,6,9,1,1,1
SYN00010,253,11,400,0,6,9,1,1,1
SYN00010,254,13,377,1,6,9,1,1,1
SYN00010,255,13,364,0,6,9,1,1,1
SYN00010,256,13,364,0,6,9,1,1,1
SYN00010,257,13,341,1,6,9,1,1,1
SYN00010,258,13,341,1,6,9,1,1,1
SYN00010,259,11,323,0,6,9,1,1,1
SYN00010,260,11,304,1,6,10,1,1,1
SYN00010,261,9,284,0,6,10,1,1,1
SYN00010,262,9,273,1,6,11,1,1,1
SYN00010,263,6,268,0,6,11,1,1,1
SYN00010,264,8,256,1,6,11,1,1,1
SYN00010,265,8,240,0,6,11,1,1,1
SYN00010,266,8,240,0,6,11,1,1,1
SYN00010,267,8,219,1,6,12,1,1,1
SYN00010,268,8,202,0,6,12,1,1,1
SYN00010,269,8,202,0,6,12,1,1,1
SYN00010,270,8,196,1,6,12,1,1,1
SYN00010,271,8,196,1,6,12,1,1,1
SYN00010,272,6,186,0,6,12,1,1,1
SYN00010,273,8,168,1,6,12,1,1,1
SYN00010,274,6,145,0,6,12,1,1,1
SYN00010,275,6,123,1,6,12,1,1,1
SYN00010,276,6,123,1,6,12,1,1,1
SYN00010,277,4,115,0,6,12,1,1,1
SYN00010,278,4,100,1,6,12,1,1,1
SYN00010,279,4,100,1,6,12,1,1,1
SYN00010,280,2,89,0,6,12,1,1,1
SYN00010,281,4,66,1,6,12,1,1,1
SYN00010,282,4,59,0,6,12,1,1,1
SYN00010,283,4,59,0,6,12,1,1,1
SYN00010,284,6,37,1,6,12,1,1,1
SYN00010,285,6,22,0,6,12,1,1,1
SYN00010,286,6,22,0,6,12,1,1,1
SYN00010,287,9,3,1,6,12,1,1,1
SYN00010,288,7,0,0,6,12,1,1,1
SYN00010,289,7,0,1,6,12,1,1,1
SYN00011,1,0,2880,0,0,0,0,0,0
SYN00011,2,-2,2874,0,0,0,0,0,0
SYN00011,3,0,2866,1,0,0,0,0,0
SYN00011,4,0,2842,0,0,0,0,0,0
SYN00011,5,0,2842,0,0,0,0,0,0
SYN00011,6,0,2832,1,0,1,0,0,0
SYN00011,7,0,2812,0,0,1,0,0,0
SYN00011,8,0,2798,1,0,1,0,0,0
SYN00011,9,0,2798,1,0,1,0,0,0
SYN00011,10,0,2777,0,0,1,0,0,0
SYN00011,11,0,2777,0,0,1,0,0,0
SYN00011,12,0,2760,1,0,1,0,0,0
SYN00011,13,0,2760,1,0,1,0,0,0
SYN00011,14,0,2743,0,1,1,0,0,0
SYN00011,15,2,2722,1,1,1,0,0,0
SYN00011,16,2,2710,0,1,1,0,0,0
SYN00011,17,2,2710,0,1,1,0,0,0
SYN00011,18,4,2686,1,1,1,0,0,0
SYN00011,19,2,2664,0,1,1,0,0,0
SYN00011,20,2,2646,1,1,1,0,0,0
SYN00011,21,2,2646,1,1,1,0,0,0
SYN00011,22,-1,2623,0,1,1,0,0,0
SYN00011,23,1,2602,1,1,1,0,0,0
SYN00011,24,1,2595,0,1,1,0,0,0
SYN00011,25,1,2595,0,1,1,0,0,0
SYN00011,26,3,2582,1,1,1,0,0,0
SYN00011,27,1,2558,0,1,1,0,0,0
SYN00011,28,3,2537,1,1,1,0,0,0
SYN00011,29,3,2530,0,1,1,0,0,0
SYN00011,30,3,2530,0,1,1,0,0,0
SYN00011,31,3,2518,1,1,1,0,0,0
SYN00011,32,3,2518,1,1,1,0,0,0
SYN00011,33,1,2512,0,1,1,0,0,0
SYN00011,34,4,2501,1,1,1,0,0,0
SYN00011,35,4,2485,0,1,1,0,0,0
SYN00011,36,4,2485,0,1,1,0,0,0
SYN00011,37,4,2470,1,1,1,0,0,0
SYN00011,38,4,2470,1,1,1,0,0,0
SYN00011,39,4,2459,0,1,1,0,0,0
SYN00011,40,4,2459,0,1,1,0,0,0
SYN00011,41,6,2454,1,1,1,0,0,0
SYN00011,42,4,2432,0,1,1,0,0,0
SYN00011,43,4,2416,1,1,1,0,0,0
SYN00011,44,4,2416,1,1,1,0,0,0
SYN00011,45,4,2405,0,1,1,0,0,0
SYN00011,46,4,2405,0,1,1,0,0,0
SYN00011,47,6,2398,1,1,1,0,0,0
SYN00011,48,6,2376,0,2,1,0,0,0
SYN00011,49,6,2370,1,2,1,0,0,0
SYN00011,50,6,2370,1,2,1,0,0,0
SYN00011,51,3,2360,0,2,1,0,0,0
SYN00011,52,3,2353,1,2,1,0,0,0
SYN00011,53,3,2353,1,2,1,0,0,0
SYN00011,54,3,2331,0,2,1,0,0,0
SYN00011,55,3,2331,0,2,1,0,0,0
SYN00011,56,3,2320,1,2,1,0,0,0
SYN00011,57,3,2299,0,3,1,0,0,0
SYN00011,58,5,2282,1,3,1,0,0,0
SYN00011,59,5,2273,0,3,1,0,0,0
SYN00011,60,5,2273,0,3,1,0,0,0
SYN00011,61,5,2251,1,3,1,0,0,0
SYN00011,62,5,2238,0,3,1,0,0,0
SYN00011,63,5,2238,0,3,1,0,0,0
SYN00011,64,7,2220,1,3,1,0,0,0
SYN00011,65,7,2199,0,3,1,0,0,0
SYN00011,66,7,2199,0,3,1,0,0,0
SYN00011,67,9,2188,1,3,1,0,0,0
SYN00011,68,9,2172,0,4,1,0,0,0
SYN00011,69,9,2160,1,4,1,0,0,0
SYN00011,70,9,2160,1,4,1,0,0,0
SYN00011,71,9,2160,0,4,1,0,0,0
SYN00011,72,9,2160,0,4,1,0,0,0
SYN00011,73,7,2149,0,4,1,0,0,0
SYN00011,74,9,2129,1,4,1,0,0,0
SYN00011,75,9,2110,0,4,1,0,0,0
SYN00011,76,9,2110,0,4,1,0,0,0
SYN00011,77,11,2092,1,4,1,0,0,0
SYN00011,78,11,2083,0,4,1,0,0,0
SYN00011,79,11,2083,0,4,1,0,0,0
SYN00011,80,11,2068,1,4,1,0,0,0
SYN00011,81,11,2068,1,4,1,0,0,0
SYN00011,82,9,2058,0,4,1,0,0,0
SYN00011,83,9,2051,1,4,1,0,0,0
SYN00011,84,9,2051,1,4,1,0,0,0
SYN00011,85,9,2029,0,4,1,0,0,0
SYN00011,86,9,2029,0,4,1,0,0,0
SYN00011,87,11,2009,1,4,1,0,0,0
SYN00011,88,11,2002,0,5,1,1,0,0
SYN00011,89,13,1995,1,5,1,1,0,0
SYN00011,90,11,1974,0,5,1,1,0,0
SYN00011,91,11,1965,1,5,2,1,0,0
SYN00011,92,11,1944,0,5,2,1,0,0
SYN00011,93,11,1944,0,5,2,1,0,0
SYN00011,94,14,1925,1,5,2,1,0,0
SYN00011,95,14,1916,0,5,2,1,0,0
SYN00011,96,14,1916,0,5,2,1,0,0
SYN00011,97,14,1892,1,5,2,1,0,0
SYN00011,98,14,1892,1,5,2,1,0,0
SYN00011,99,11,1874,0,5,2,1,0,0
SYN00011,100,11,1866,1,5,2,1,0,0
SYN00011,101,11,1866,1,5,2,1,0,0
SYN00011,102,9,1852,0,5,2,1,0,0
SYN00011,103,9,1845,1,5,2,1,0,0
SYN00011,104,9,1845,1,5,2,1,0,0
SYN00011,105,9,1830,0,6,2,1,0,0
SYN00011,106,11,1821,1,6,2,1,0,0
SYN00011,107,9,1800,0,6,2,1,0,0
SYN00011,108,9,1791,1,6,3,1,0,0
SYN00011,109,6,1784,0,6,3,1,0,0
SYN00011,110,6,1763,1,6,3,1,0,0
SYN00011,111,6,1763,1,6,3,1,0,0
SYN00011,112,4,1757,0,6,3,1,0,0
SYN00011,113,6,1734,1,6,3,1,0,0
SYN00011,114,6,1724,0,6,3,1,0,0
SYN00011,115,6,1724,0,6,3,1,0,0
SYN00011,116,6,1718,1,6,3,1,0,0
SYN00011,117,6,1718,1,6,3,1,0,0
SYN00011,118,6,1709,0,6,3,1,0,0
SYN00011,119,6,1709,0,6,3,1,0,0
SYN00011,120,6,1688,1,6,4,1,0,0
SYN00011,121,6,1683,0,6,4,1,0,0
SYN00011,122,6,1683,0,6,4,1,0,0
SYN00011,123,6,1659,1,6,4,1,0,0
SYN00011,124,4,1637,0,6,4,1,0,0
SYN00011,125,6,1617,1,6,4,1,0,0
SYN00011,126,6,1597,0,7,4,1,0,0
SYN00011,127,6,1589,1,7,4,1,0,0
SYN00011,128,6,1589,1,7,4,1,0,0
SYN00011,129,3,1570,0,7,4,1,0,0
SYN00011,130,3,1550,1,7,4,1,0,0
SYN00011,131,3,1550,1,7,4,1,0,0
SYN00011,132,1,1536,0,7,4,1,0,0
SYN00011,133,3,1515,1,7,4,1,0,0
SYN00011,134,1,1509,0,7,4,1,0,0
SYN00011,135,1,1504,1,7,4,1,0,0
SYN00011,136,1,1504,1,7,4,1,0,0
SYN00011,137,-1,1490,0,7,4,1,0,0
SYN00011,138,-1,1485,1,7,4,1,0,0
SYN00011,139,-1,1485,1,7,4,1,0,0
SYN00011,140,-1,1476,0,8,4,1,0,0
SYN00011,141,1,1453,1,8,4,1,0,0
SYN00011,142,1,1440,0,8,4,1,0,0
SYN00011,143,1,1440,0,8,4,1,0,0
SYN00011,144,1,1440,1,8,4,1,0,0
SYN00011,145,1,1440,1,8,4,1,0,0
SYN00011,146,1,1419,1,8,4,1,0,0
SYN00011,147,-2,1401,0,8,4,1,0,0
SYN00011,148,-2,1393,1,8,4,1,0,0
SYN00011,149,-2,1393,1,8,4,1,0,0
SYN00011,150,-4,1386,0,8,4,1,0,0
SYN00011,151,-4,1362,1,8,5,1,1,0
SYN00011,152,-6,1340,0,8,5,1,1,0
SYN00011,153,-3,1321,1,8,5,1,1,0
SYN00011,154,-3,1301,0,8,5,1,1,0
SYN00011,155,-3,1301,0,8,5,1,1,0
SYN00011,156,-3,1289,1,8,5,1,1,0
SYN00011,157,-3,1289,1,8,5,1,1,0
SYN00011,158,-6,1269,0,8,5,1,1,0
SYN00011,159,-3,1249,1,8,5,1,1,0
SYN00011,160,-3,1229,0,8,5,1,1,0
SYN00011,161,-3,1229,0,8,5,1,1,0
SYN00011,162,-3,1215,1,8,5,1,1,0
SYN00011,163,-3,1215,1,8,5,1,1,0
SYN00011,164,-5,1204,0,8,5,1,1,0
SYN00011,165,-5,1195,1,8,5,1,1,0
SYN00011,166,-5,1195,1,8,5,1,1,0
SYN00011,167,-7,1189,0,8,5,1,1,0
SYN00011,168,-7,1175,1,8,5,1,1,0
SYN00011,169,-7,1175,1,8,5,1,1,0
SYN00011,170,-7,1151,0,8,5,1,1,0
SYN00011,171,-7,1130,1,8,6,1,1,0
SYN00011,172,-7,1106,0,9,6,1,1,0
SYN00011,173,-7,1084,1,9,6,1,1,0
SYN00011,174,-7,1084,1,9,6,1,1,0
SYN00011,175,-10,1060,0,9,6,1,1,0
SYN00011,176,-10,1051,1,9,7,1,1,0
SYN00011,177,-10,1033,0,10,7,1,1,0
SYN00011,178,-10,1014,1,10,7,1,1,0
SYN00011,179,-10,1014,1,10,7,1,1,0
SYN00011,180,-10,1001,0,11,7,1,1,0
SYN00011,181,-10,984,1,11,7,1,1,0
SYN00011,182,-10,984,1,11,7,1,1,0
SYN00011,183,-10,975,0,11,7,1,1,0
SYN00011,184,-10,965,1,11,8,1,1,0
SYN00011,185,-10,949,0,11,8,1,1,0
SYN00011,186,-10,949,0,11,8,1,1,0
SYN00011,187,-10,940,1,11,8,1,1,0
SYN00011,188,-10,940,1,11,8,1,1,0
SYN00011,189,-10,934,0,11,8,1,1,0
SYN00011,190,-10,921,1,11,9,1,1,0
SYN00011,191,-12,913,0,11,9,1,1,0
SYN00011,192,-12,893,1,11,9,1,1,0
SYN00011,193,-12,874,0,11,9,1,1,0
SYN00011,194,-12,874,0,11,9,1,1,0
SYN00011,195,-12,853,1,11,9,1,1,0
SYN00011,196,-12,853,1,11,9,1,1,0
SYN00011,197,-14,846,0,11,9,1,1,0
SYN00011,198,-14,831,1,11,9,1,1,0
SYN00011,199,-16,820,0,11,9,1,1,0
SYN00011,200,-14,804,1,11,9,1,1,0
SYN00011,201,-14,790,0,11,9,1,1,0
SYN00011,202,-14,790,0,11,9,1,1,0
SYN00011,203,-12,773,1,11,9,1,1,0
SYN00011,204,-14,759,0,11,9,1,1,0
SYN00011,205,-12,737,1,11,9,1,1,0
SYN00011,206,-12,720,0,11,9,1,1,0
SYN00011,207,-12,720,0,11,9,1,1,0
SYN00011,208,-12,720,1,11,9,1,1,0
SYN00011,209,-12,720,1,11,9,1,1,0
SYN00011,210,-12,711,1,11,9,1,1,0
SYN00011,211,-12,711,1,11,9,1,1,0
SYN00011,212,-12,701,0,11,9,1,1,0
SYN00011,213,-12,701,0,11,9,1,1,0
SYN00011,214,-10,696,1,11,9,1,1,0
SYN00011,215,-10,691,0,11,9,1,1,0
SYN00011,216,-10,691,0,11,9,1,1,0
SYN00011,217,-10,671,1,11,9,1,1,0
SYN00011,218,-10,671,1,11,9,1,1,0
SYN00011,219,-12,649,0,11,9,1,1,0
SYN00011,220,-10,629,1,11,9,1,1,0
SYN00011,221,-12,621,0,11,9,1,1,0
SYN00011,222,-12,608,1,11,9,1,1,0
SYN00011,223,-12,608,1,11,9,1,1,0
SYN00011,224,-12,593,0,11,9,1,1,0
SYN00011,225,-12,593,0,11,9,1,1,0
SYN00011,226,-12,572,1,11,9,1,1,0
SYN00011,227,-12,572,1,11,9,1,1,0
SYN00011,228,-12,552,0,11,9,1,1,0
SYN00011,229,-12,552,0,11,9,1,1,0
SYN00011,230,-12,545,1,11,9,1,1,0
SYN00011,231,-12,545,1,11,9,1,1,0
SYN00011,232,-12,540,0,11,9,1,1,0
SYN00011,233,-12,540,0,11,9,1,1,0
SYN00011,234,-10,529,1,11,9,1,1,0
SYN00011,235,-12,516,0,11,9,1,1,0
SYN00011,236,-10,492,1,11,9,1,1,0
SYN00011,237,-10,474,0,11,9,1,1,0
SYN00011,238,-10,474,0,11,9,1,1,0
SYN00011,239,-8,452,1,11,9,1,1,0
SYN00011,240,-11,447,0,11,9,1,1,0
SYN00011,241,-11,435,1,11,9,1,1,0
SYN00011,242,-11,435,1,11,9,1,1,0
SYN00011,243,-11,420,0,11,9,1,1,0
SYN00011,244,-11,420,0,11,9,1,1,0
SYN00011,245,-11,414,1,11,9,1,1,0
SYN00011,246,-11,414,1,11,9,1,1,0
SYN00011,247,-11,399,0,11,9,1,1,0
SYN00011,248,-11,399,0,11,9,1,1,0
SYN00011,249,-9,380,1,11,9,1,1,0
SYN00011,250,-9,360,0,12,9,1,1,0
SYN00011,251,-9,338,1,12,10,1,1,0
SYN00011,252,-9,319,0,12,10,1,1,0
SYN00011,253,-9,319,0,12,10,1,1,0
SYN00011,254,-9,310,1,12,10,1,1,0
SYN00011,255,-9,310,1,12,10,1,1,0
SYN00011,256,-9,287,0,12,10,1,1,0
SYN00011,257,-9,287,0,12,10,1,1,0
SYN00011,258,-9,263,1,12,10,1,1,0
SYN00011,259,-9,263,1,12,10,1,1,0
SYN00011,260,-11,248,0,12,10,1,1,0
SYN00011,261,-9,225,1,12,10,1,1,0
SYN00011,262,-9,209,0,12,10,1,1,0
SYN00011,263,-9,209,0,12,10,1,1,0
SYN00011,264,-9,202,1,12,10,1,1,0
SYN00011,265,-12,189,0,12,10,1,1,0
SYN00011,266,-9,180,1,12,10,1,1,0
SYN00011,267,-9,167,0,12,10,1,1,0
SYN00011,268,-9,167,0,12,10,1,1,0
SYN00011,269,-9,162,1,12,10,1,1,0
SYN00011,270,-9,162,1,12,10,1,1,0
SYN00011,271,-9,157,0,12,10,1,1,0
SYN00011,272,-9,157,0,12,10,1,1,0
SYN00011,273,-7,143,1,12,10,1,1,0
SYN00011,274,-7,138,0,12,10,1,1,0
SYN00011,275,-7,138,0,12,10,1,1,0
SYN00011,276,-7,129,1,12,10,1,1,0
SYN00011,277,-7,129,1,12,10,1,1,0
SYN00011,278,-7,120,0,12,10,1,1,0
SYN00011,279,-7,112,1,12,10,1,1,0
SYN00011,280,-7,112,1,12,10,1,1,0
SYN00011,281,-9,92,0,12,10,1,1,0
SYN00011,282,-9,75,1,12,11,1,1,0
SYN00011,283,-9,69,0,12,11,1,1,0
SYN00011,284,-9,53,1,12,11,1,1,0
SYN00011,285,-9,53,1,12,11,1,1,0
SYN00011,286,-9,35,0,12,11,1,1,0
SYN00011,287,-9,35,0,12,11,1,1,0
SYN00011,288,-7,21,1,12,11,1,1,0
SYN00011,289,-9,10,0,12,11,1,1,0
SYN00011,290,-9,0,1,12,11,1,1,0
SYN00011,291,-9,0,1,12,11,1,1,0
SYN00011,292,-9,0,0,12,11,1,1,0
SYN00012,1,0,2880,0,0,0,0,0,0
SYN00012,2,0,2869,0,0,0,0,0,0
SYN00012,3,0,2869,0,0,0,0,0,0
SYN00012,4,2,2852,1,0,0,0,0,0
SYN00012,5,2,2831,0,0,0,0,0,0
SYN00012,6,2,2831,0,0,0,0,0,0
SYN00012,7,2,2810,1,0,0,0,0,0
SYN00012,8,2,2810,1,0,0,0,0,0
SYN00012,9,2,2789,0,1,0,0,0,0
SYN00012,10,2,2783,1,1,0,0,0,0
SYN00012,11,2,2783,1,1,0,0,0,0
SYN00012,12,0,2765,0,1,0,0,0,0
SYN00012,13,0,2751,1,1,0,0,0,0
SYN00012,14,0,2751,1,1,0,0,0,0
SYN00012,15,-2,2735,0,1,0,0,0,0
SYN00012,16,-2,2721,1,1,0,0,0,0
SYN00012,17,-2,2721,1,1,0,0,0,0
SYN00012,18,-2,2713,0,1,0,0,0,0
SYN00012,19,-2,2713,0,1,0,0,0,0
SYN00012,20,1,2693,1,1,0,0,0,0
SYN00012,21,1,2677,0,1,0,0,0,0
SYN00012,22,1,2677,0,1,0,0,0,0
SYN00012,23,1,2656,1,1,0,0,0,0
SYN00012,24,1,2656,1,1,0,0,0,0
SYN00012,25,1,2647,0,2,0,0,0,0
SYN00012,26,1,2636,1,2,0,0,0,0
SYN00012,27,1,2636,1,2,0,0,0,0
SYN00012,28,1,2616,0,2,0,0,0,0
SYN00012,29,1,2598,1,2,0,0,0,0
SYN00012,30,1,2598,1,2,0,0,0,0
SYN00012,31,1,2583,0,2,0,0,0,0
SYN00012,32,1,2583,0,2,0,0,0,0
SYN00012,33,1,2569,1,2,0,0,0,0
SYN00012,34,1,2569,1,2,0,0,0,0
SYN00012,35,1,2560,0,3,0,0,0,0
SYN00012,36,3,2555,1,3,0,0,0,0
SYN00012,37,3,2537,0,3,0,0,0,0
SYN00012,38,3,2537,0,3,0,0,0,0
SYN00012,39,3,2530,1,3,0,0,0,0
SYN00012,40,3,2530,1,3,0,0,0,0
SYN00012,41,3,2520,0,3,0,0,0,0
SYN00012,42,3,2508,1,3,1,0,0,0
SYN00012,43,1,2486,0,3,1,0,0,0
SYN00012,44,1,2476,1,3,2,0,0,0
SYN00012,45,-1,2469,0,3,2,0,0,0
SYN00012,46,-1,2460,1,3,3,0,0,0
SYN00012,47,-1,2436,0,3,3,0,0,0
SYN00012,48,-1,2436,0,3,3,0,0,0
SYN00012,49,-1,2431,1,3,3,0,0,0
SYN00012,50,-1,2431,1,3,3,0,0,0
SYN00012,51,-1,2425,0,4,3,0,0,0
SYN00012,52,1,2416,1,4,3,0,0,0
SYN00012,53,-1,2405,0,4,3,0,0,0
SYN00012,54,1,2399,1,4,3,0,0,0
SYN00012,55,-1,2377,0,4,3,0,0,0
SYN00012,56,-1,2371,1,4,3,0,0,0
SYN00012,57,-1,2371,1,4,3,0,0,0
SYN00012,58,-1,2366,0,4,3,0,0,0
SYN00012,59,-1,2343,1,4,3,0,0,0
SYN00012,60,-1,2343,1,4,3,0,0,0
SYN00012,61,-1,2322,0,4,3,0,0,0
SYN00012,62,-1,2322,0,4,3,0,0,0
SYN00012,63,2,2311,1,4,3,0,0,0
SYN00012,64,2,2294,0,5,3,1,0,0
SYN00012,65,2,2280,1,5,3,1,0,0
SYN00012,66,2,2280,1,5,3,1,0,0
SYN00012,67,0,2261,0,5,3,1,0,0
SYN00012,68,3,2250,1,5,3,1,0,0
SYN00012,69,1,2226,0,5,3,1,0,0
SYN00012,70,1,2218,1,5,4,1,0,0
SYN00012,71,1,2208,0,5,4,1,0,0
SYN00012,72,1,2208,0,5,4,1,0,0
SYN00012,73,1,2186,1,5,4,1,0,0
SYN00012,74,1,2186,1,5,4,1,0,0
SYN00012,75,-1,2177,0,5,4,1,0,0
SYN00012,76,-1,2170,1,5,4,1,0,0
SYN00012,77,-1,2170,1,5,4,1,0,0
SYN00012,78,-3,2160,0,5,4,1,0,0
SYN00012,79,-3,2160,1,5,4,1,0,0
SYN00012,80,-3,2160,1,5,4,1,0,0
SYN00012,81,-3,2154,1,5,5,1,1,0
SYN00012,82,-5,2139,0,5,5,1,1,0
SYN00012,83,-5,2132,1,5,5,1,1,0
SYN00012,84,-5,2132,1,5,5,1,1,0
SYN00012,85,-5,2109,0,5,5,1,1,0
SYN00012,86,-5,2109,0,5,5,1,1,0
SYN00012,87,-5,2087,1,5,5,1,1,0
SYN00012,88,-5,2087,1,5,5,1,1,0
SYN00012,89,-8,2077,0,5,5,1,1,0
SYN00012,90,-8,2061,1,5,5,1,1,0
SYN00012,91,-8,2061,1,5,5,1,1,0
SYN00012,92,-10,2043,0,5,5,1,1,0
SYN00012,93,-10,2037,1,5,6,1,1,0
SYN00012,94,-12,2028,0,5,6,1,1,0
SYN00012,95,-12,2014,1,5,6,1,1,0
SYN00012,96,-12,2014,1,5,6,1,1,0
SYN00012,97,-12,2009,0,5,6,1,1,0
SYN00012,98,-12,2009,0,5,6,1,1,0
SYN00012,99,-12,1992,1,5,7,1,1,0
SYN00012,100,-12,1969,0,5,7,1,1,0
SYN00012,101,-12,1969,0,5,7,1,1,0
SYN00012,102,-10,1963,1,5,7,1,1,0
SYN00012,103,-10,1941,0,5,7,1,1,0
SYN00012,104,-10,1941,0,5,7,1,1,0
SYN00012,105,-10,1933,1,5,7,1,1,0
SYN00012,106,-10,1933,1,5,7,1,1,0
SYN00012,107,-13,1920,0,5,7,1,1,0
SYN00012,108,-10,1902,1,5,7,1,1,0
SYN00012,109,-10,1885,0,6,7,1,1,0
SYN00012,110,-10,1867,1,6,7,1,1,0
SYN00012,111,-10,1859,0,6,7,1,1,0
SYN00012,112,-10,1859,0,6,7,1,1,0
SYN00012,113,-8,1854,1,6,7,1,1,0
SYN00012,114,-8,1842,0,7,7,1,1,0
SYN00012,115,-6,1831,1,7,7,1,1,0
SYN00012,116,-6,1823,0,8,7,1,1,0
SYN00012,117,-6,1816,1,8,8,1,1,0
SYN00012,118,-6,1800,0,8,8,1,1,0
SYN00012,119,-6,1800,0,8,8,1,1,0
SYN00012,120,-4,1781,1,8,8,1,1,0
SYN00012,121,-6,1766,0,8,8,1,1,0
SYN00012,122,-3,1761,1,8,8,1,1,0
SYN00012,123,-5,1738,0,8,8,1,1,0
SYN00012,124,-5,1723,1,8,8,1,1,0
SYN00012,125,-5,1723,1,8,8,1,1,0
SYN00012,126,-7,1704,0,8,8,1,1,0
SYN00012,127,-4,1691,1,8,8,1,1,0
SYN00012,128,-4,1671,0,8,8,1,1,0
SYN00012,129,-4,1671,0,8,8,1,1,0
SYN00012,130,-2,1666,1,8,8,1,1,0
SYN00012,131,-4,1660,0,8,8,1,1,0
SYN00012,132,-4,1638,1,8,8,1,1,0
SYN00012,133,-4,1617,0,8,8,1,1,0
SYN00012,134,-4,1617,0,8,8,1,1,0
SYN00012,135,-1,1594,1,8,8,1,1,0
SYN00012,136,-1,1576,0,8,8,1,1,0
SYN00012,137,-1,1576,0,8,8,1,1,0
SYN00012,138,1,1567,1,8,8,1,1,0
SYN00012,139,-2,1550,0,8,8,1,1,0
SYN00012,140,0,1526,1,8,8,1,1,0
SYN00012,141,0,1511,0,8,8,1,1,0
SYN00012,142,0,1511,0,8,8,1,1,0
SYN00012,143,0,1488,1,8,9,1,1,0
SYN00012,144,-2,1470,0,8,9,1,1,0
SYN00012,145,-2,1450,1,8,9,1,1,0
SYN00012,146,-2,1450,1,8,9,1,1,0
SYN00012,147,-2,1440,0,8,9,1,1,0
SYN00012,148,-2,1440,0,8,9,1,1,0
SYN00012,149,-2,1440,1,8,9,1,1,0
SYN00012,150,-2,1440,1,8,9,1,1,0
SYN00012,151,0,1420,1,8,9,1,1,0
SYN00012,152,-2,1415,0,8,9,1,1,0
SYN00012,153,-2,1391,1,8,9,1,1,0
SYN00012,154,-2,1391,1,8,9,1,1,0
SYN00012,155,-2,1384,0,8,9,1,1,0
SYN00012,156,-2,1368,1,8,9,1,1,0
SYN00012,157,-2,1368,1,8,9,1,1,0
SYN00012,158,-2,1362,0,8,9,1,1,0
SYN00012,159,-2,1362,0,8,9,1,1,0
SYN00012,160,-2,1352,1,8,9,1,1,0
SYN00012,161,-4,1339,0,8,9,1,1,0
SYN00012,162,-4,1324,1,8,10,1,1,0
SYN00012,163,-4,1312,0,9,10,1,1,0
SYN00012,164,-4,1297,1,9,11,1,1,0
SYN00012,165,-4,1274,0,9,11,1,1,0
SYN00012,166,-4,1274,0,9,11,1,1,0
SYN00012,167,-1,1268,1,9,11,1,1,0
SYN00012,168,-1,1260,0,9,11,1,1,0
SYN00012,169,-1,1260,0,9,11,1,1,0
SYN00012,170,1,1237,1,9,11,1,1,0
SYN00012,171,-2,1230,0,9,11,1,1,0
SYN00012,172,-2,1221,1,9,11,1,1,0
SYN00012,173,-2,1221,1,9,11,1,1,0
SYN00012,174,-2,1210,0,9,11,1,1,0
SYN00012,175,-2,1210,0,9,11,1,1,0
SYN00012,176,-2,1189,1,9,11,1,1,0
SYN00012,177,-2,1189,1,9,11,1,1,0
SYN00012,178,-4,1174,0,9,11,1,1,0
SYN00012,179,-4,1154,1,9,12,1,1,0
SYN00012,180,-7,1130,0,9,12,1,1,0
SYN00012,181,-7,1124,1,9,12,1,1,0
SYN00012,182,-7,1124,1,9,12,1,1,0
SYN00012,183,-9,1100,0,9,12,1,1,0
SYN00012,184,-9,1087,1,9,12,1,1,0
SYN00012,185,-9,1087,1,9,12,1,1,0
SYN00012,186,-9,1081,0,9,12,1,1,0
SYN00012,187,-9,1081,0,9,12,1,1,0
SYN00012,188,-7,1057,1,9,12,1,1,0
SYN00012,189,-9,1043,0,9,12,1,1,0
SYN00012,190,-7,1035,1,9,12,1,1,0
SYN00012,191,-10,1019,0,9,12,1,1,0
SYN00012,192,-10,1001,1,9,12,1,1,0
SYN00012,193,-10,1001,1,9,12,1,1,0
SYN00012,194,-12,984,0,9,12,1,1,0
SYN00012,195,-10,974,1,9,12,1,1,0
SYN00012,196,-10,967,0,9,12,1,1,0
SYN00012,197,-10,967,0,9,12,1,1,0
SYN00012,198,-8,958,1,9,12,1,1,0
SYN00012,199,-8,945,0,9,12,1,1,0
SYN00012,200,-8,945,0,9,12,1,1,0
SYN00012,201,-8,931,1,9,13,1,1,0
SYN00012,202,-10,909,0,9,13,1,1,0
SYN00012,203,-10,890,1,9,14,1,1,0
SYN00012,204,-10,881,0,9,14,1,1,0
SYN00012,205,-10,881,0,9,14,1,1,0
SYN00012,206,-10,860,1,9,14,1,1,0
SYN00012,207,-13,839,0,9,14,1,1,0
SYN00012,208,-11,815,1,9,14,1,1,0
SYN00012,209,-11,793,0,9,14,1,1,0
SYN00012,210,-11,793,0,9,14,1,1,0
SYN00012,211,-8,784,1,9,14,1,1,0
SYN00012,212,-8,776,0,9,14,1,1,0
SYN00012,213,-8,776,0,9,14,1,1,0
SYN00012,214,-8,759,1,9,15,1,1,0
SYN00012,215,-10,747,0,9,15,1,1,0
SYN00012,216,-10,724,1,9,16,1,1,0
SYN00012,217,-12,720,0,9,16,1,1,0
SYN00012,218,-12,720,1,9,16,1,1,0
SYN00012,219,-12,720,1,9,16,1,1,0
SYN00012,220,-9,715,1,9,16,1,1,0
SYN00012,221,-12,702,0,9,16,1,1,0
SYN00012,222,-12,682,1,9,16,1,1,0
SYN00012,223,-14,670,0,9,16,1,1,0
SYN00012,224,-12,665,1,9,16,1,1,0
SYN00012,225,-15,654,0,9,16,1,1,0
SYN00012,226,-15,647,1,9,16,1,1,0
SYN00012,227,-15,647,1,9,16,1,1,0
SYN00012,228,-15,638,0,9,16,1,1,0
SYN00012,229,-15,618,1,9,16,1,1,0
SYN00012,230,-15,595,0,9,16,1,1,0
SYN00012,231,-15,595,0,9,16,1,1,0
SYN00012,232,-13,582,1,9,16,1,1,0
SYN00012,233,-13,562,0,9,16,1,1,0
SYN00012,234,-13,562,0,9,16,1,1,0
SYN00012,235,-11,546,1,9,16,1,1,0
SYN00012,236,-11,522,0,10,16,1,1,0
SYN00012,237,-11,512,1,10,16,1,1,0
SYN00012,238,-11,512,1,10,16,1,1,0
SYN00012,239,-11,496,0,10,16,1,1,0
SYN00012,240,-9,477,1,10,16,1,1,0
SYN00012,241,-9,464,0,10,16,1,1,0
SYN00012,242,-9,464,0,10,16,1,1,0
SYN00012,243,-9,457,1,10,16,1,1,0
SYN00012,244,-9,457,1,10,16,1,1,0
SYN00012,245,-11,447,0,10,16,1,1,0
SYN00012,246,-11,430,1,10,16,1,1,0
SYN00012,247,-11,411,0,10,16,1,1,0
SYN00012,248,-11,411,0,10,16,1,1,0
SYN00012,249,-11,406,1,10,16,1,1,0
SYN00012,250,-13,392,0,10,16,1,1,0
SYN00012,251,-11,376,1,10,16,1,1,0
SYN00012,252,-11,367,0,10,16,1,1,0
SYN00012,253,-11,367,0,10,16,1,1,0
SYN00012,254,-11,353,1,10,16,1,1,0
SYN00012,255,-11,343,0,10,16,1,1,0
SYN00012,256,-11,337,1,10,16,1,1,0
SYN00012,257,-11,337,1,10,16,1,1,0
SYN00012,258,-11,323,0,11,16,1,1,0
SYN00012,259,-9,309,1,11,16,1,1,0
SYN00012,260,-11,295,0,11,16,1,1,0
SYN00012,261,-8,280,1,11,16,1,1,0
SYN00012,262,-8,268,0,11,16,1,1,0
SYN00012,263,-8,268,0,11,16,1,1,0
SYN00012,264,-8,248,1,11,16,1,1,0
SYN00012,265,-8,248,1,11,16,1,1,0
SYN00012,266,-10,228,0,11,16,1,1,0
SYN00012,267,-10,210,1,11,16,1,1,0
SYN00012,268,-10,210,1,11,16,1,1,0
SYN00012,269,-13,201,0,11,16,1,1,0
SYN00012,270,-13,186,1,11,16,1,1,0
SYN00012,271,-13,186,1,11,16,1,1,0
SYN00012,272,-13,177,0,11,16,1,1,0
SYN00012,273,-13,177,0,11,16,1,1,0
SYN00012,274,-13,163,1,11,17,1,1,0
SYN00012,275,-13,147,0,11,17,1,1,0
SYN00012,276,-13,147,0,11,17,1,1,0
SYN00012,277,-11,132,1,11,17,1,1,0
SYN00012,278,-11,109,0,11,17,1,1,0
SYN00012,279,-11,109,0,11,17,1,1,0
SYN00012,280,-8,99,1,11,17,1,1,0
SYN00012,281,-11,76,0,11,17,1,1,0
SYN00012,282,-8,65,1,11,17,1,1,0
SYN00012,283,-8,57,0,11,17,1,1,0
SYN00012,284,-8,57,0,11,17,1,1,0
SYN00012,285,-8,33,1,11,17,1,1,0
SYN00012,286,-8,33,1,11,17,1,1,0
SYN00012,287,-8,26,0,11,17,1,1,0
SYN00012,288,-8,26,0,11,17,1,1,0
SYN00012,289,-5,9,1,11,17,1,1,0
SYN00012,290,-5,1,0,11,17,1,1,0
SYN00012,291,-5,1,0,11,17,1,1,0
SYN00012,292,-5,0,1,11,17,1,1,0
SYN00012,293,-5,0,1,11,17,1,1,0
SYN00012,294,-5,0,0,11,17,1,1,0
SYN00013,1,0,2880,0,0,0,0,0,0
SYN00013,2,-2,2868,0,0,0,0,0,0
SYN00013,3,0,2862,1,0,0,0,0,0
SYN00013,4,0,2851,0,0,0,0,0,0
SYN00013,5,0,2851,0,0,0,0,0,0
SYN00013,6,2,2843,1,0,0,0,0,0
SYN00013,7,2,2838,0,0,0,0,0,0
SYN00013,8,2,2838,0,0,0,0,0,0
SYN00013,9,5,2821,1,0,0,0,0,0
SYN00013,10,2,2809,0,0,0,0,0,0
SYN00013,11,2,2794,1,0,0,0,0,0
SYN00013,12,0,2783,0,0,0,0,0,0
SYN00013,13,0,2776,1,0,0,0,0,0
SYN00013,14,0,2776,1,0,0,0,0,0
SYN00013,15,0,2767,0,0,0,0,0,0
SYN00013,16,0,2767,0,0,0,0,0,0
SYN00013,17,0,2755,1,0,0,0,0,0
SYN00013,18,0,2755,1,0,0,0,0,0
SYN00013,19,0,2734,0,0,0,0,0,0
SYN00013,20,0,2734,0,0,0,0,0,0
SYN00013,21,2,2718,1,0,0,0,0,0
SYN00013,22,2,2696,0,1,0,0,0,0
SYN00013,23,2,2683,1,1,0,0,0,0
SYN00013,24,2,2683,1,1,0,0,0,0
SYN00013,25,-1,2672,0,1,0,0,0,0
SYN00013,26,-1,2649,1,1,0,0,0,0
SYN00013,27,-1,2649,1,1,0,0,0,0
SYN00013,28,-4,2627,0,1,0,0,0,0
SYN00013,29,-1,2609,1,1,0,0,0,0
SYN00013,30,-3,2597,0,1,0,0,0,0
SYN00013,31,-3,2573,1,1,0,0,0,0
SYN00013,32,-3,2550,0,1,0,0,0,0
SYN00013,33,-3,2550,0,1,0,0,0,0
SYN00013,34,-1,2539,1,1,0,0,0,0
SYN00013,35,-1,2531,0,1,0,0,0,0
SYN00013,36,-1,2531,0,1,0,0,0,0
SYN00013,37,1,2521,1,1,0,0,0,0
SYN00013,38,-1,2506,0,1,0,0,0,0
SYN00013,39,1,2488,1,1,0,0,0,0
SYN00013,40,-1,2482,0,1,0,0,0,0
SYN00013,41,1,2473,1,1,0,0,0,0
SYN00013,42,1,2467,0,1,0,0,0,0
SYN00013,43,1,2467,0,1,0,0,0,0
SYN00013,44,1,2461,1,1,0,0,0,0
SYN00013,45,1,2461,1,1,0,0,0,0
SYN00013,46,1,2440,0,1,0,0,0,0
SYN00013,47,1,2440,0,1,0,0,0,0
SYN00013,48,3,2426,1,1,0,0,0,0
SYN00013,49,1,2408,0,1,0,0,0,0
SYN00013,50,3,2397,1,1,0,0,0,0
SYN00013,51,1,2374,0,1,0,0,0,0
SYN00013,52,1,2354,1,1,0,0,0,0
SYN00013,53,1,2354,1,1,0,0,0,0
SYN00013,54,1,2342,0,1,0,0,0,0
SYN00013,55,1,2342,0,1,0,0,0,0
SYN00013,56,1,2329,1,1,0,0,0,0
SYN00013,57,1,2329,1,1,0,0,0,0
SYN00013,58,-2,2310,0,1,0,0,0,0
SYN00013,59,-2,2293,1,1,0,0,0,0
SYN00013,60,-2,2293,1,1,0,0,0,0
SYN00013,61,-2,2270,0,2,0,0,0,0
SYN00013,62,-2,2249,1,2,0,0,0,0
SYN00013,63,-2,2249,1,2,0,0,0,0
SYN00013,64,-2,2236,0,2,0,0,0,0
SYN00013,65,-2,2236,0,2,0,0,0,0
SYN00013,66,-2,2230,1,2,0,0,0,0
SYN00013,67,-2,2230,1,2,0,0,0,0
SYN00013,68,-4,2214,0,2,0,0,0,0
SYN00013,69,-4,2206,1,2,0,0,0,0
SYN00013,70,-4,2206,1,2,0,0,0,0
SYN00013,71,-4,2187,0,2,0,0,0,0
SYN00013,72,-4,2187,0,2,0,0,0,0
SYN00013,73,-4,2172,1,2,0,0,0,0
SYN00013,74,-4,2172,1,2,0,0,0,0
SYN00013,75,-4,2164,0,2,0,0,0,0
SYN00013,76,-4,2164,0,2,0,0,0,0
SYN00013,77,-2,2160,1,2,0,0,0,0
SYN00013,78,-2,2160,0,2,0,0,0,0
SYN00013,79,-2,2160,0,2,0,0,0,0
SYN00013,80,-4,2149,0,2,0,0,0,0
SYN00013,81,-4,2141,1,2,0,0,0,0
SYN00013,82,-4,2141,1,2,0,0,0,0
SYN00013,83,-6,2117,0,2,0,0,0,0
SYN00013,84,-3,2107,1,2,0,0,0,0
SYN00013,85,-3,2102,0,2,0,0,0,0
SYN00013,86,-3,2092,1,2,0,0,0,0
SYN00013,87,-3,2092,1,2,0,0,0,0
SYN00013,88,-5,2073,0,2,0,0,0,0
SYN00013,89,-5,2067,1,2,1,0,0,0
SYN00013,90,-5,2050,0,2,1,0,0,0
SYN00013,91,-5,2050,0,2,1,0,0,0
SYN00013,92,-5,2042,1,2,1,0,0,0
SYN00013,93,-5,2042,1,2,1,0,0,0
SYN00013,94,-5,2035,0,2,1,0,0,0
SYN00013,95,-5,2015,1,2,1,0,0,0
SYN00013,96,-5,2015,1,2,1,0,0,0
SYN00013,97,-5,1993,0,2,1,0,0,0
SYN00013,98,-5,1993,0,2,1,0,0,0
SYN00013,99,-5,1975,1,2,2,0,0,0
SYN00013,100,-8,1955,0,2,2,0,0,0
SYN00013,101,-8,1947,1,2,3,0,0,0
SYN00013,102,-10,1936,0,2,3,0,0,0
SYN00013,103,-10,1920,1,2,3,0,0,0
SYN00013,104,-10,1920,1,2,3,0,0,0
SYN00013,105,-12,1902,0,2,3,0,0,0
SYN00013,106,-12,1893,1,2,3,0,0,0
SYN00013,107,-12,1893,1,2,3,0,0,0
SYN00013,108,-12,1879,0,3,3,0,0,0
SYN00013,109,-10,1870,1,3,3,0,0,0
SYN00013,110,-10,1852,0,3,3,0,0,0
SYN00013,111,-10,1837,1,3,3,0,0,0
SYN00013,112,-10,1837,1,3,3,0,0,0
SYN00013,113,-10,1820,0,3,3,0,0,0
SYN00013,114,-10,1820,0,3,3,0,0,0
SYN00013,115,-10,1815,1,3,3,0,0,0
SYN00013,116,-10,1815,1,3,3,0,0,0
SYN00013,117,-13,1804,0,3,3,0,0,0
SYN00013,118,-13,1782,1,3,3,0,0,0
SYN00013,119,-13,1782,1,3,3,0,0,0
SYN00013,120,-16,1764,0,3,3,0,0,0
SYN00013,121,-16,1746,1,3,3,0,0,0
SYN00013,122,-16,1746,1,3,3,0,0,0
SYN00013,123,-16,1731,0,4,3,0,0,0
SYN00013,124,-16,1717,1,4,3,0,0,0
SYN00013,125,-16,1717,1,4,3,0,0,0
SYN00013,126,-16,1704,0,4,3,0,0,0
SYN00013,127,-14,1696,1,4,3,0,0,0
SYN00013,128,-14,1672,0,4,3,0,0,0
SYN00013,129,-14,1672,0,4,3,0,0,0
SYN00013,130,-14,1653,1,4,3,0,0,0
SYN00013,131,-14,1653,1,4,3,0,0,0
SYN00013,132,-14,1633,0,4,3,0,0,0
SYN00013,133,-14,1633,0,4,3,0,0,0
SYN00013,134,-14,1611,1,4,3,0,0,0
SYN00013,135,-14,1611,1,4,3,0,0,0
SYN00013,136,-16,1605,0,4,3,0,0,0
SYN00013,137,-16,1589,1,4,3,0,0,0
SYN00013,138,-16,1584,0,4,3,0,0,0
SYN00013,139,-16,1584,0,4,3,0,0,0
SYN00013,140,-16,1562,1,4,3,0,0,0
SYN00013,141,-16,1538,0,4,3,0,0,0
SYN00013,142,-16,1538,0,4,3,0,0,0
SYN00013,143,-16,1522,1,4,3,0,0,0
SYN00013,144,-16,1522,1,4,3,0,0,0
SYN00013,145,-16,1512,0,4,3,0,0,0
SYN00013,146,-16,1498,1,4,3,0,0,0
SYN00013,147,-16,1498,1,4,3,0,0,0
SYN00013,148,-16,1491,0,4,3,0,0,0
SYN00013,149,-16,1491,0,4,3,0,0,0
SYN00013,150,-16,1475,1,4,4,0,0,0
SYN00013,151,-16,1456,0,4,4,0,0,0
SYN00013,152,-16,1456,0,4,4,0,0,0
SYN00013,153,-14,1441,1,4,4,0,0,0
SYN00013,154,-14,1440,0,4,4,0,0,0
SYN00013,155,-14,1440,1,4,4,0,0,0
SYN00013,156,-14,1440,1,4,4,0,0,0
SYN00013,157,-14,1419,1,4,4,0,0,0
SYN00013,158,-14,1419,1,4,4,0,0,0
SYN00013,159,-14,1398,0,4,4,0,0,0
SYN00013,160,-14,1398,0,4,4,0,0,0
SYN00013,161,-14,1381,1,4,4,0,0,0
SYN00013,162,-14,1381,1,4,4,0,0,0
SYN00013,163,-14,1364,0,4,4,0,0,0
SYN00013,164,-14,1364,0,4,4,0,0,0
SYN00013,165,-14,1343,1,4,4,0,0,0
SYN00013,166,-14,1343,1,4,4,0,0,0
SYN00013,167,-14,1335,0,4,4,0,0,0
SYN00013,168,-14,1335,0,4,4,0,0,0
SYN00013,169,-12,1318,1,4,4,0,0,0
SYN00013,170,-12,1301,0,4,4,0,0,0
SYN00013,171,-12,1301,0,4,4,0,0,0
SYN00013,172,-12,1292,1,4,5,0,1,0
SYN00013,173,-12,1277,0,4,5,0,1,0
SYN00013,174,-12,1277,0,4,5,0,1,0
SYN00013,175,-12,1254,1,4,5,0,1,0
SYN00013,176,-12,1254,1,4,5,0,1,0
SYN00013,177,-12,1234,0,4,5,0,1,0
SYN00013,178,-10,1228,1,4,5,0,1,0
SYN00013,179,-12,1206,0,4,5,0,1,0
SYN00013,180,-12,1191,1,4,6,0,1,0
SYN00013,181,-12,1173,0,4,6,0,1,0
SYN00013,182,-12,1173,0,4,6,0,1,0
SYN00013,183,-10,1163,1,4,6,0,1,0
SYN00013,184,-12,1147,0,4,6,0,1,0
SYN00013,185,-12,1124,1,4,6,0,1,0
SYN00013,186,-12,1124,1,4,6,0,1,0
SYN00013,187,-15,1106,0,4,6,0,1,0
SYN00013,188,-15,1097,1,4,6,0,1,0
SYN00013,189,-15,1097,1,4,6,0,1,0
SYN00013,190,-15,1091,0,4,6,0,1,0
SYN00013,191,-15,1091,0,4,6,0,1,0
SYN00013,192,-15,1078,1,4,6,0,1,0
SYN00013,193,-15,1078,1,4,6,0,1,0
SYN00013,194,-15,1055,0,5,6,1,1,0
SYN00013,195,-15,1039,1,5,6,1,1,0
SYN00013,196,-15,1039,1,5,6,1,1,0
SYN00013,197,-15,1021,0,5,6,1,1,0
SYN00013,198,-15,1011,1,5,6,1,1,0
SYN00013,199,-15,1011,1,5,6,1,1,0
SYN00013,200,-15,1001,0,5,6,1,1,0
SYN00013,201,-15,1001,0,5,6,1,1,0
SYN00013,202,-15,977,1,5,6,1,1,0
SYN00013,203,-15,977,1,5,6,1,1,0
SYN00013,204,-17,972,0,5,6,1,1,0
SYN00013,205,-17,948,1,5,6,1,1,0
SYN00013,206,-17,932,0,5,6,1,1,0
SYN00013,207,-17,932,0,5,6,1,1,0
SYN00013,208,-17,921,1,5,6,1,1,0
SYN00013,209,-17,921,1,5,6,1,1,0
SYN00013,210,-19,908,0,5,6,1,1,0
SYN00013,211,-17,884,1,5,6,1,1,0
SYN00013,212,-20,867,0,5,6,1,1,0
SYN00013,213,-20,844,1,5,7,1,1,0
SYN00013,214,-22,839,0,5,7,1,1,0
SYN00013,215,-22,832,1,5,7,1,1,0
SYN00013,216,-22,832,1,5,7,1,1,0
SYN00013,217,-24,820,0,5,7,1,1,0
SYN00013,218,-24,797,1,5,7,1,1,0
SYN00013,219,-24,797,1,5,7,1,1,0
SYN00013,220,-26,787,0,5,7,1,1,0
SYN00013,221,-26,771,1,5,7,1,1,0
SYN00013,222,-26,771,1,5,7,1,1,0
SYN00013,223,-28,758,0,5,7,1,1,0
SYN00013,224,-26,742,1,5,7,1,1,0
SYN00013,225,-28,725,0,5,7,1,1,0
SYN00013,226,-26,720,1,5,7,1,1,0
SYN00013,227,-26,720,0,5,7,1,1,0
SYN00013,228,-26,720,0,5,7,1,1,0
SYN00013,229,-26,708,0,6,7,1,1,0
SYN00013,230,-24,686,1,6,7,1,1,0
SYN00013,231,-24,675,0,6,7,1,1,0
SYN00013,232,-24,675,0,6,7,1,1,0
SYN00013,233,-22,660,1,6,7,1,1,0
SYN00013,234,-22,645,0,6,7,1,1,0
SYN00013,235,-22,645,0,6,7,1,1,0
SYN00013,236,-22,635,1,6,7,1,1,0
SYN00013,237,-22,635,1,6,7,1,1,0
SYN00013,238,-22,616,0,6,7,1,1,0
SYN00013,239,-20,601,1,6,7,1,1,0
SYN00013,240,-20,591,0,6,7,1,1,0
SYN00013,241,-20,591,0,6,7,1,1,0
SYN00013,242,-18,573,1,6,7,1,1,0
SYN00013,243,-18,563,0,6,7,1,1,0
SYN00013,244,-18,563,0,6,7,1,1,0
SYN00013,245,-16,544,1,6,7,1,1,0
SYN00013,246,-18,527,0,6,7,1,1,0
SYN00013,247,-16,504,1,6,7,1,1,0
SYN00013,248,-16,495,0,6,7,1,1,0
SYN00013,249,-16,472,1,6,7,1,1,0
SYN00013,250,-16,472,1,6,7,1,1,0
SYN00013,251,-16,458,0,6,7,1,1,0
SYN00013,252,-16,458,0,6,7,1,1,0
SYN00013,253,-16,451,1,6,8,1,1,0
SYN00013,254,-16,433,0,6,8,1,1,0
SYN00013,255,-16,421,1,6,9,1,1,0
SYN00013,256,-16,416,0,6,9,1,1,0
SYN00013,257,-16,416,0,6,9,1,1,0
SYN00013,258,-16,400,1,6,9,1,1,0
SYN00013,259,-16,377,0,7,9,1,1,0
SYN00013,260,-14,364,1,7,9,1,1,0
SYN00013,261,-16,356,0,7,9,1,1,0
SYN00013,262,-16,344,1,7,9,1,1,0
SYN00013,263,-16,344,1,7,9,1,1,0
SYN00013,264,-16,336,0,8,9,1,1,0
SYN00013,265,-14,327,1,8,9,1,1,0
SYN00013,266,-16,312,0,8,9,1,1,0
SYN00013,267,-14,290,1,8,9,1,1,0
SYN00013,268,-17,266,0,8,9,1,1,0
SYN00013,269,-17,247,1,8,9,1,1,0
SYN00013,270,-17,247,1,8,9,1,1,0
SYN00013,271,-20,237,0,8,9,1,1,0
SYN00013,272,-20,221,1,8,9,1,1,0
SYN00013,273,-20,221,1,8,9,1,1,0
SYN00013,274,-20,206,0,8,9,1,1,0
SYN00013,275,-20,206,0,8,9,1,1,0
SYN00013,276,-20,194,1,8,9,1,1,0
SYN00013,277,-20,194,1,8,9,1,1,0
SYN00013,278,-20,185,0,9,9,1,1,0
SYN00013,279,-20,179,1,9,9,1,1,0
SYN00013,280,-20,179,1,9,9,1,1,0
SYN00013,281,-20,164,0,9,9,1,1,0
SYN00013,282,-20,164,0,9,9,1,1,0
SYN00013,283,-20,158,1,9,9,1,1,0
SYN00013,284,-20,158,1,9,9,1,1,0
SYN00013,285,-22,140,0,9,9,1,1,0
SYN00013,286,-19,129,1,9,9,1,1,0
SYN00013,287,-19,120,0,10,9,1,1,0
SYN00013,288,-19,103,1,10,9,1,1,0
SYN00013,289,-19,103,1,10,9,1,1,0
SYN00013,290,-22,87,0,10,9,1,1,0
SYN00013,291,-22,79,1,10,9,1,1,0
SYN00013,292,-22,60,0,10,9,1,1,0
SYN00013,293,-22,60,0,10,9,1,1,0
SYN00013,294,-22,46,1,10,10,1,1,0
SYN00013,295,-22,38,0,10,10,1,1,0
SYN00013,296,-22,38,0,10,10,1,1,0
SYN00013,297,-19,32,1,10,10,1,1,0
SYN00013,298,-19,11,0,10,10,1,1,0
SYN00013,299,-19,11,0,10,10,1,1,0
SYN00013,300,-19,0,1,10,11,1,1,0
SYN00013,301,-19,0,0,10,11,1,1,0
SYN00014,1,0,2880,1,0,0,0,0,0
SYN00014,2,2,2875,1,0,0,0,0,0
SYN00014,3,2,2855,0,0,0,0,0,0
SYN00014,4,2,2855,0,0,0,0,0,0
SYN00014,5,5,2849,1,0,0,0,0,0
SYN00014,6,3,2842,0,0,0,0,0,0
SYN00014,7,3,2822,1,0,0,0,0,0
SYN00014,8,3,2822,1,0,0,0,0,0
SYN00014,9,3,2817,0,1,0,0,0,0
SYN00014,10,6,2800,1,1,0,0,0,0
SYN00014,11,3,2779,0,1,0,0,0,0
SYN00014,12,5,2774,1,1,0,0,0,0
SYN00014,13,5,2750,0,2,0,0,0,0
SYN00014,14,5,2736,1,2,0,0,0,0
SYN00014,15,5,2736,1,2,0,0,0,0
SYN00014,16,5,2730,0,2,0,0,0,0
SYN00014,17,5,2730,0,2,0,0,0,0
SYN00014,18,5,2708,1,2,0,0,0,0
SYN00014,19,5,2708,1,2,0,0,0,0
SYN00014,20,2,2690,0,2,0,0,0,0
SYN00014,21,2,2682,1,2,0,0,0,0
SYN00014,22,2,2682,1,2,0,0,0,0
SYN00014,23,0,2666,0,2,0,0,0,0
SYN00014,24,3,2658,1,2,0,0,0,0
SYN00014,25,3,2639,0,2,0,0,0,0
SYN00014,26,3,2632,1,2,0,0,0,0
SYN00014,27,3,2626,0,2,0,0,0,0
SYN00014,28,3,2619,1,2,0,0,0,0
SYN00014,29,3,2606,0,2,0,0,0,0
SYN00014,30,3,2606,0,2,0,0,0,0
SYN00014,31,3,2585,1,2,0,0,0,0
SYN00014,32,3,2585,1,2,0,0,0,0
SYN00014,33,3,2564,0,2,0,0,0,0
SYN00014,34,6,2548,1,2,0,0,0,0
SYN00014,35,6,2534,0,2,0,0,0,0
SYN00014,36,6,2534,0,2,0,0,0,0
SYN00014,37,6,2514,1,2,0,0,0,0
SYN00014,38,4,2497,0,2,0,0,0,0
SYN00014,39,4,2486,1,2,0,0,0,0
SYN00014,40,4,2486,1,2,0,0,0,0
SYN00014,41,4,2474,0,2,0,0,0,0
SYN00014,42,4,2474,0,2,0,0,0,0
SYN00014,43,6,2458,1,2,0,0,0,0
SYN00014,44,6,2442,0,2,0,0,0,0
SYN00014,45,6,2442,0,2,0,0,0,0
SYN00014,46,6,2423,1,2,0,0,0,0
SYN00014,47,6,2423,1,2,0,0,0,0
SYN00014,48,4,2410,0,2,0,0,0,0
SYN00014,49,6,2393,1,2,0,0,0,0
SYN00014,50,6,2383,0,2,0,0,0,0
SYN00014,51,6,2383,0,2,0,0,0,0
SYN00014,52,8,2375,1,2,0,0,0,0
SYN00014,53,8,2354,0,2,0,0,0,0
SYN00014,54,8,2354,0,2,0,0,0,0
SYN00014,55,8,2345,1,2,0,0,0,0
SYN00014,56,8,2345,1,2,0,0,0,0
SYN00014,57,8,2337,0,2,0,0,0,0
SYN00014,58,8,2337,0,2,0,0,0,0
SYN00014,59,8,2322,1,2,0,0,0,0
SYN00014,60,8,2306,0,2,0,0,0,0
SYN00014,61,8,2306,0,2,0,0,0,0
SYN00014,62,11,2283,1,2,0,0,0,0
SYN00014,63,11,2268,0,2,0,0,0,0
SYN00014,64,11,2268,0,2,0,0,0,0
SYN00014,65,14,2249,1,2,0,0,0,0
SYN00014,66,14,2244,0,3,0,0,0,0
SYN00014,67,14,2235,1,3,0,0,0,0
SYN00014,68,14,2235,1,3,0,0,0,0
SYN00014,69,14,2216,0,3,0,0,0,0
SYN00014,70,14,2216,0,3,0,0,0,0
SYN00014,71,17,2198,1,3,0,0,0,0
SYN00014,72,17,2187,0,3,0,0,0,0
SYN00014,73,17,2187,0,3,0,0,0,0
SYN00014,74,17,2166,1,3,0,0,0,0
SYN00014,75,17,2166,1,3,0,0,0,0
SYN00014,76,17,2160,0,3,0,0,0,0
SYN00014,77,17,2160,0,3,0,0,0,0
SYN00014,78,17,2160,1,3,0,0,0,0
SYN00014,79,17,2160,1,3,0,0,0,0
SYN00014,80,19,2148,1,3,0,0,0,0
SYN00014,81,17,2134,0,3,0,0,0,0
SYN00014,82,19,2122,1,3,0,0,0,0
SYN00014,83,17,2100,0,3,0,0,0,0
SYN00014,84,17,2090,1,3,0,0,0,0
SYN00014,85,17,2090,1,3,0,0,0,0
SYN00014,86,17,2076,0,3,0,0,0,0
SYN00014,87,17,2076,0,3,0,0,0,0
SYN00014,88,17,2066,1,3,0,0,0,0
SYN00014,89,15,2042,0,3,0,0,0,0
SYN00014,90,15,2030,1,3,0,0,0,0
SYN00014,91,12,2008,0,3,0,0,0,0
SYN00014,92,15,1997,1,3,0,0,0,0
SYN00014,93,15,1975,0,3,0,0,0,0
SYN00014,94,15,1975,0,3,0,0,0,0
SYN00014,95,15,1960,1,3,0,0,0,0
SYN00014,96,15,1960,1,3,0,0,0,0
SYN00014,97,13,1944,0,3,0,0,0,0
SYN00014,98,13,1925,1,3,0,0,0,0
SYN00014,99,13,1913,0,4,0,0,0,0
SYN00014,100,13,1908,1,4,0,0,0,0
SYN00014,101,13,1908,1,4,0,0,0,0
SYN00014,102,13,1891,0,4,0,0,0,0
SYN00014,103,13,1891,0,4,0,0,0,0
SYN00014,104,13,1882,1,4,1,0,0,0
SYN00014,105,13,1867,0,4,1,0,0,0
SYN00014,106,13,1867,0,4,1,0,0,0
SYN00014,107,15,1849,1,4,1,0,0,0
SYN00014,108,15,1831,0,4,1,0,0,0
SYN00014,109,15,1831,0,4,1,0,0,0
SYN00014,110,17,1819,1,4,1,0,0,0
SYN00014,111,17,1797,0,4,1,0,0,0
SYN00014,112,17,1797,0,4,1,0,0,0
SYN00014,113,17,1785,1,4,1,0,0,0
SYN00014,114,17,1785,1,4,1,0,0,0
SYN00014,115,15,1776,0,4,1,0,0,0
SYN00014,116,15,1766,1,4,1,0,0,0
SYN00014,117,15,1766,1,4,1,0,0,0
SYN00014,118,13,1760,0,4,1,0,0,0
SYN00014,119,15,1741,1,4,1,0,0,0
SYN00014,120,15,1728,0,4,1,0,0,0
SYN00014,121,15,1728,0,4,1,0,0,0
SYN00014,122,15,1710,1,4,1,0,0,0
SYN00014,123,15,1710,1,4,1,0,0,0
SYN00014,124,13,1701,0,4,1,0,0,0
SYN00014,125,15,1679,1,4,1,0,0,0
SYN00014,126,15,1657,0,4,1,0,0,0
SYN00014,127,15,1657,0,4,1,0,0,0
SYN00014,128,15,1642,1,4,1,0,0,0
SYN00014,129,13,1629,0,4,1,0,0,0
SYN00014,130,13,1623,1,4,1,0,0,0
SYN00014,131,13,1623,1,4,1,0,0,0
SYN00014,132,11,1613,0,4,1,0,0,0
SYN00014,133,11,1592,1,4,2,0,0,0
SYN00014,134,9,1570,0,4,2,0,0,0
SYN00014,135,11,1557,1,4,2,0,0,0
SYN00014,136,11,1537,0,4,2,0,0,0
SYN00014,137,11,1537,0,4,2,0,0,0
SYN00014,138,11,1517,1,4,2,0,0,0
SYN00014,139,11,1517,1,4,2,0,0,0
SYN00014,140,8,1510,0,4,2,0,0,0
SYN00014,141,8,1498,1,4,2,0,0,0
SYN00014,142,8,1498,1,4,2,0,0,0
SYN00014,143,8,1482,0,4,2,0,0,0
SYN00014,144,8,1482,0,4,2,0,0,0
SYN00014,145,8,1459,1,4,3,0,0,0
SYN00014,146,8,1440,0,4,3,0,0,0
SYN00014,147,8,1440,1,4,3,0,0,0
SYN00014,148,8,1440,1,4,3,0,0,0
SYN00014,149,8,1434,1,4,3,0,0,0
SYN00014,150,8,1434,1,4,3,0,0,0
SYN00014,151,8,1425,0,4,3,0,0,0
SYN00014,152,8,1425,0,4,3,0,0,0
SYN00014,153,11,1411,1,4,3,0,0,0
SYN00014,154,11,1388,0,4,3,0,0,0
SYN00014,155,11,1388,0,4,3,0,0,0
SYN00014,156,11,1366,1,4,3,0,0,0
SYN00014,157,11,1366,1,4,3,0,0,0
SYN00014,158,11,1358,0,4,3,0,0,0
SYN00014,159,11,1358,0,4,3,0,0,0
SYN00014,160,13,1337,1,4,3,0,0,0
SYN00014,161,13,1332,0,4,3,0,0,0
SYN00014,162,13,1332,0,4,3,0,0,0
SYN00014,163,13,1320,1,4,3,0,0,0
SYN00014,164,13,1320,1,4,3,0,0,0
SYN00014,165,13,1309,0,4,3,0,0,0
SYN00014,166,13,1309,0,4,3,0,0,0
SYN00014,167,13,1300,1,4,3,0,0,0
SYN00014,168,13,1300,1,4,3,0,0,0
SYN00014,169,13,1282,0,5,3,1,0,0
SYN00014,170,13,1273,1,5,3,1,0,0
SYN00014,171,13,1273,1,5,3,1,0,0
SYN00014,172,13,1262,0,5,3,1,0,0
SYN00014,173,13,1262,0,5,3,1,0,0
SYN00014,174,13,1246,1,5,3,1,0,0
SYN00014,175,13,1246,1,5,3,1,0,0
SYN00014,176,11,1230,0,5,3,1,0,0
SYN00014,177,13,1210,1,5,3,1,0,0
SYN00014,178,11,1191,0,5,3,1,0,0
SYN00014,179,11,1183,1,5,3,1,0,0
SYN00014,180,11,1162,0,5,3,1,0,0
SYN00014,181,11,1162,0,5,3,1,0,0
SYN00014,182,11,1157,1,5,3,1,0,0
SYN00014,183,11,1142,0,5,3,1,0,0
SYN00014,184,11,1142,0,5,3,1,0,0
SYN00014,185,13,1124,1,5,3,1,0,0
SYN00014,186,13,1105,0,6,3,1,0,0
SYN00014,187,13,1100,1,6,4,1,0,0
SYN00014,188,13,1076,0,6,4,1,0,0
SYN00014,189,13,1076,0,6,4,1,0,0
SYN00014,190,15,1060,1,6,4,1,0,0
SYN00014,191,15,1036,0,6,4,1,0,0
SYN00014,192,15,1036,0,6,4,1,0,0
SYN00014,193,15,1017,1,6,4,1,0,0
SYN00014,194,15,1017,1,6,4,1,0,0
SYN00014,195,13,999,0,6,4,1,0,0
SYN00014,196,15,986,1,6,4,1,0,0
SYN00014,197,13,979,0,6,4,1,0,0
SYN00014,198,13,957,1,6,4,1,0,0
SYN00014,199,11,938,0,6,4,1,0,0
SYN00014,200,11,919,1,6,4,1,0,0
SYN00014,201,11,919,1,6,4,1,0,0
SYN00014,202,9,905,0,6,4,1,0,0
SYN00014,203,9,897,1,6,4,1,0,0
SYN00014,204,9,897,1,6,4,1,0,0
SYN00014,205,9,880,0,6,4,1,0,0
SYN00014,206,9,880,0,6,4,1,0,0
SYN00014,207,9,864,1,6,4,1,0,0
SYN00014,208,9,864,1,6,4,1,0,0
SYN00014,209,6,859,0,6,4,1,0,0
SYN00014,210,6,839,1,6,4,1,0,0
SYN00014,211,6,839,1,6,4,1,0,0
SYN00014,212,6,828,0,6,4,1,0,0
SYN00014,213,6,828,0,6,4,1,0,0
SYN00014,214,9,822,1,6,4,1,0,0
SYN00014,215,7,800,0,6,4,1,0,0
SYN00014,216,7,788,1,6,4,1,0,0
SYN00014,217,7,788,1,6,4,1,0,0
SYN00014,218,7,773,0,6,4,1,0,0
SYN00014,219,7,773,0,6,4,1,0,0
SYN00014,220,7,765,1,6,4,1,0,0
SYN00014,221,7,765,1,6,4,1,0,0
SYN00014,222,7,752,0,6,4,1,0,0
SYN00014,223,7,752,0,6,4,1,0,0
SYN00014,224,7,729,1,6,4,1,0,0
SYN00014,225,7,729,1,6,4,1,0,0
SYN00014,226,4,720,0,6,4,1,0,0
SYN00014,227,4,720,1,6,4,1,0,0
SYN00014,228,4,720,1,6,4,1,0,0
SYN00014,229,4,702,1,6,4,1,0,0
SYN00014,230,4,702,1,6,4,1,0,0
SYN00014,231,2,695,0,6,4,1,0,0
SYN00014,232,2,682,1,6,4,1,0,0
SYN00014,233,2,682,1,6,4,1,0,0
SYN00014,234,-1,662,0,6,4,1,0,0
SYN00014,235,1,642,1,6,4,1,0,0
SYN00014,236,1,631,0,6,4,1,0,0
SYN00014,237,1,624,1,6,4,1,0,0
SYN00014,238,1,624,1,6,4,1,0,0
SYN00014,239,-1,617,0,6,4,1,0,0
SYN00014,240,-1,596,1,6,4,1,0,0
SYN00014,241,-1,596,1,6,4,1,0,0
SYN00014,242,-1,582,0,6,4,1,0,0
SYN00014,243,-1,582,0,6,4,1,0,0
SYN00014,244,-1,569,1,6,4,1,0,0
SYN00014,245,-3,552,0,6,4,1,0,0
SYN00014,246,-3,533,1,6,4,1,0,0
SYN00014,247,-6,520,0,6,4,1,0,0
SYN00014,248,-6,502,1,6,4,1,0,0
SYN00014,249,-6,502,1,6,4,1,0,0
SYN00014,250,-6,490,0,6,4,1,0,0
SYN00014,251,-6,490,0,6,4,1,0,0
SYN00014,252,-6,478,1,6,4,1,0,0
SYN00014,253,-6,478,1,6,4,1,0,0
SYN00014,254,-8,454,0,6,4,1,0,0
SYN00014,255,-8,441,1,6,4,1,0,0
SYN00014,256,-8,441,1,6,4,1,0,0
SYN00014,257,-8,434,0,6,4,1,0,0
SYN00014,258,-8,423,1,6,4,1,0,0
SYN00014,259,-8,423,1,6,4,1,0,0
SYN00014,260,-10,400,0,6,4,1,0,0
SYN00014,261,-10,395,1,6,4,1,0,0
SYN00014,262,-10,395,1,6,4,1,0,0
SYN00014,263,-12,375,0,6,4,1,0,0
SYN00014,264,-12,362,1,6,4,1,0,0
SYN00014,265,-12,362,1,6,4,1,0,0
SYN00014,266,-12,346,0,6,4,1,0,0
SYN00014,267,-12,346,0,6,4,1,0,0
SYN00014,268,-10,322,1,6,4,1,0,0
SYN00014,269,-12,310,0,6,4,1,0,0
SYN00014,270,-12,292,1,6,4,1,0,0
SYN00014,271,-12,292,1,6,4,1,0,0
SYN00014,272,-14,279,0,6,4,1,0,0
SYN00014,273,-12,268,1,6,4,1,0,0
SYN00014,274,-12,248,0,7,4,1,0,0
SYN00014,275,-12,227,1,7,4,1,0,0
SYN00014,276,-12,227,1,7,4,1,0,0
SYN00014,277,-12,221,0,7,4,1,0,0
SYN00014,278,-12,200,1,7,4,1,0,0
SYN00014,279,-12,200,1,7,4,1,0,0
SYN00014,280,-14,181,0,7,4,1,0,0
SYN00014,281,-12,157,1,7,4,1,0,0
SYN00014,282,-14,145,0,7,4,1,0,0
SYN00014,283,-12,132,1,7,4,1,0,0
SYN00014,284,-14,115,0,7,4,1,0,0
SYN00014,285,-11,101,1,7,4,1,0,0
SYN00014,286,-14,95,0,7,4,1,0,0
SYN00014,287,-12,89,1,7,4,1,0,0
SYN00014,288,-12,77,0,7,4,1,0,0
SYN00014,289,-12,77,0,7,4,1,0,0
SYN00014,290,-12,61,1,7,5,1,1,0
SYN00014,291,-14,46,0,7,5,1,1,0
SYN00014,292,-14,37,1,7,6,1,1,0
SYN00014,293,-14,29,0,7,6,1,1,0
SYN00014,294,-14,29,0,7,6,1,1,0
SYN00014,295,-12,12,1,7,6,1,1,0
SYN00014,296,-12,0,0,7,6,1,1,0
SYN00014,297,-12,0,0,7,6,1,1,0
SYN00014,298,-12,0,1,7,6,1,1,0
SYN00015,1,0,2880,0,0,0,0,0,1
SYN00015,2,0,2872,0,0,0,0,0,1
SYN00015,3,0,2872,0,0,0,0,0,1
SYN00015,4,2,2862,1,0,0,0,0,1
SYN00015,5,0,2848,0,0,0,0,0,1
SYN00015,6,2,2829,1,0,0,0,0,1
SYN00015,7,2,2813,0,0,0,0,0,1
SYN00015,8,4,2799,1,0,0,0,0,1
SYN00015,9,4,2776,0,0,0,0,0,1
SYN00015,10,4,2776,0,0,0,0,0,1
SYN00015,11,4,2765,1,0,0,0,0,1
SYN00015,12,4,2765,1,0,0,0,0,1
SYN00015,13,4,2753,0,0,0,0,0,1
SYN00015,14,4,2753,0,0,0,0,0,1
SYN00015,15,7,2736,1,0,0,0,0,1
SYN00015,16,5,2726,0,0,0,0,0,1
SYN00015,17,7,2720,1,0,0,0,0,1
SYN00015,18,7,2711,0,0,0,0,0,1
SYN00015,19,7,2711,0,0,0,0,0,1
SYN00015,20,7,2705,1,0,0,0,0,1
SYN00015,21,7,2705,1,0,0,0,0,1
SYN00015,22,7,2682,0,0,0,0,0,1
SYN00015,23,7,2682,0,0,0,0,0,1
SYN00015,24,9,2675,1,0,0,0,0,1
SYN00015,25,7,2658,0,0,0,0,0,1
SYN00015,26,7,2648,1,0,0,0,0,1
SYN00015,27,7,2648,1,0,0,0,0,1
SYN00015,28,7,2624,0,0,0,0,0,1
SYN00015,29,7,2624,0,0,0,0,0,1
SYN00015,30,9,2605,1,0,0,0,0,1
SYN00015,31,9,2584,0,0,0,0,0,1
SYN00015,32,9,2584,0,0,0,0,0,1
SYN00015,33,9,2563,1,0,0,0,0,1
SYN00015,34,9,2563,1,0,0,0,0,1
SYN00015,35,9,2550,0,0,0,0,0,1
SYN00015,36,9,2550,0,0,0,0,0,1
SYN00015,37,12,2535,1,0,0,0,0,1
SYN00015,38,10,2514,0,0,0,0,0,1
SYN00015,39,10,2499,1,0,0,0,0,1
SYN00015,40,10,2499,1,0,0,0,0,1
SYN00015,41,10,2487,0,0,0,0,0,1
SYN00015,42,13,2464,1,0,0,0,0,1
SYN00015,43,11,2456,0,0,0,0,0,1
SYN00015,44,11,2438,1,0,0,0,0,1
SYN00015,45,11,2427,0,0,0,0,0,1
SYN00015,46,11,2427,0,0,0,0,0,1
SYN00015,47,11,2416,1,0,0,0,0,1
SYN00015,48,11,2416,1,0,0,0,0,1
SYN00015,49,11,2398,0,0,0,0,0,1
SYN00015,50,11,2398,0,0,0,0,0,1
SYN00015,51,13,2375,1,0,0,0,0,1
SYN00015,52,13,2365,0,0,0,0,0,1
SYN00015,53,13,2365,0,0,0,0,0,1
SYN00015,54,16,2346,1,0,0,0,0,1
SYN00015,55,16,2329,0,0,0,0,0,1
SYN00015,56,16,2329,0,0,0,0,0,1
SYN00015,57,18,2310,1,0,0,0,0,1
SYN00015,58,18,2301,0,0,0,0,0,1
SYN00015,59,18,2301,0,0,0,0,0,1
SYN00015,60,20,2293,1,0,0,0,0,1
SYN00015,61,20,2269,0,0,0,0,0,1
SYN00015,62,20,2269,0,0,0,0,0,1
SYN00015,63,20,2245,1,0,0,0,0,1
SYN00015,64,20,2245,1,0,0,0,0,1
SYN00015,65,20,2226,0,0,0,0,0,1
SYN00015,66,20,2226,0,0,0,0,0,1
SYN00015,67,20,2217,1,0,0,0,0,1
SYN00015,68,20,2217,1,0,0,0,0,1
SYN00015,69,20,2201,0,0,0,0,0,1
SYN00015,70,20,2201,0,0,0,0,0,1
SYN00015,71,23,2182,1,0,0,0,0,1
SYN00015,72,23,2163,0,0,0,0,0,1
SYN00015,73,25,2160,1,0,0,0,0,1
SYN00015,74,25,2160,0,0,0,0,0,1
SYN00015,75,25,2160,0,0,0,0,0,1
SYN00015,76,22,2139,0,0,0,0,0,1
SYN00015,77,24,2115,1,0,0,0,0,1
SYN00015,78,21,2092,0,0,0,0,0,1
SYN00015,79,23,2073,1,0,0,0,0,1
SYN00015,80,21,2058,0,0,0,0,0,1
SYN00015,81,21,2040,1,0,0,0,0,1
SYN00015,82,21,2040,1,0,0,0,0,1
SYN00015,83,21,2018,0,0,0,0,0,1
SYN00015,84,21,2018,0,0,0,0,0,1
SYN00015,85,21,2005,1,0,0,0,0,1
SYN00015,86,21,2005,1,0,0,0,0,1
SYN00015,87,19,1997,0,0,0,0,0,1
SYN00015,88,19,1983,1,0,1,0,0,1
SYN00015,89,19,1976,0,1,1,0,0,1
SYN00015,90,19,1962,1,1,1,0,0,1
SYN00015,91,19,1962,1,1,1,0,0,1
SYN00015,92,17,1938,0,1,1,0,0,1
SYN00015,93,19,1919,1,1,1,0,0,1
SYN00015,94,17,1903,0,1,1,0,0,1
SYN00015,95,17,1889,1,1,1,0,0,1
SYN00015,96,17,1889,1,1,1,0,0,1
SYN00015,97,17,1865,0,1,1,0,0,1
SYN00015,98,20,1844,1,1,1,0,0,1
SYN00015,99,18,1835,0,1,1,0,0,1
SYN00015,100,18,1826,1,1,1,0,0,1
SYN00015,101,18,1826,1,1,1,0,0,1
SYN00015,102,18,1810,0,1,1,0,0,1
SYN00015,103,18,1810,0,1,1,0,0,1
SYN00015,104,18,1801,1,1,2,0,0,1
SYN00015,105,18,1781,0,1,2,0,0,1
SYN00015,106,18,1781,0,1,2,0,0,1
SYN00015,107,20,1762,1,1,2,0,0,1
SYN00015,108,17,1739,0,1,2,0,0,1
SYN00015,109,19,1725,1,1,2,0,0,1
SYN00015,110,16,1711,0,1,2,0,0,1
SYN00015,111,16,1689,1,1,3,0,0,1
SYN00015,112,13,1682,0,1,3,0,0,1
SYN00015,113,15,1676,1,1,3,0,0,1
SYN00015,114,15,1666,0,2,3,0,0,1
SYN00015,115,15,1659,1,2,3,0,0,1
SYN00015,116,15,1659,1,2,3,0,0,1
SYN00015,117,13,1645,0,2,3,0,0,1
SYN00015,118,13,1622,1,2,3,0,0,1
SYN00015,119,13,1622,1,2,3,0,0,1
SYN00015,120,11,1611,0,2,3,0,0,1
SYN00015,121,11,1592,1,2,4,0,0,1
SYN00015,122,9,1580,0,2,4,0,0,1
SYN00015,123,9,1558,1,2,4,0,0,1
SYN00015,124,9,1558,1,2,4,0,0,1
SYN00015,125,9,1540,0,2,4,0,0,1
SYN00015,126,9,1540,0,2,4,0,0,1
SYN00015,127,12,1523,1,2,4,0,0,1
SYN00015,128,10,1516,0,2,4,0,0,1
SYN00015,129,10,1511,1,2,4,0,0,1
SYN00015,130,10,1511,1,2,4,0,0,1
SYN00015,131,8,1504,0,2,4,0,0,1
SYN00015,132,8,1493,1,2,4,0,0,1
SYN00015,133,8,1493,1,2,4,0,0,1
SYN00015,134,8,1475,0,2,4,0,0,1
SYN00015,135,8,1475,0,2,4,0,0,1
SYN00015,136,10,1460,1,2,4,0,0,1
SYN00015,137,8,1448,0,2,4,0,0,1
SYN00015,138,8,1441,1,2,5,0,1,1
SYN00015,139,8,1440,0,3,5,0,1,1
SYN00015,140,8,1440,1,3,5,0,1,1
SYN00015,141,8,1440,1,3,5,0,1,1
SYN00015,142,8,1424,1,3,5,0,1,1
SYN00015,143,8,1416,0,3,5,0,1,1
SYN00015,144,8,1416,0,3,5,0,1,1
SYN00015,145,10,1409,1,3,5,0,1,1
SYN00015,146,10,1385,0,3,5,0,1,1
SYN00015,147,10,1385,0,3,5,0,1,1
SYN00015,148,10,1375,1,3,5,0,1,1
SYN00015,149,10,1375,1,3,5,0,1,1
SYN00015,150,8,1369,0,3,5,0,1,1
SYN00015,151,10,1357,1,3,5,0,1,1
SYN00015,152,8,1348,0,3,5,0,1,1
SYN00015,153,10,1333,1,3,5,0,1,1
SYN00015,154,8,1315,0,3,5,0,1,1
SYN00015,155,8,1297,1,3,5,0,1,1
SYN00015,156,8,1297,1,3,5,0,1,1
SYN00015,157,5,1273,0,3,5,0,1,1
SYN00015,158,5,1257,1,3,5,0,1,1
SYN00015,159,5,1257,1,3,5,0,1,1
SYN00015,160,5,1245,0,4,5,0,1,1
SYN00015,161,5,1232,1,4,5,0,1,1
SYN00015,162,5,1232,1,4,5,0,1,1
SYN00015,163,5,1227,0,4,5,0,1,1
SYN00015,164,5,1221,1,4,5,0,1,1
SYN00015,165,5,1210,0,4,5,0,1,1
SYN00015,166,5,1210,0,4,5,0,1,1
SYN00015,167,7,1200,1,4,5,0,1,1
SYN00015,168,5,1193,0,4,5,0,1,1
SYN00015,169,7,1184,1,4,5,0,1,1
SYN00015,170,7,1162,0,4,5,0,1,1
SYN00015,171,7,1162,0,4,5,0,1,1
SYN00015,172,7,1142,1,4,5,0,1,1
SYN00015,173,5,1123,0,4,5,0,1,1
SYN00015,174,5,1104,1,4,5,0,1,1
SYN00015,175,5,1104,1,4,5,0,1,1
SYN00015,176,3,1082,0,4,5,0,1,1
SYN00015,177,3,1077,1,4,6,0,1,1
SYN00015,178,0,1059,0,4,6,0,1,1
SYN00015,179,0,1050,1,4,7,0,1,1
SYN00015,180,0,1038,0,4,7,0,1,1
SYN00015,181,0,1038,0,4,7,0,1,1
SYN00015,182,0,1025,1,4,7,0,1,1
SYN00015,183,0,1025,1,4,7,0,1,1
SYN00015,184,0,1001,0,4,7,0,1,1
SYN00015,185,3,991,1,4,7,0,1,1
SYN00015,186,3,980,0,4,7,0,1,1
SYN00015,187,3,980,0,4,7,0,1,1
SYN00015,188,3,959,1,4,7,0,1,1
SYN00015,189,1,940,0,4,7,0,1,1
SYN00015,190,3,917,1,4,7,0,1,1
SYN00015,191,3,900,0,4,7,0,1,1
SYN00015,192,3,900,0,4,7,0,1,1
SYN00015,193,3,880,1,4,8,0,1,1
SYN00015,194,3,871,0,4,8,0,1,1
SYN00015,195,3,871,0,4,8,0,1,1
SYN00015,196,3,861,1,4,8,0,1,1
SYN00015,197,3,861,1,4,8,0,1,1
SYN00015,198,3,850,0,4,8,0,1,1
SYN00015,199,6,840,1,4,8,0,1,1
SYN00015,200,6,833,0,4,8,0,1,1
SYN00015,201,6,833,0,4,8,0,1,1
SYN00015,202,6,826,1,4,9,0,1,1
SYN00015,203,4,817,0,4,9,0,1,1
SYN00015,204,6,797,1,4,9,0,1,1
SYN00015,205,6,791,0,4,9,0,1,1
SYN00015,206,6,791,0,4,9,0,1,1
SYN00015,207,6,767,1,4,9,0,1,1
SYN00015,208,6,767,1,4,9,0,1,1
SYN00015,209,6,756,0,4,9,0,1,1
SYN00015,210,6,756,0,4,9,0,1,1
SYN00015,211,6,747,1,4,9,0,1,1
SYN00015,212,6,747,1,4,9,0,1,1
SYN00015,213,6,742,0,4,9,0,1,1
SYN00015,214,6,742,0,4,9,0,1,1
SYN00015,215,6,721,1,4,9,0,1,1
SYN00015,216,6,721,1,4,9,0,1,1
SYN00015,217,6,720,0,4,9,0,1,1
SYN00015,218,6,720,0,4,9,0,1,1
SYN00015,219,6,720,1,4,9,0,1,1
SYN00015,220,6,720,1,4,9,0,1,1
SYN00015,221,6,715,1,4,9,0,1,1
SYN00015,222,6,715,1,4,9,0,1,1
SYN00015,223,4,709,0,4,9,0,1,1
SYN00015,224,4,704,1,4,10,0,1,1
SYN00015,225,1,682,0,4,10,0,1,1
SYN00015,226,1,663,1,4,10,0,1,1
SYN00015,227,1,663,1,4,10,0,1,1
SYN00015,228,1,654,0,5,10,1,1,1
SYN00015,229,4,643,1,5,10,1,1,1
SYN00015,230,4,635,0,5,10,1,1,1
SYN00015,231,4,635,0,5,10,1,1,1
SYN00015,232,4,617,1,5,10,1,1,1
SYN00015,233,4,594,0,6,10,1,1,1
SYN00015,234,4,576,1,6,10,1,1,1
SYN00015,235,4,557,0,7,10,1,1,1
SYN00015,236,6,545,1,7,10,1,1,1
SYN00015,237,6,533,0,7,10,1,1,1
SYN00015,238,6,533,0,7,10,1,1,1
SYN00015,239,6,512,1,7,10,1,1,1
SYN00015,240,6,512,1,7,10,1,1,1
SYN00015,241,6,488,0,7,10,1,1,1
SYN00015,242,6,488,0,7,10,1,1,1
SYN00015,243,6,469,1,7,10,1,1,1
SYN00015,244,6,469,1,7,10,1,1,1
SYN00015,245,4,448,0,7,10,1,1,1
SYN00015,246,6,431,1,7,10,1,1,1
SYN00015,247,6,416,0,7,10,1,1,1
SYN00015,248,6,416,0,7,10,1,1,1
SYN00015,249,6,394,1,7,10,1,1,1
SYN00015,250,6,394,1,7,10,1,1,1
SYN00015,251,6,378,0,8,10,1,1,1
SYN00015,252,6,364,1,8,11,1,1,1
SYN00015,253,3,354,0,8,11,1,1,1
SYN00015,254,5,339,1,8,11,1,1,1
SYN00015,255,5,316,0,8,11,1,1,1
SYN00015,256,5,316,0,8,11,1,1,1
SYN00015,257,5,309,1,8,11,1,1,1
SYN00015,258,5,309,1,8,11,1,1,1
SYN00015,259,3,294,0,8,11,1,1,1
SYN00015,260,3,271,1,8,11,1,1,1
SYN00015,261,3,271,1,8,11,1,1,1
SYN00015,262,1,252,0,8,11,1,1,1
SYN00015,263,1,247,1,8,11,1,1,1
SYN00015,264,1,247,1,8,11,1,1,1
SYN00015,265,1,229,0,9,11,1,1,1
SYN00015,266,3,217,1,9,11,1,1,1
SYN00015,267,1,195,0,9,11,1,1,1
SYN00015,268,3,185,1,9,11,1,1,1
SYN00015,269,1,163,0,9,11,1,1,1
SYN00015,270,3,151,1,9,11,1,1,1
SYN00015,271,3,138,0,9,11,1,1,1
SYN00015,272,3,138,0,9,11,1,1,1
SYN00015,273,5,123,1,9,11,1,1,1
SYN00015,274,2,106,0,9,11,1,1,1
SYN00015,275,4,98,1,9,11,1,1,1
SYN00015,276,2,76,0,9,11,1,1,1
SYN00015,277,5,65,1,9,11,1,1,1
SYN00015,278,5,54,0,9,11,1,1,1
SYN00015,279,5,54,0,9,11,1,1,1
SYN00015,280,8,45,1,9,11,1,1,1
SYN00015,281,8,23,0,9,11,1,1,1
SYN00015,282,8,23,0,9,11,1,1,1
SYN00015,283,8,3,1,9,11,1,1,1
SYN00015,284,8,3,1,9,11,1,1,1
SYN00015,285,6,0,0,9,11,1,1,1
SYN00015,286,6,0,1,9,11,1,1,1
SYN00016,1,0,2880,1,0,0,0,0,0
SYN00016,2,0,2871,1,0,0,0,0,0
SYN00016,3,0,2871,1,0,0,0,0,0
SYN00016,4,-2,2847,0,0,0,0,0,0
SYN00016,5,-2,2827,1,0,0,0,0,0
SYN00016,6,-2,2827,1,0,0,0,0,0
SYN00016,7,-4,2814,0,0,0,0,0,0
SYN00016,8,-2,2795,1,0,0,0,0,0
SYN00016,9,-2,2772,0,0,0,0,0,0
SYN00016,10,-2,2772,0,0,0,0,0,0
SYN00016,11,-2,2763,1,0,0,0,0,0
SYN00016,12,-2,2763,1,0,0,0,0,0
SYN00016,13,-2,2756,0,0,0,0,0,0
SYN00016,14,-2,2756,0,0,0,0,0,0
SYN00016,15,0,2732,1,0,0,0,0,0
SYN00016,16,0,2708,0,1,0,0,0,0
SYN00016,17,0,2700,1,1,0,0,0,0
SYN00016,18,0,2700,1,1,0,0,0,0
SYN00016,19,0,2682,0,1,0,0,0,0
SYN00016,20,0,2682,0,1,0,0,0,0
SYN00016,21,2,2669,1,1,0,0,0,0
SYN00016,22,2,2662,0,1,0,0,0,0
SYN00016,23,2,2662,0,1,0,0,0,0
SYN00016,24,2,2642,1,1,1,0,0,0
SYN00016,25,0,2626,0,1,1,0,0,0
SYN00016,26,0,2620,1,1,1,0,0,0
SYN00016,27,0,2620,1,1,1,0,0,0
SYN00016,28,-2,2613,0,1,1,0,0,0
SYN00016,29,-2,2604,1,1,1,0,0,0
SYN00016,30,-2,2604,1,1,1,0,0,0
SYN00016,31,-2,2598,0,1,1,0,0,0
SYN00016,32,0,2574,1,1,1,0,0,0
SYN00016,33,0,2559,0,1,1,0,0,0
SYN00016,34,0,2559,0,1,1,0,0,0
SYN00016,35,0,2541,1,1,1,0,0,0
SYN00016,36,0,2541,1,1,1,0,0,0
SYN00016,37,-2,2519,0,1,1,0,0,0
SYN00016,38,0,2505,1,1,1,0,0,0
SYN00016,39,0,2485,0,1,1,0,0,0
SYN00016,40,0,2485,0,1,1,0,0,0
SYN00016,41,0,2463,1,1,1,0,0,0
SYN00016,42,0,2463,1,1,1,0,0,0
SYN00016,43,-3,2447,0,1,1,0,0,0
SYN00016,44,-3,2435,1,1,1,0,0,0
SYN00016,45,-3,2435,1,1,1,0,0,0
SYN00016,46,-5,2418,0,1,1,0,0,0
SYN00016,47,-2,2410,1,1,1,0,0,0
SYN00016,48,-2,2405,0,1,1,0,0,0
SYN00016,49,-2,2405,0,1,1,0,0,0
SYN00016,50,0,2384,1,1,1,0,0,0
SYN00016,51,-2,2378,0,1,1,0,0,0
SYN00016,52,0,2354,1,1,1,0,0,0
SYN00016,53,0,2344,0,1,1,0,0,0
SYN00016,54,0,2344,0,1,1,0,0,0
SYN00016,55,0,2334,1,1,1,0,0,0
SYN00016,56,0,2334,1,1,1,0,0,0
SYN00016,57,-2,2311,0,1,1,0,0,0
SYN00016,58,0,2302,1,1,1,0,0,0
SYN00016,59,0,2292,0,1,1,0,0,0
SYN00016,60,0,2292,0,1,1,0,0,0
SYN00016,61,0,2287,1,1,1,0,0,0
SYN00016,62,0,2287,1,1,1,0,0,0
SYN00016,63,-2,2270,0,1,1,0,0,0
SYN00016,64,-2,2247,1,1,1,0,0,0
SYN00016,65,-2,2237,0,2,1,0,0,0
SYN00016,66,-2,2223,1,2,1,0,0,0
SYN00016,67,-2,2223,1,2,1,0,0,0
SYN00016,68,-2,2210,0,2,1,0,0,0
SYN00016,69,-2,2188,1,2,1,0,0,0
SYN00016,70,-2,2188,1,2,1,0,0,0
SYN00016,71,-2,2176,0,2,1,0,0,0
SYN00016,72,-2,2176,0,2,1,0,0,0
SYN00016,73,-2,2160,1,2,1,0,0,0
SYN00016,74,-2,2160,1,2,1,0,0,0
SYN00016,75,-2,2160,0,2,1,0,0,0
SYN00016,76,-2,2160,0,2,1,0,0,0
SYN00016,77,-2,2138,0,2,1,0,0,0
SYN00016,78,0,2133,1,2,1,0,0,0
SYN00016,79,-3,2111,0,2,1,0,0,0
SYN00016,80,0,2094,1,2,1,0,0,0
SYN00016,81,0,2089,0,2,1,0,0,0
SYN00016,82,0,2065,1,2,2,0,0,0
SYN00016,83,-2,2060,0,2,2,0,0,0
SYN00016,84,0,2043,1,2,2,0,0,0
SYN00016,85,0,2025,0,2,2,0,0,0
SYN00016,86,0,2025,0,2,2,0,0,0
SYN00016,87,0,2016,1,2,2,0,0,0
SYN00016,88,0,2016,1,2,2,0,0,0
SYN00016,89,-2,2004,0,2,2,0,0,0
SYN00016,90,-2,1990,1,2,2,0,0,0
SYN00016,91,-2,1990,1,2,2,0,0,0
SYN00016,92,-2,1983,0,2,2,0,0,0
SYN00016,93,-2,1983,0,2,2,0,0,0
SYN00016,94,-2,1972,1,2,2,0,0,0
SYN00016,95,-2,1960,0,2,2,0,0,0
SYN00016,96,-2,1946,1,2,2,0,0,0
SYN00016,97,-2,1946,1,2,2,0,0,0
SYN00016,98,-2,1940,0,2,2,0,0,0
SYN00016,99,-2,1940,0,2,2,0,0,0
SYN00016,100,-2,1934,1,2,2,0,0,0
SYN00016,101,-2,1934,1,2,2,0,0,0
SYN00016,102,-2,1914,0,2,2,0,0,0
SYN00016,103,-2,1914,0,2,2,0,0,0
SYN00016,104,0,1891,1,2,2,0,0,0
SYN00016,105,0,1872,0,2,2,0,0,0
SYN00016,106,0,1872,0,2,2,0,0,0
SYN00016,107,0,1863,1,2,2,0,0,0
SYN00016,108,0,1863,1,2,2,0,0,0
SYN00016,109,0,1857,0,2,2,0,0,0
SYN00016,110,0,1857,0,2,2,0,0,0
SYN00016,111,0,1842,1,2,2,0,0,0
SYN00016,112,0,1842,1,2,2,0,0,0
SYN00016,113,0,1829,0,2,2,0,0,0
SYN00016,114,0,1829,0,2,2,0,0,0
SYN00016,115,0,1822,1,2,2,0,0,0
SYN00016,116,-3,1817,0,2,2,0,0,0
SYN00016,117,-3,1812,1,2,2,0,0,0
SYN00016,118,-3,1812,1,2,2,0,0,0
SYN00016,119,-3,1790,0,3,2,0,0,0
SYN00016,120,-3,1775,1,3,2,0,0,0
SYN00016,121,-3,1775,1,3,2,0,0,0
SYN00016,122,-3,1767,0,3,2,0,0,0
SYN00016,123,-1,1746,1,3,2,0,0,0
SYN00016,124,-3,1729,0,3,2,0,0,0
SYN00016,125,-3,1707,1,3,2,0,0,0
SYN00016,126,-3,1707,1,3,2,0,0,0
SYN00016,127,-3,1686,0,3,2,0,0,0
SYN00016,128,-3,1686,0,3,2,0,0,0
SYN00016,129,-3,1664,1,3,2,0,0,0
SYN00016,130,-6,1653,0,3,2,0,0,0
SYN00016,131,-4,1634,1,3,2,0,0,0
SYN00016,132,-6,1616,0,3,2,0,0,0
SYN00016,133,-6,1601,1,3,3,0,0,0
SYN00016,134,-8,1596,0,3,3,0,0,0
SYN00016,135,-8,1576,1,3,3,0,0,0
SYN00016,136,-8,1576,1,3,3,0,0,0
SYN00016,137,-8,1554,0,3,3,0,0,0
SYN00016,138,-8,1554,0,3,3,0,0,0
SYN00016,139,-8,1538,1,3,3,0,0,0
SYN00016,140,-11,1529,0,3,3,0,0,0
SYN00016,141,-9,1521,1,3,3,0,0,0
SYN00016,142,-9,1500,0,3,3,0,0,0
SYN00016,143,-9,1500,0,3,3,0,0,0
SYN00016,144,-6,1477,1,3,3,0,0,0
SYN00016,145,-6,1464,0,4,3,0,0,0
SYN00016,146,-4,1448,1,4,3,0,0,0
SYN00016,147,-4,1440,0,4,3,0,0,0
SYN00016,148,-4,1440,0,4,3,0,0,0
SYN00016,149,-4,1440,1,4,3,0,0,0
SYN00016,150,-4,1440,1,4,3,0,0,0
SYN00016,151,-2,1434,1,4,3,0,0,0
SYN00016,152,-4,1424,0,4,3,0,0,0
SYN00016,153,-4,1405,1,4,3,0,0,0
SYN00016,154,-4,1405,1,4,3,0,0,0
SYN00016,155,-6,1392,0,4,3,0,0,0
SYN00016,156,-6,1381,1,4,3,0,0,0
SYN00016,157,-6,1381,1,4,3,0,0,0
SYN00016,158,-9,1369,0,4,3,0,0,0
SYN00016,159,-9,1359,1,4,3,0,0,0
SYN00016,160,-9,1359,1,4,3,0,0,0
SYN00016,161,-9,1343,0,4,3,0,0,0
SYN00016,162,-9,1343,0,4,3,0,0,0
SYN00016,163,-9,1323,1,4,3,0,0,0
SYN00016,164,-9,1323,1,4,3,0,0,0
SYN00016,165,-9,1302,0,4,3,0,0,0
SYN00016,166,-9,1302,0,4,3,0,0,0
SYN00016,167,-9,1291,1,4,3,0,0,0
SYN00016,168,-9,1291,1,4,3,0,0,0
SYN00016,169,-9,1268,0,4,3,0,0,0
SYN00016,170,-9,1268,0,4,3,0,0,0
SYN00016,171,-9,1249,1,4,3,0,0,0
SYN00016,172,-9,1249,1,4,3,0,0,0
SYN00016,173,-9,1230,0,4,3,0,0,0
SYN00016,174,-9,1230,0,4,3,0,0,0
SYN00016,175,-7,1214,1,4,3,0,0,0
SYN00016,176,-7,1197,0,4,3,0,0,0
SYN00016,177,-7,1197,0,4,3,0,0,0
SYN00016,178,-7,1192,1,4,3,0,0,0
SYN00016,179,-7,1192,1,4,3,0,0,0
SYN00016,180,-9,1179,0,4,3,0,0,0
SYN00016,181,-7,1162,1,4,3,0,0,0
SYN00016,182,-9,1149,0,4,3,0,0,0
SYN00016,183,-7,1132,1,4,3,0,0,0
SYN00016,184,-7,1127,0,4,3,0,0,0
SYN00016,185,-7,1127,0,4,3,0,0,0
SYN00016,186,-7,1113,1,4,4,0,0,0
SYN00016,187,-7,1102,0,5,4,1,0,0
SYN00016,188,-7,1082,1,5,4,1,0,0
SYN00016,189,-7,1082,1,5,4,1,0,0
SYN00016,190,-7,1073,0,5,4,1,0,0
SYN00016,191,-7,1073,0,5,4,1,0,0
SYN00016,192,-7,1052,1,5,4,1,0,0
SYN00016,193,-7,1052,1,5,4,1,0,0
SYN00016,194,-9,1028,0,5,4,1,0,0
SYN00016,195,-9,1013,1,5,5,1,1,0
SYN00016,196,-11,999,0,5,5,1,1,0
SYN00016,197,-9,993,1,5,5,1,1,0
SYN00016,198,-11,975,0,5,5,1,1,0
SYN00016,199,-11,958,1,5,5,1,1,0
SYN00016,200,-11,958,1,5,5,1,1,0
SYN00016,201,-11,935,0,5,5,1,1,0
SYN00016,202,-11,935,0,5,5,1,1,0
SYN00016,203,-9,922,1,5,5,1,1,0
SYN00016,204,-9,914,0,5,5,1,1,0
SYN00016,205,-9,914,0,5,5,1,1,0
SYN00016,206,-9,900,1,5,6,1,1,0
SYN00016,207,-11,890,0,5,6,1,1,0
SYN00016,208,-9,883,1,5,6,1,1,0
SYN00016,209,-9,868,0,5,6,1,1,0
SYN00016,210,-9,868,0,5,6,1,1,0
SYN00016,211,-7,845,1,5,6,1,1,0
SYN00016,212,-7,831,0,6,6,1,1,0
SYN00016,213,-7,812,1,6,7,1,1,0
SYN00016,214,-7,788,0,6,7,1,1,0
SYN00016,215,-7,788,0,6,7,1,1,0
SYN00016,216,-5,777,1,6,7,1,1,0
SYN00016,217,-5,766,0,6,7,1,1,0
SYN00016,218,-5,766,0,6,7,1,1,0
SYN00016,219,-3,760,1,6,7,1,1,0
SYN00016,220,-3,753,0,6,7,1,1,0
SYN00016,221,-3,753,0,6,7,1,1,0
SYN00016,222,0,746,1,6,7,1,1,0
SYN00016,223,-2,728,0,6,7,1,1,0
SYN00016,224,-2,720,1,6,7,1,1,0
SYN00016,225,-2,720,1,6,7,1,1,0
SYN00016,226,-2,720,0,6,7,1,1,0
SYN00016,227,-2,720,0,6,7,1,1,0
SYN00016,228,-4,715,0,6,7,1,1,0
SYN00016,229,-4,706,1,6,7,1,1,0
SYN00016,230,-4,691,0,6,7,1,1,0
SYN00016,231,-4,691,0,6,7,1,1,0
SYN00016,232,-4,676,1,6,7,1,1,0
SYN00016,233,-4,676,1,6,7,1,1,0
SYN00016,234,-6,668,0,6,7,1,1,0
SYN00016,235,-6,652,1,6,7,1,1,0
SYN00016,236,-6,652,1,6,7,1,1,0
SYN00016,237,-8,644,0,6,7,1,1,0
SYN00016,238,-8,639,1,6,7,1,1,0
SYN00016,239,-8,639,1,6,7,1,1,0
SYN00016,240,-10,628,0,6,7,1,1,0
SYN00016,241,-10,608,1,6,7,1,1,0
SYN00016,242,-10,608,1,6,7,1,1,0
SYN00016,243,-10,593,0,6,7,1,1,0
SYN00016,244,-10,593,0,6,7,1,1,0
SYN00016,245,-10,585,1,6,7,1,1,0
SYN00016,246,-10,576,0,6,7,1,1,0
SYN00016,247,-7,564,1,6,7,1,1,0
SYN00016,248,-10,553,0,6,7,1,1,0
SYN00016,249,-10,540,1,6,7,1,1,0
SYN00016,250,-10,540,1,6,7,1,1,0
SYN00016,251,-10,528,0,7,7,1,1,0
SYN00016,252,-10,515,1,7,7,1,1,0
SYN00016,253,-10,515,1,7,7,1,1,0
SYN00016,254,-10,508,0,7,7,1,1,0
SYN00016,255,-10,508,0,7,7,1,1,0
SYN00016,256,-7,496,1,7,7,1,1,0
SYN00016,257,-7,486,0,7,7,1,1,0
SYN00016,258,-7,486,0,7,7,1,1,0
SYN00016,259,-4,480,1,7,7,1,1,0
SYN00016,260,-4,461,0,7,7,1,1,0
SYN00016,261,-4,461,0,7,7,1,1,0
SYN00016,262,-4,438,1,7,8,1,1,0
SYN00016,263,-6,419,0,7,8,1,1,0
SYN00016,264,-6,409,1,7,8,1,1,0
SYN00016,265,-6,409,1,7,8,1,1,0
SYN00016,266,-6,403,0,8,8,1,1,0
SYN00016,267,-6,388,1,8,9,1,1,0
SYN00016,268,-6,380,0,8,9,1,1,0
SYN00016,269,-6,371,1,8,9,1,1,0
SYN00016,270,-6,371,1,8,9,1,1,0
SYN00016,271,-6,366,0,8,9,1,1,0
SYN00016,272,-6,366,0,8,9,1,1,0
SYN00016,273,-6,349,1,8,9,1,1,0
SYN00016,274,-6,349,1,8,9,1,1,0
SYN00016,275,-6,337,0,8,9,1,1,0
SYN00016,276,-6,337,0,8,9,1,1,0
SYN00016,277,-6,317,1,8,9,1,1,0
SYN00016,278,-6,317,1,8,9,1,1,0
SYN00016,279,-6,306,0,8,9,1,1,0
SYN00016,280,-6,306,0,8,9,1,1,0
SYN00016,281,-6,300,1,8,10,1,1,0
SYN00016,282,-6,294,0,9,10,1,1,0
SYN00016,283,-6,271,1,9,10,1,1,0
SYN00016,284,-6,271,1,9,10,1,1,0
SYN00016,285,-8,250,0,9,10,1,1,0
SYN00016,286,-8,231,1,9,10,1,1,0
SYN00016,287,-8,208,0,9,10,1,1,0
SYN00016,288,-8,208,0,9,10,1,1,0
SYN00016,289,-8,185,1,9,10,1,1,0
SYN00016,290,-8,185,1,9,10,1,1,0
SYN00016,291,-8,174,0,9,10,1,1,0
SYN00016,292,-8,174,0,9,10,1,1,0
SYN00016,293,-8,162,1,9,10,1,1,0
SYN00016,294,-8,162,1,9,10,1,1,0
SYN00016,295,-8,150,0,9,10,1,1,0
SYN00016,296,-8,150,0,9,10,1,1,0
SYN00016,297,-5,135,1,9,10,1,1,0
SYN00016,298,-5,115,0,9,10,1,1,0
SYN00016,299,-5,101,1,9,10,1,1,0
SYN00016,300,-5,101,1,9,10,1,1,0
SYN00016,301,-5,77,0,9,10,1,1,0
SYN00016,302,-3,72,1,9,10,1,1,0
SYN00016,303,-3,64,0,9,10,1,1,0
SYN00016,304,-3,64,0,9,10,1,1,0
SYN00016,305,-3,55,1,9,10,1,1,0
SYN00016,306,-3,55,1,9,10,1,1,0
SYN00016,307,-3,31,0,10,10,1,1,0
SYN00016,308,-3,10,1,10,10,1,1,0
SYN00016,309,-5,0,0,10,10,1,1,0
SYN00016,310,-5,0,1,10,10,1,1,0
SYN00017,1,0,2880,1,0,0,0,0,0
SYN00017,2,2,2873,1,0,0,0,0,0
SYN00017,3,2,2858,0,0,0,0,0,0
SYN00017,4,2,2842,1,0,0,0,0,0
SYN00017,5,2,2842,1,0,0,0,0,0
SYN00017,6,0,2830,0,0,0,0,0,0
SYN00017,7,0,2824,1,0,0,0,0,0
SYN00017,8,0,2824,1,0,0,0,0,0
SYN00017,9,-2,2809,0,0,0,0,0,0
SYN00017,10,-2,2798,1,0,0,0,0,0
SYN00017,11,-2,2798,1,0,0,0,0,0
SYN00017,12,-2,2781,0,0,0,0,0,0
SYN00017,13,-2,2781,0,0,0,0,0,0
SYN00017,14,0,2771,1,0,0,0,0,0
SYN00017,15,0,2749,0,0,0,0,0,0
SYN00017,16,0,2749,0,0,0,0,0,0
SYN00017,17,0,2735,1,0,0,0,0,0
SYN00017,18,0,2735,1,0,0,0,0,0
SYN00017,19,0,2728,0,1,0,0,0,0
SYN00017,20,2,2718,1,1,0,0,0,0
SYN00017,21,2,2697,0,1,0,0,0,0
SYN00017,22,2,2697,0,1,0,0,0,0
SYN00017,23,2,2687,1,1,0,0,0,0
SYN00017,24,2,2680,0,1,0,0,0,0
SYN00017,25,2,2680,0,1,0,0,0,0
SYN00017,26,4,2675,1,1,0,0,0,0
SYN00017,27,2,2654,0,1,0,0,0,0
SYN00017,28,4,2638,1,1,0,0,0,0
SYN00017,29,4,2626,0,1,0,0,0,0
SYN00017,30,4,2626,0,1,0,0,0,0
SYN00017,31,4,2602,1,1,0,0,0,0
SYN00017,32,4,2602,1,1,0,0,0,0
SYN00017,33,4,2581,0,1,0,0,0,0
SYN00017,34,4,2581,0,1,0,0,0,0
SYN00017,35,4,2569,1,1,0,0,0,0
SYN00017,36,4,2569,1,1,0,0,0,0
SYN00017,37,1,2552,0,1,0,0,0,0
SYN00017,38,1,2532,1,1,0,0,0,0
SYN00017,39,1,2532,1,1,0,0,0,0
SYN00017,40,1,2526,0,1,0,0,0,0
SYN00017,41,1,2526,0,1,0,0,0,0
SYN00017,42,3,2513,1,1,0,0,0,0
SYN00017,43,1,2506,0,1,0,0,0,0
SYN00017,44,1,2482,1,1,0,0,0,0
SYN00017,45,1,2482,1,1,0,0,0,0
SYN00017,46,1,2473,0,1,0,0,0,0
SYN00017,47,1,2452,1,1,0,0,0,0
SYN00017,48,1,2452,1,1,0,0,0,0
SYN00017,49,-1,2434,0,1,0,0,0,0
SYN00017,50,-1,2417,1,1,0,0,0,0
SYN00017,51,-1,2417,1,1,0,0,0,0
SYN00017,52,-1,2408,0,1,0,0,0,0
SYN00017,53,-1,2408,0,1,0,0,0,0
SYN00017,54,2,2394,1,1,0,0,0,0
SYN00017,55,0,2382,0,1,0,0,0,0
SYN00017,56,0,2359,1,1,0,0,0,0
SYN00017,57,0,2359,1,1,0,0,0,0
SYN00017,58,-2,2335,0,1,0,0,0,0
SYN00017,59,-2,2327,1,1,0,0,0,0
SYN00017,60,-2,2327,1,1,0,0,0,0
SYN00017,61,-2,2312,0,1,0,0,0,0
SYN00017,62,-2,2293,1,1,1,0,0,0
SYN00017,63,-2,2280,0,1,1,0,0,0
SYN00017,64,-2,2280,0,1,1,0,0,0
SYN00017,65,-2,2274,1,1,2,0,0,0
SYN00017,66,-4,2266,0,1,2,0,0,0
SYN00017,67,-4,2248,1,1,3,0,0,0
SYN00017,68,-4,2224,0,1,3,0,0,0
SYN00017,69,-4,2224,0,1,3,0,0,0
SYN00017,70,-4,2208,1,1,3,0,0,0
SYN00017,71,-4,2208,1,1,3,0,0,0
SYN00017,72,-4,2184,0,2,3,0,0,0
SYN00017,73,-2,2162,1,2,3,0,0,0
SYN00017,74,-2,2160,0,2,3,0,0,0
SYN00017,75,-2,2160,1,2,3,0,0,0
SYN00017,76,-2,2160,1,2,3,0,0,0
SYN00017,77,0,2146,1,2,3,0,0,0
SYN00017,78,0,2125,0,2,3,0,0,0
SYN00017,79,0,2125,0,2,3,0,0,0
SYN00017,80,0,2114,1,2,3,0,0,0
SYN00017,81,-2,2103,0,2,3,0,0,0
SYN00017,82,-2,2098,1,2,4,0,0,0
SYN00017,83,-2,2089,0,2,4,0,0,0
SYN00017,84,-2,2089,0,2,4,0,0,0
SYN00017,85,0,2069,1,2,4,0,0,0
SYN00017,86,0,2059,0,3,4,0,0,0
SYN00017,87,2,2037,1,3,4,0,0,0
SYN00017,88,0,2013,0,3,4,0,0,0
SYN00017,89,0,2001,1,3,4,0,0,0
SYN00017,90,0,2001,1,3,4,0,0,0
SYN00017,91,-2,1996,0,3,4,0,0,0
SYN00017,92,-2,1989,1,3,4,0,0,0
SYN00017,93,-2,1989,1,3,4,0,0,0
SYN00017,94,-4,1982,0,3,4,0,0,0
SYN00017,95,-4,1965,1,3,4,0,0,0
SYN00017,96,-4,1965,1,3,4,0,0,0
SYN00017,97,-6,1944,0,3,4,0,0,0
SYN00017,98,-4,1926,1,3,4,0,0,0
SYN00017,99,-4,1903,0,3,4,0,0,0
SYN00017,100,-4,1903,0,3,4,0,0,0
SYN00017,101,-4,1880,1,3,4,0,0,0
SYN00017,102,-4,1880,1,3,4,0,0,0
SYN00017,103,-6,1861,0,3,4,0,0,0
SYN00017,104,-3,1841,1,3,4,0,0,0
SYN00017,105,-3,1827,0,3,4,0,0,0
SYN00017,106,-3,1827,0,3,4,0,0,0
SYN00017,107,-3,1819,1,3,4,0,0,0
SYN00017,108,-3,1819,1,3,4,0,0,0
SYN00017,109,-5,1804,0,3,4,0,0,0
SYN00017,110,-5,1781,1,3,4,0,0,0
SYN00017,111,-5,1781,1,3,4,0,0,0
SYN00017,112,-5,1770,0,3,4,0,0,0
SYN00017,113,-5,1770,0,3,4,0,0,0
SYN00017,114,-5,1746,1,3,4,0,0,0
SYN00017,115,-5,1746,1,3,4,0,0,0
SYN00017,116,-5,1727,0,3,4,0,0,0
SYN00017,117,-5,1711,1,3,4,0,0,0
SYN00017,118,-5,1688,0,3,4,0,0,0
SYN00017,119,-5,1688,0,3,4,0,0,0
SYN00017,120,-5,1679,1,3,4,0,0,0
SYN00017,121,-5,1679,1,3,4,0,0,0
SYN00017,122,-5,1662,0,3,4,0,0,0
SYN00017,123,-5,1662,0,3,4,0,0,0
SYN00017,124,-5,1651,1,3,4,0,0,0
SYN00017,125,-5,1635,0,3,4,0,0,0
SYN00017,126,-5,1635,0,3,4,0,0,0
SYN00017,127,-5,1619,1,3,4,0,0,0
SYN00017,128,-5,1619,1,3,4,0,0,0
SYN00017,129,-7,1607,0,3,4,0,0,0
SYN00017,130,-7,1586,1,3,4,0,0,0
SYN00017,131,-7,1573,0,3,4,0,0,0
SYN00017,132,-7,1573,0,3,4,0,0,0
SYN00017,133,-7,1560,1,3,4,0,0,0
SYN00017,134,-7,1560,1,3,4,0,0,0
SYN00017,135,-9,1542,0,3,4,0,0,0
SYN00017,136,-9,1522,1,3,4,0,0,0
SYN00017,137,-9,1522,1,3,4,0,0,0
SYN00017,138,-11,1510,0,3,4,0,0,0
SYN00017,139,-9,1500,1,3,4,0,0,0
SYN00017,140,-11,1479,0,3,4,0,0,0
SYN00017,141,-11,1457,1,3,4,0,0,0
SYN00017,142,-11,1457,1,3,4,0,0,0
SYN00017,143,-11,1440,0,3,4,0,0,0
SYN00017,144,-11,1440,0,3,4,0,0,0
SYN00017,145,-11,1440,1,3,4,0,0,0
SYN00017,146,-11,1440,1,3,4,0,0,0
SYN00017,147,-9,1428,1,3,4,0,0,0
SYN00017,148,-11,1404,0,3,4,0,0,0
SYN00017,149,-9,1391,1,3,4,0,0,0
SYN00017,150,-11,1385,0,3,4,0,0,0
SYN00017,151,-11,1364,1,3,4,0,0,0
SYN00017,152,-11,1364,1,3,4,0,0,0
SYN00017,153,-13,1353,0,3,4,0,0,0
SYN00017,154,-11,1342,1,3,4,0,0,0
SYN00017,155,-11,1331,0,3,4,0,0,0
SYN00017,156,-11,1331,0,3,4,0,0,0
SYN00017,157,-9,1315,1,3,4,0,0,0
SYN00017,158,-9,1308,0,3,4,0,0,0
SYN00017,159,-9,1293,1,3,4,0,0,0
SYN00017,160,-9,1293,1,3,4,0,0,0
SYN00017,161,-9,1274,0,3,4,0,0,0
SYN00017,162,-9,1274,0,3,4,0,0,0
SYN00017,163,-9,1256,1,3,4,0,0,0
SYN00017,164,-9,1256,1,3,4,0,0,0
SYN00017,165,-9,1242,0,3,4,0,0,0
SYN00017,166,-9,1242,0,3,4,0,0,0
SYN00017,167,-9,1237,1,3,5,0,1,0
SYN00017,168,-11,1220,0,3,5,0,1,0
SYN00017,169,-11,1197,1,3,5,0,1,0
SYN00017,170,-11,1197,1,3,5,0,1,0
SYN00017,171,-13,1182,0,3,5,0,1,0
SYN00017,172,-11,1176,1,3,5,0,1,0
SYN00017,173,-11,1168,0,3,5,0,1,0
SYN00017,174,-11,1168,0,3,5,0,1,0
SYN00017,175,-11,1153,1,3,5,0,1,0
SYN00017,176,-11,1153,1,3,5,0,1,0
SYN00017,177,-11,1138,0,3,5,0,1,0
SYN00017,178,-11,1121,1,3,6,0,1,0
SYN00017,179,-13,1114,0,3,6,0,1,0
SYN00017,180,-13,1098,1,3,6,0,1,0
SYN00017,181,-13,1098,1,3,6,0,1,0
SYN00017,182,-13,1083,0,3,6,0,1,0
SYN00017,183,-13,1083,0,3,6,0,1,0
SYN00017,184,-13,1065,1,3,6,0,1,0
SYN00017,185,-13,1065,1,3,6,0,1,0
SYN00017,186,-15,1051,0,3,6,0,1,0
SYN00017,187,-15,1031,1,3,6,0,1,0
SYN00017,188,-15,1031,1,3,6,0,1,0
SYN00017,189,-15,1014,0,3,6,0,1,0
SYN00017,190,-15,1014,0,3,6,0,1,0
SYN00017,191,-15,1006,1,3,6,0,1,0
SYN00017,192,-15,1006,1,3,6,0,1,0
SYN00017,193,-17,984,0,3,6,0,1,0
SYN00017,194,-17,963,1,3,6,0,1,0
SYN00017,195,-17,963,1,3,6,0,1,0
SYN00017,196,-19,954,0,3,6,0,1,0
SYN00017,197,-17,931,1,3,6,0,1,0
SYN00017,198,-17,922,0,3,6,0,1,0
SYN00017,199,-17,922,0,3,6,0,1,0
SYN00017,200,-15,907,1,3,6,0,1,0
SYN00017,201,-15,894,0,4,6,0,1,0
SYN00017,202,-15,881,1,4,6,0,1,0
SYN00017,203,-15,881,1,4,6,0,1,0
SYN00017,204,-15,863,0,4,6,0,1,0
SYN00017,205,-15,863,0,4,6,0,1,0
SYN00017,206,-15,856,1,4,7,0,1,0
SYN00017,207,-15,850,0,4,7,0,1,0
SYN00017,208,-15,850,0,4,7,0,1,0
SYN00017,209,-12,841,1,4,7,0,1,0
SYN00017,210,-14,831,0,4,7,0,1,0
SYN00017,211,-14,816,1,4,7,0,1,0
SYN00017,212,-14,816,1,4,7,0,1,0
SYN00017,213,-14,806,0,4,7,0,1,0
SYN00017,214,-12,798,1,4,7,0,1,0
SYN00017,215,-12,782,0,5,7,1,1,0
SYN00017,216,-12,764,1,5,8,1,1,0
SYN00017,217,-15,746,0,5,8,1,1,0
SYN00017,218,-13,740,1,5,8,1,1,0
SYN00017,219,-15,720,0,5,8,1,1,0
SYN00017,220,-15,720,1,5,8,1,1,0
SYN00017,221,-15,720,1,5,8,1,1,0
SYN00017,222,-15,714,1,5,8,1,1,0
SYN00017,223,-15,714,1,5,8,1,1,0
SYN00017,224,-15,702,0,5,8,1,1,0
SYN00017,225,-15,702,0,5,8,1,1,0
SYN00017,226,-15,680,1,5,8,1,1,0
SYN00017,227,-15,680,1,5,8,1,1,0
SYN00017,228,-17,671,0,5,8,1,1,0
SYN00017,229,-17,652,1,5,8,1,1,0
SYN00017,230,-17,632,0,6,8,1,1,0
SYN00017,231,-17,610,1,6,8,1,1,0
SYN00017,232,-17,610,1,6,8,1,1,0
SYN00017,233,-20,587,0,6,8,1,1,0
SYN00017,234,-20,570,1,6,8,1,1,0
SYN00017,235,-20,570,1,6,8,1,1,0
SYN00017,236,-20,555,0,6,8,1,1,0
SYN00017,237,-20,555,0,6,8,1,1,0
SYN00017,238,-18,545,1,6,8,1,1,0
SYN00017,239,-18,534,0,6,8,1,1,0
SYN00017,240,-18,534,0,6,8,1,1,0
SYN00017,241,-18,527,1,6,8,1,1,0
SYN00017,242,-18,515,0,6,8,1,1,0
SYN00017,243,-18,515,0,6,8,1,1,0
SYN00017,244,-18,499,1,6,8,1,1,0
SYN00017,245,-18,499,1,6,8,1,1,0
SYN00017,246,-18,489,0,6,8,1,1,0
SYN00017,247,-18,489,0,6,8,1,1,0
SYN00017,248,-18,480,1,6,8,1,1,0
SYN00017,249,-18,480,1,6,8,1,1,0
SYN00017,250,-20,464,0,6,8,1,1,0
SYN00017,251,-20,449,1,6,8,1,1,0
SYN00017,252,-20,449,1,6,8,1,1,0
SYN00017,253,-22,432,0,6,8,1,1,0
SYN00017,254,-20,420,1,6,8,1,1,0
SYN00017,255,-22,403,0,6,8,1,1,0
SYN00017,256,-22,387,1,6,8,1,1,0
SYN00017,257,-22,387,1,6,8,1,1,0
SYN00017,258,-22,374,0,6,8,1,1,0
SYN00017,259,-22,374,0,6,8,1,1,0
SYN00017,260,-22,368,1,6,8,1,1,0
SYN00017,261,-22,368,1,6,8,1,1,0
SYN00017,262,-22,354,0,6,8,1,1,0
SYN00017,263,-22,354,0,6,8,1,1,0
SYN00017,264,-20,349,1,6,8,1,1,0
SYN00017,265,-20,336,0,6,8,1,1,0
SYN00017,266,-20,336,0,6,8,1,1,0
SYN00017,267,-18,325,1,6,8,1,1,0
SYN00017,268,-18,319,0,6,8,1,1,0
SYN00017,269,-18,319,0,6,8,1,1,0
SYN00017,270,-18,297,1,6,8,1,1,0
SYN00017,271,-18,297,1,6,8,1,1,0
SYN00017,272,-18,279,0,6,8,1,1,0
SYN00017,273,-18,279,0,6,8,1,1,0
SYN00017,274,-18,261,1,6,8,1,1,0
SYN00017,275,-18,261,1,6,8,1,1,0
SYN00017,276,-18,237,0,6,8,1,1,0
SYN00017,277,-18,237,0,6,8,1,1,0
SYN00017,278,-18,228,1,6,8,1,1,0
SYN00017,279,-18,228,1,6,8,1,1,0
SYN00017,280,-20,215,0,6,8,1,1,0
SYN00017,281,-17,191,1,6,8,1,1,0
SYN00017,282,-20,175,0,6,8,1,1,0
SYN00017,283,-20,152,1,6,8,1,1,0
SYN00017,284,-20,152,1,6,8,1,1,0
SYN00017,285,-22,146,0,6,8,1,1,0
SYN00017,286,-20,125,1,6,8,1,1,0
SYN00017,287,-22,106,0,6,8,1,1,0
SYN00017,288,-22,89,1,6,8,1,1,0
SYN00017,289,-22,89,1,6,8,1,1,0
SYN00017,290,-22,67,0,6,8,1,1,0
SYN00017,291,-22,67,0,6,8,1,1,0
SYN00017,292,-19,60,1,6,8,1,1,0
SYN00017,293,-21,46,0,6,8,1,1,0
SYN00017,294,-21,23,1,6,8,1,1,0
SYN00017,295,-21,23,1,6,8,1,1,0
SYN00017,296,-23,16,0,6,8,1,1,0
SYN00017,297,-21,0,1,6,8,1,1,0
SYN00017,298,-21,0,0,6,8,1,1,0
SYN00018,1,0,2880,1,0,0,0,0,1
SYN00018,2,0,2856,1,0,0,0,0,1
SYN00018,3,0,2856,1,0,0,0,0,1
SYN00018,4,-2,2841,0,0,0,0,0,1
SYN00018,5,1,2820,1,0,0,0,0,1
SYN00018,6,-1,2802,0,0,0,0,0,1
SYN00018,7,-1,2788,1,0,1,0,0,1
SYN00018,8,-3,2776,0,0,1,0,0,1
SYN00018,9,-1,2769,1,0,1,0,0,1
SYN00018,10,-1,2748,0,0,1,0,0,1
SYN00018,11,-1,2748,0,0,1,0,0,1
SYN00018,12,-1,2740,1,0,1,0,0,1
SYN00018,13,-1,2734,0,0,1,0,0,1
SYN00018,14,-1,2734,0,0,1,0,0,1
SYN00018,15,-1,2729,1,0,2,0,0,1
SYN00018,16,-1,2720,0,1,2,0,0,1
SYN00018,17,-1,2702,1,1,3,0,0,1
SYN00018,18,-1,2691,0,1,3,0,0,1
SYN00018,19,-1,2667,1,1,3,0,0,1
SYN00018,20,-1,2651,0,1,3,0,0,1
SYN00018,21,-1,2645,1,1,3,0,0,1
SYN00018,22,-1,2634,0,1,3,0,0,1
SYN00018,23,-1,2634,0,1,3,0,0,1
SYN00018,24,-1,2625,1,1,3,0,0,1
SYN00018,25,-1,2625,1,1,3,0,0,1
SYN00018,26,-4,2607,0,1,3,0,0,1
SYN00018,27,-4,2600,1,1,3,0,0,1
SYN00018,28,-4,2600,1,1,3,0,0,1
SYN00018,29,-4,2588,0,2,3,0,0,1
SYN00018,30,-1,2565,1,2,3,0,0,1
SYN00018,31,-1,2546,0,2,3,0,0,1
SYN00018,32,-1,2546,0,2,3,0,0,1
SYN00018,33,1,2541,1,2,3,0,0,1
SYN00018,34,1,2518,0,3,3,0,0,1
SYN00018,35,3,2504,1,3,3,0,0,1
SYN00018,36,3,2498,0,3,3,0,0,1
SYN00018,37,3,2498,0,3,3,0,0,1
SYN00018,38,3,2488,1,3,3,0,0,1
SYN00018,39,3,2488,1,3,3,0,0,1
SYN00018,40,1,2465,0,3,3,0,0,1
SYN00018,41,1,2457,1,3,3,0,0,1
SYN00018,42,1,2457,1,3,3,0,0,1
SYN00018,43,1,2434,0,3,3,0,0,1
SYN00018,44,1,2434,0,3,3,0,0,1
SYN00018,45,1,2429,1,3,3,0,0,1
SYN00018,46,1,2429,1,3,3,0,0,1
SYN00018,47,-2,2406,0,3,3,0,0,1
SYN00018,48,0,2400,1,3,3,0,0,1
SYN00018,49,-3,2380,0,3,3,0,0,1
SYN00018,50,-3,2370,1,3,3,0,0,1
SYN00018,51,-3,2370,1,3,3,0,0,1
SYN00018,52,-3,2354,0,3,3,0,0,1
SYN00018,53,-3,2354,0,3,3,0,0,1
SYN00018,54,-3,2334,1,3,3,0,0,1
SYN00018,55,-3,2334,1,3,3,0,0,1
SYN00018,56,-3,2328,0,3,3,0,0,1
SYN00018,57,-3,2328,0,3,3,0,0,1
SYN00018,58,-1,2310,1,3,3,0,0,1
SYN00018,59,-4,2299,0,3,3,0,0,1
SYN00018,60,-4,2281,1,3,4,0,0,1
SYN00018,61,-4,2271,0,4,4,0,0,1
SYN00018,62,-4,2253,1,4,4,0,0,1
SYN00018,63,-4,2253,1,4,4,0,0,1
SYN00018,64,-6,2238,0,4,4,0,0,1
SYN00018,65,-6,2220,1,4,4,0,0,1
SYN00018,66,-6,2220,1,4,4,0,0,1
SYN00018,67,-8,2208,0,4,4,0,0,1
SYN00018,68,-8,2192,1,4,4,0,0,1
SYN00018,69,-8,2192,1,4,4,0,0,1
SYN00018,70,-10,2175,0,4,4,0,0,1
SYN00018,71,-10,2163,1,4,5,0,1,1
SYN00018,72,-10,2160,0,4,5,0,1,1
SYN00018,73,-10,2160,0,4,5,0,1,1
SYN00018,74,-10,2160,1,4,5,0,1,1
SYN00018,75,-10,2160,1,4,5,0,1,1
SYN00018,76,-8,2143,1,4,5,0,1,1
SYN00018,77,-8,2120,0,4,5,0,1,1
SYN00018,78,-8,2120,0,4,5,0,1,1
SYN00018,79,-8,2115,1,4,5,0,1,1
SYN00018,80,-8,2115,1,4,5,0,1,1
SYN00018,81,-11,2109,0,4,5,0,1,1
SYN00018,82,-11,2087,1,4,5,0,1,1
SYN00018,83,-11,2087,1,4,5,0,1,1
SYN00018,84,-11,2066,0,4,5,0,1,1
SYN00018,85,-11,2066,0,4,5,0,1,1
SYN00018,86,-9,2054,1,4,5,0,1,1
SYN00018,87,-12,2034,0,4,5,0,1,1
SYN00018,88,-12,2018,1,4,5,0,1,1
SYN00018,89,-12,2018,1,4,5,0,1,1
SYN00018,90,-12,2005,0,4,5,0,1,1
SYN00018,91,-12,2005,0,4,5,0,1,1
SYN00018,92,-12,1991,1,4,5,0,1,1
SYN00018,93,-12,1991,1,4,5,0,1,1
SYN00018,94,-12,1974,0,4,5,0,1,1
SYN00018,95,-12,1974,0,4,5,0,1,1
SYN00018,96,-12,1961,1,4,5,0,1,1
SYN00018,97,-12,1961,1,4,5,0,1,1
SYN00018,98,-12,1940,0,4,5,0,1,1
SYN00018,99,-12,1940,0,4,5,0,1,1
SYN00018,100,-12,1935,1,4,5,0,1,1
SYN00018,101,-12,1935,1,4,5,0,1,1
SYN00018,102,-14,1911,0,4,5,0,1,1
SYN00018,103,-11,1900,1,4,5,0,1,1
SYN00018,104,-13,1881,0,4,5,0,1,1
SYN00018,105,-13,1873,1,4,6,0,1,1
SYN00018,106,-13,1859,0,4,6,0,1,1
SYN00018,107,-13,1838,1,4,6,0,1,1
SYN00018,108,-13,1838,1,4,6,0,1,1
SYN00018,109,-13,1815,0,4,6,0,1,1
SYN00018,110,-13,1815,0,4,6,0,1,1
SYN00018,111,-11,1807,1,4,6,0,1,1
SYN00018,112,-13,1802,0,4,6,0,1,1
SYN00018,113,-11,1782,1,4,6,0,1,1
SYN00018,114,-11,1771,0,5,6,1,1,1
SYN00018,115,-9,1756,1,5,6,1,1,1
SYN00018,116,-9,1746,0,5,6,1,1,1
SYN00018,117,-9,1746,0,5,6,1,1,1
SYN00018,118,-7,1739,1,5,6,1,1,1
SYN00018,119,-7,1722,0,5,6,1,1,1
SYN00018,120,-7,1722,0,5,6,1,1,1
SYN00018,121,-7,1709,1,5,6,1,1,1
SYN00018,122,-7,1709,1,5,6,1,1,1
SYN00018,123,-7,1702,0,5,6,1,1,1
SYN00018,124,-7,1702,0,5,6,1,1,1
SYN00018,125,-5,1685,1,5,6,1,1,1
SYN00018,126,-5,1676,0,5,6,1,1,1
SYN00018,127,-5,1676,0,5,6,1,1,1
SYN00018,128,-5,1671,1,5,6,1,1,1
SYN00018,129,-5,1671,1,5,6,1,1,1
SYN00018,130,-5,1658,0,5,6,1,1,1
SYN00018,131,-5,1658,0,5,6,1,1,1
SYN00018,132,-3,1652,1,5,6,1,1,1
SYN00018,133,-6,1646,0,5,6,1,1,1
SYN00018,134,-6,1630,1,5,6,1,1,1
SYN00018,135,-6,1630,1,5,6,1,1,1
SYN00018,136,-8,1613,0,5,6,1,1,1
SYN00018,137,-8,1608,1,5,6,1,1,1
SYN00018,138,-8,1608,1,5,6,1,1,1
SYN00018,139,-10,1598,0,5,6,1,1,1
SYN00018,140,-10,1583,1,5,6,1,1,1
SYN00018,141,-10,1583,1,5,6,1,1,1
SYN00018,142,-10,1564,0,5,6,1,1,1
SYN00018,143,-10,1564,0,5,6,1,1,1
SYN00018,144,-7,1549,1,5,6,1,1,1
SYN00018,145,-7,1539,0,5,6,1,1,1
SYN00018,146,-7,1539,0,5,6,1,1,1
SYN00018,147,-7,1522,1,5,6,1,1,1
SYN00018,148,-7,1522,1,5,6,1,1,1
SYN00018,149,-7,1500,0,6,6,1,1,1
SYN00018,150,-7,1476,1,6,6,1,1,1
SYN00018,151,-7,1476,1,6,6,1,1,1
SYN00018,152,-7,1464,0,6,6,1,1,1
SYN00018,153,-7,1464,0,6,6,1,1,1
SYN00018,154,-7,1452,1,6,6,1,1,1
SYN00018,155,-7,1440,0,6,6,1,1,1
SYN00018,156,-7,1440,0,6,6,1,1,1
SYN00018,157,-7,1440,1,6,6,1,1,1
SYN00018,158,-7,1440,1,6,6,1,1,1
SYN00018,159,-7,1434,1,6,6,1,1,1
SYN00018,160,-7,1434,1,6,6,1,1,1
SYN00018,161,-7,1421,0,6,6,1,1,1
SYN00018,162,-7,1421,0,6,6,1,1,1
SYN00018,163,-7,1401,1,6,6,1,1,1
SYN00018,164,-7,1401,1,6,6,1,1,1
SYN00018,165,-7,1394,0,6,6,1,1,1
SYN00018,166,-7,1394,0,6,6,1,1,1
SYN00018,167,-5,1377,1,6,6,1,1,1
SYN00018,168,-5,1358,0,6,6,1,1,1
SYN00018,169,-5,1343,1,6,6,1,1,1
SYN00018,170,-5,1343,1,6,6,1,1,1
SYN00018,171,-5,1326,0,6,6,1,1,1
SYN00018,172,-5,1326,0,6,6,1,1,1
SYN00018,173,-3,1321,1,6,6,1,1,1
SYN00018,174,-5,1312,0,6,6,1,1,1
SYN00018,175,-3,1289,1,6,6,1,1,1
SYN00018,176,-3,1274,0,6,6,1,1,1
SYN00018,177,-3,1274,0,6,6,1,1,1
SYN00018,178,-1,1255,1,6,6,1,1,1
SYN00018,179,-1,1243,0,6,6,1,1,1
SYN00018,180,-1,1243,0,6,6,1,1,1
SYN00018,181,-1,1221,1,6,6,1,1,1
SYN00018,182,-1,1221,1,6,6,1,1,1
SYN00018,183,-1,1211,0,7,6,1,1,1
SYN00018,184,-1,1197,1,7,7,1,1,1
SYN00018,185,-1,1179,0,7,7,1,1,1
SYN00018,186,-1,1179,0,7,7,1,1,1
SYN00018,187,-1,1174,1,7,8,1,1,1
SYN00018,188,-3,1161,0,7,8,1,1,1
SYN00018,189,-3,1146,1,7,8,1,1,1
SYN00018,190,-3,1146,1,7,8,1,1,1
SYN00018,191,-5,1139,0,7,8,1,1,1
SYN00018,192,-3,1124,1,7,8,1,1,1
SYN00018,193,-3,1116,0,7,8,1,1,1
SYN00018,194,-3,1116,0,7,8,1,1,1
SYN00018,195,-1,1106,1,7,8,1,1,1
SYN00018,196,-1,1099,0,7,8,1,1,1
SYN00018,197,-1,1099,0,7,8,1,1,1
SYN00018,198,1,1078,1,7,8,1,1,1
SYN00018,199,1,1070,0,7,8,1,1,1
SYN00018,200,1,1070,0,7,8,1,1,1
SYN00018,201,1,1060,1,7,8,1,1,1
SYN00018,202,1,1060,1,7,8,1,1,1
SYN00018,203,1,1039,0,7,8,1,1,1
SYN00018,204,4,1028,1,7,8,1,1,1
SYN00018,205,4,1019,0,8,8,1,1,1
SYN00018,206,6,1000,1,8,8,1,1,1
SYN00018,207,6,979,0,9,8,1,1,1
SYN00018,208,9,974,1,9,8,1,1,1
SYN00018,209,9,963,0,9,8,1,1,1
SYN00018,210,9,963,0,9,8,1,1,1
SYN00018,211,9,956,1,9,8,1,1,1
SYN00018,212,9,956,1,9,8,1,1,1
SYN00018,213,6,938,0,9,8,1,1,1
SYN00018,214,8,927,1,9,8,1,1,1
SYN00018,215,8,912,0,10,8,1,1,1
SYN00018,216,10,901,1,10,8,1,1,1
SYN00018,217,8,893,0,10,8,1,1,1
SYN00018,218,8,879,1,10,8,1,1,1
SYN00018,219,8,879,1,10,8,1,1,1
SYN00018,220,6,859,0,10,8,1,1,1
SYN00018,221,6,844,1,10,8,1,1,1
SYN00018,222,6,844,1,10,8,1,1,1
SYN00018,223,6,833,0,10,8,1,1,1
SYN00018,224,6,833,0,10,8,1,1,1
SYN00018,225,6,813,1,10,8,1,1,1
SYN00018,226,6,813,1,10,8,1,1,1
SYN00018,227,6,806,0,10,8,1,1,1
SYN00018,228,6,806,0,10,8,1,1,1
SYN00018,229,8,782,1,10,8,1,1,1
SYN00018,230,8,768,0,10,8,1,1,1
SYN00018,231,8,768,0,10,8,1,1,1
SYN00018,232,8,749,1,10,8,1,1,1
SYN00018,233,8,749,1,10,8,1,1,1
SYN00018,234,6,729,0,10,8,1,1,1
SYN00018,235,8,720,1,10,8,1,1,1
SYN00018,236,8,720,0,10,8,1,1,1
SYN00018,237,8,720,0,10,8,1,1,1
SYN00018,238,8,710,0,10,8,1,1,1
SYN00018,239,8,710,0,10,8,1,1,1
SYN00018,240,8,703,1,10,8,1,1,1
SYN00018,241,8,703,1,10,8,1,1,1
SYN00018,242,8,696,0,10,8,1,1,1
SYN00018,243,8,696,0,10,8,1,1,1
SYN00018,244,11,686,1,10,8,1,1,1
SYN00018,245,11,663,0,10,8,1,1,1
SYN00018,246,11,663,0,10,8,1,1,1
SYN00018,247,11,648,1,10,8,1,1,1
SYN00018,248,11,648,1,10,8,1,1,1
SYN00018,249,8,630,0,10,8,1,1,1
SYN00018,250,8,621,1,10,8,1,1,1
SYN00018,251,8,621,1,10,8,1,1,1
SYN00018,252,8,605,0,10,8,1,1,1
SYN00018,253,8,594,1,10,8,1,1,1
SYN00018,254,8,594,1,10,8,1,1,1
SYN00018,255,8,582,0,10,8,1,1,1
SYN00018,256,8,582,0,10,8,1,1,1
SYN00018,257,11,559,1,10,8,1,1,1
SYN00018,258,8,543,0,10,8,1,1,1
SYN00018,259,10,534,1,10,8,1,1,1
SYN00018,260,7,516,0,10,8,1,1,1
SYN00018,261,9,507,1,10,8,1,1,1
SYN00018,262,7,502,0,10,8,1,1,1
SYN00018,263,7,495,1,10,9,1,1,1
SYN00018,264,7,476,0,10,9,1,1,1
SYN00018,265,7,476,0,10,9,1,1,1
SYN00018,266,9,454,1,10,9,1,1,1
SYN00018,267,9,447,0,10,9,1,1,1
SYN00018,268,9,447,0,10,9,1,1,1
SYN00018,269,12,423,1,10,9,1,1,1
SYN00018,270,9,400,0,10,9,1,1,1
SYN00018,271,9,391,1,10,9,1,1,1
SYN00018,272,9,391,1,10,9,1,1,1
SYN00018,273,7,371,0,10,9,1,1,1
SYN00018,274,9,348,1,10,9,1,1,1
SYN00018,275,7,342,0,10,9,1,1,1
SYN00018,276,9,329,1,10,9,1,1,1
SYN00018,277,9,323,0,11,9,1,1,1
SYN00018,278,9,305,1,11,10,1,1,1
SYN00018,279,7,284,0,11,10,1,1,1
SYN00018,280,7,265,1,11,10,1,1,1
SYN00018,281,7,265,1,11,10,1,1,1
SYN00018,282,7,247,0,11,10,1,1,1
SYN00018,283,7,247,0,11,10,1,1,1
SYN00018,284,9,226,1,11,10,1,1,1
SYN00018,285,7,203,0,11,10,1,1,1
SYN00018,286,7,190,1,11,10,1,1,1
SYN00018,287,7,185,0,12,10,1,1,1
SYN00018,288,7,166,1,12,10,1,1,1
SYN00018,289,7,166,1,12,10,1,1,1
SYN00018,290,4,157,0,12,10,1,1,1
SYN00018,291,4,142,1,12,10,1,1,1
SYN00018,292,4,121,0,12,10,1,1,1
SYN00018,293,4,121,0,12,10,1,1,1
SYN00018,294,7,112,1,12,10,1,1,1
SYN00018,295,5,89,0,12,10,1,1,1
SYN00018,296,5,68,1,12,10,1,1,1
SYN00018,297,5,68,1,12,10,1,1,1
SYN00018,298,5,62,0,13,10,1,1,1
SYN00018,299,7,49,1,13,10,1,1,1
SYN00018,300,5,42,0,13,10,1,1,1
SYN00018,301,5,27,1,13,10,1,1,1
SYN00018,302,5,27,1,13,10,1,1,1
SYN00018,303,5,3,0,13,10,1,1,1
SYN00018,304,5,3,0,13,10,1,1,1
SYN00018,305,7,0,1,13,10,1,1,1
SYN00018,306,7,0,0,13,10,1,1,1
SYN00019,1,0,2880,0,0,0,0,0,0
SYN00019,2,0,2860,0,0,0,0,0,0
SYN00019,3,0,2860,0,0,0,0,0,0
SYN00019,4,2,2838,1,0,0,0,0,0
SYN00019,5,0,2828,0,0,0,0,0,0
SYN00019,6,0,2819,1,0,1,0,0,0
SYN00019,7,-2,2812,0,0,1,0,0,0
SYN00019,8,0,2796,1,0,1,0,0,0
SYN00019,9,-2,2777,0,0,1,0,0,0
SYN00019,10,0,2766,1,0,1,0,0,0
SYN00019,11,-3,2754,0,0,1,0,0,0
SYN00019,12,-3,2732,1,0,1,0,0,0
SYN00019,13,-3,2732,1,0,1,0,0,0
SYN00019,14,-3,2715,0,1,1,0,0,0
SYN00019,15,-3,2707,1,1,1,0,0,0
SYN00019,16,-3,2707,1,1,1,0,0,0
SYN00019,17,-6,2697,0,1,1,0,0,0
SYN00019,18,-4,2673,1,1,1,0,0,0
SYN00019,19,-4,2656,0,1,1,0,0,0
SYN00019,20,-4,2656,0,1,1,0,0,0
SYN00019,21,-4,2639,1,1,1,0,0,0
SYN00019,22,-4,2639,1,1,1,0,0,0
SYN00019,23,-4,2627,0,1,1,0,0,0
SYN00019,24,-4,2627,0,1,1,0,0,0
SYN00019,25,-2,2613,1,1,1,0,0,0
SYN00019,26,-2,2598,0,1,1,0,0,0
SYN00019,27,-2,2598,0,1,1,0,0,0
SYN00019,28,-2,2592,1,1,1,0,0,0
SYN00019,29,-2,2592,1,1,1,0,0,0
SYN00019,30,-4,2580,0,1,1,0,0,0
SYN00019,31,-2,2573,1,1,1,0,0,0
SYN00019,32,-2,2555,0,1,1,0,0,0
SYN00019,33,-2,2555,0,1,1,0,0,0
SYN00019,34,0,2537,1,1,1,0,0,0
SYN00019,35,-2,2515,0,1,1,0,0,0
SYN00019,36,0,2502,1,1,1,0,0,0
SYN00019,37,-3,2489,0,1,1,0,0,0
SYN00019,38,-1,2471,1,1,1,0,0,0
SYN00019,39,-1,2450,0,2,1,0,0,0
SYN00019,40,-1,2428,1,2,2,0,0,0
SYN00019,41,-4,2416,0,2,2,0,0,0
SYN00019,42,-4,2400,1,2,3,0,0,0
SYN00019,43,-7,2378,0,2,3,0,0,0
SYN00019,44,-4,2354,1,2,3,0,0,0
SYN00019,45,-7,2337,0,2,3,0,0,0
SYN00019,46,-5,2314,1,2,3,0,0,0
SYN00019,47,-7,2300,0,2,3,0,0,0
SYN00019,48,-7,2293,1,2,3,0,0,0
SYN00019,49,-7,2293,1,2,3,0,0,0
SYN00019,50,-9,2285,0,2,3,0,0,0
SYN00019,51,-9,2278,1,2,3,0,0,0
SYN00019,52,-9,2278,1,2,3,0,0,0
SYN00019,53,-9,2260,0,2,3,0,0,0
SYN00019,54,-9,2260,0,2,3,0,0,0
SYN00019,55,-7,2241,1,2,3,0,0,0
SYN00019,56,-10,2217,0,2,3,0,0,0
SYN00019,57,-8,2211,1,2,3,0,0,0
SYN00019,58,-11,2202,0,2,3,0,0,0
SYN00019,59,-9,2185,1,2,3,0,0,0
SYN00019,60,-9,2170,0,3,3,0,0,0
SYN00019,61,-7,2160,1,3,3,0,0,0
SYN00019,62,-7,2160,0,3,3,0,0,0
SYN00019,63,-7,2160,0,3,3,0,0,0
SYN00019,64,-7,2155,0,3,3,0,0,0
SYN00019,65,-5,2139,1,3,3,0,0,0
SYN00019,66,-7,2122,0,3,3,0,0,0
SYN00019,67,-7,2099,1,3,3,0,0,0
SYN00019,68,-7,2099,1,3,3,0,0,0
SYN00019,69,-7,2085,0,4,3,0,0,0
SYN00019,70,-7,2064,1,4,3,0,0,0
SYN00019,71,-7,2064,1,4,3,0,0,0
SYN00019,72,-7,2056,0,5,3,1,0,0
SYN00019,73,-7,2034,1,5,3,1,0,0
SYN00019,74,-7,2034,1,5,3,1,0,0
SYN00019,75,-10,2019,0,5,3,1,0,0
SYN00019,76,-10,2014,1,5,3,1,0,0
SYN00019,77,-10,2014,1,5,3,1,0,0
SYN00019,78,-12,2001,0,5,3,1,0,0
SYN00019,79,-12,1992,1,5,3,1,0,0
SYN00019,80,-12,1992,1,5,3,1,0,0
SYN00019,81,-14,1983,0,5,3,1,0,0
SYN00019,82,-14,1973,1,5,3,1,0,0
SYN00019,83,-14,1973,1,5,3,1,0,0
SYN00019,84,-16,1955,0,5,3,1,0,0
SYN00019,85,-16,1932,1,5,4,1,0,0
SYN00019,86,-16,1922,0,5,4,1,0,0
SYN00019,87,-16,1907,1,5,4,1,0,0
SYN00019,88,-16,1907,1,5,4,1,0,0
SYN00019,89,-16,1900,0,5,4,1,0,0
SYN00019,90,-16,1900,0,5,4,1,0,0
SYN00019,91,-16,1881,1,5,4,1,0,0
SYN00019,92,-16,1881,1,5,4,1,0,0
SYN00019,93,-18,1872,0,5,4,1,0,0
SYN00019,94,-16,1855,1,5,4,1,0,0
SYN00019,95,-16,1848,0,5,4,1,0,0
SYN00019,96,-16,1826,1,5,4,1,0,0
SYN00019,97,-16,1826,1,5,4,1,0,0
SYN00019,98,-18,1809,0,5,4,1,0,0
SYN00019,99,-15,1799,1,5,4,1,0,0
SYN00019,100,-15,1788,0,5,4,1,0,0
SYN00019,101,-15,1788,0,5,4,1,0,0
SYN00019,102,-15,1764,1,5,4,1,0,0
SYN00019,103,-15,1764,1,5,4,1,0,0
SYN00019,104,-15,1757,0,5,4,1,0,0
SYN00019,105,-13,1744,1,5,4,1,0,0
SYN00019,106,-15,1738,0,5,4,1,0,0
SYN00019,107,-13,1731,1,5,4,1,0,0
SYN00019,108,-13,1713,0,6,4,1,0,0
SYN00019,109,-13,1695,1,6,5,1,1,0
SYN00019,110,-16,1679,0,6,5,1,1,0
SYN00019,111,-16,1665,1,6,5,1,1,0
SYN00019,112,-16,1665,1,6,5,1,1,0
SYN00019,113,-16,1648,0,6,5,1,1,0
SYN00019,114,-16,1648,0,6,5,1,1,0
SYN00019,115,-16,1643,1,6,5,1,1,0
SYN00019,116,-16,1643,1,6,5,1,1,0
SYN00019,117,-18,1620,0,6,5,1,1,0
SYN00019,118,-18,1608,1,6,6,1,1,0
SYN00019,119,-20,1603,0,6,6,1,1,0
SYN00019,120,-20,1597,1,6,6,1,1,0
SYN00019,121,-20,1597,1,6,6,1,1,0
SYN00019,122,-23,1585,0,6,6,1,1,0
SYN00019,123,-23,1574,1,6,6,1,1,0
SYN00019,124,-23,1574,1,6,6,1,1,0
SYN00019,125,-25,1560,0,6,6,1,1,0
SYN00019,126,-25,1543,1,6,6,1,1,0
SYN00019,127,-27,1536,0,6,6,1,1,0
SYN00019,128,-27,1519,1,6,6,1,1,0
SYN00019,129,-27,1519,1,6,6,1,1,0
SYN00019,130,-30,1505,0,6,6,1,1,0
SYN00019,131,-30,1488,1,6,6,1,1,0
SYN00019,132,-30,1488,1,6,6,1,1,0
SYN00019,133,-30,1479,0,6,6,1,1,0
SYN00019,134,-30,1479,0,6,6,1,1,0
SYN00019,135,-30,1469,1,6,7,1,1,0
SYN00019,136,-30,1456,0,6,7,1,1,0
SYN00019,137,-30,1456,0,6,7,1,1,0
SYN00019,138,-27,1446,1,6,7,1,1,0
SYN00019,139,-27,1440,0,6,7,1,1,0
SYN00019,140,-27,1440,0,6,7,1,1,0
SYN00019,141,-27,1440,1,6,7,1,1,0
SYN00019,142,-27,1440,1,6,7,1,1,0
SYN00019,143,-24,1423,1,6,7,1,1,0
SYN00019,144,-27,1409,0,6,7,1,1,0
SYN00019,145,-25,1396,1,6,7,1,1,0
SYN00019,146,-27,1375,0,6,7,1,1,0
SYN00019,147,-27,1365,1,6,8,1,1,0
SYN00019,148,-29,1351,0,6,8,1,1,0
SYN00019,149,-26,1327,1,6,8,1,1,0
SYN00019,150,-28,1315,0,6,8,1,1,0
SYN00019,151,-25,1291,1,6,8,1,1,0
SYN00019,152,-25,1280,0,7,8,1,1,0
SYN00019,153,-22,1265,1,7,8,1,1,0
SYN00019,154,-24,1253,0,7,8,1,1,0
SYN00019,155,-22,1240,1,7,8,1,1,0
SYN00019,156,-22,1235,0,7,8,1,1,0
SYN00019,157,-22,1235,0,7,8,1,1,0
SYN00019,158,-20,1225,1,7,8,1,1,0
SYN00019,159,-20,1202,0,7,8,1,1,0
SYN00019,160,-20,1202,0,7,8,1,1,0
SYN00019,161,-20,1180,1,7,8,1,1,0
SYN00019,162,-20,1180,1,7,8,1,1,0
SYN00019,163,-20,1167,0,8,8,1,1,0
SYN00019,164,-20,1156,1,8,8,1,1,0
SYN00019,165,-20,1138,0,8,8,1,1,0
SYN00019,166,-20,1138,0,8,8,1,1,0
SYN00019,167,-20,1119,1,8,8,1,1,0
SYN00019,168,-20,1119,1,8,8,1,1,0
SYN00019,169,-22,1107,0,8,8,1,1,0
SYN00019,170,-22,1098,1,8,8,1,1,0
SYN00019,171,-22,1098,1,8,8,1,1,0
SYN00019,172,-22,1074,0,8,8,1,1,0
SYN00019,173,-22,1074,0,8,8,1,1,0
SYN00019,174,-20,1057,1,8,8,1,1,0
SYN00019,175,-22,1038,0,8,8,1,1,0
SYN00019,176,-20,1016,1,8,8,1,1,0
SYN00019,177,-22,1004,0,8,8,1,1,0
SYN00019,178,-22,988,1,8,9,1,1,0
SYN00019,179,-22,980,0,9,9,1,1,0
SYN00019,180,-22,965,1,9,9,1,1,0
SYN00019,181,-22,965,1,9,9,1,1,0
SYN00019,182,-22,958,0,9,9,1,1,0
SYN00019,183,-22,958,0,9,9,1,1,0
SYN00019,184,-22,946,1,9,9,1,1,0
SYN00019,185,-22,946,1,9,9,1,1,0
SYN00019,186,-22,931,0,9,9,1,1,0
SYN00019,187,-22,931,0,9,9,1,1,0
SYN00019,188,-20,913,1,9,9,1,1,0
SYN00019,189,-20,889,0,9,9,1,1,0
SYN00019,190,-20,889,0,9,9,1,1,0
SYN00019,191,-18,881,1,9,9,1,1,0
SYN00019,192,-20,861,0,9,9,1,1,0
SYN00019,193,-20,838,1,9,9,1,1,0
SYN00019,194,-20,838,1,9,9,1,1,0
SYN00019,195,-20,824,0,9,9,1,1,0
SYN00019,196,-20,824,0,9,9,1,1,0
SYN00019,197,-18,805,1,9,9,1,1,0
SYN00019,198,-18,796,0,9,9,1,1,0
SYN00019,199,-18,796,0,9,9,1,1,0
SYN00019,200,-18,772,1,9,9,1,1,0
SYN00019,201,-18,772,1,9,9,1,1,0
SYN00019,202,-20,756,0,9,9,1,1,0
SYN00019,203,-20,732,1,9,9,1,1,0
SYN00019,204,-20,732,1,9,9,1,1,0
SYN00019,205,-20,720,0,10,9,1,1,0
SYN00019,206,-20,720,1,10,9,1,1,0
SYN00019,207,-20,720,1,10,9,1,1,0
SYN00019,208,-20,707,1,10,9,1,1,0
SYN00019,209,-20,707,1,10,9,1,1,0
SYN00019,210,-22,693,0,10,9,1,1,0
SYN00019,211,-22,682,1,10,9,1,1,0
SYN00019,212,-22,682,1,10,9,1,1,0
SYN00019,213,-22,674,0,10,9,1,1,0
SYN00019,214,-22,674,0,10,9,1,1,0
SYN00019,215,-22,669,1,10,10,1,1,0
SYN00019,216,-24,659,0,10,10,1,1,0
SYN00019,217,-24,639,1,10,10,1,1,0
SYN00019,218,-24,639,1,10,10,1,1,0
SYN00019,219,-24,620,0,10,10,1,1,0
SYN00019,220,-24,620,0,10,10,1,1,0
SYN00019,221,-24,615,1,10,11,1,1,0
SYN00019,222,-26,602,0,10,11,1,1,0
SYN00019,223,-24,588,1,10,11,1,1,0
SYN00019,224,-24,582,0,10,11,1,1,0
SYN00019,225,-24,582,0,10,11,1,1,0
SYN00019,226,-24,566,1,10,11,1,1,0
SYN00019,227,-24,566,1,10,11,1,1,0
SYN00019,228,-26,545,0,10,11,1,1,0
SYN00019,229,-26,532,1,10,11,1,1,0
SYN00019,230,-26,532,1,10,11,1,1,0
SYN00019,231,-29,517,0,10,11,1,1,0
SYN00019,232,-26,510,1,10,11,1,1,0
SYN00019,233,-28,490,0,10,11,1,1,0
SYN00019,234,-28,471,1,10,11,1,1,0
SYN00019,235,-28,471,1,10,11,1,1,0
SYN00019,236,-30,463,0,10,11,1,1,0
SYN00019,237,-28,449,1,10,11,1,1,0
SYN00019,238,-30,440,0,10,11,1,1,0
SYN00019,239,-28,426,1,10,11,1,1,0
SYN00019,240,-28,405,0,10,11,1,1,0
SYN00019,241,-28,405,0,10,11,1,1,0
SYN00019,242,-26,393,1,10,11,1,1,0
SYN00019,243,-26,375,0,10,11,1,1,0
SYN00019,244,-26,375,0,10,11,1,1,0
SYN00019,245,-26,366,1,10,11,1,1,0
SYN00019,246,-26,366,1,10,11,1,1,0
SYN00019,247,-26,353,0,10,11,1,1,0
SYN00019,248,-26,340,1,10,11,1,1,0
SYN00019,249,-26,340,1,10,11,1,1,0
SYN00019,250,-26,322,0,10,11,1,1,0
SYN00019,251,-26,322,0,10,11,1,1,0
SYN00019,252,-26,313,1,10,11,1,1,0
SYN00019,253,-26,313,1,10,11,1,1,0
SYN00019,254,-29,295,0,10,11,1,1,0
SYN00019,255,-29,272,1,10,12,1,1,0
SYN00019,256,-32,255,0,10,12,1,1,0
SYN00019,257,-32,239,1,10,12,1,1,0
SYN00019,258,-32,239,1,10,12,1,1,0
SYN00019,259,-32,232,0,10,12,1,1,0
SYN00019,260,-32,232,0,10,12,1,1,0
SYN00019,261,-32,226,1,10,12,1,1,0
SYN00019,262,-32,226,1,10,12,1,1,0
SYN00019,263,-34,210,0,10,12,1,1,0
SYN00019,264,-34,192,1,10,12,1,1,0
SYN00019,265,-34,173,0,11,12,1,1,0
SYN00019,266,-32,154,1,11,12,1,1,0
SYN00019,267,-32,139,0,11,12,1,1,0
SYN00019,268,-32,139,0,11,12,1,1,0
SYN00019,269,-32,121,1,11,12,1,1,0
SYN00019,270,-32,104,0,11,12,1,1,0
SYN00019,271,-32,104,0,11,12,1,1,0
SYN00019,272,-32,99,1,11,12,1,1,0
SYN00019,273,-32,99,1,11,12,1,1,0
SYN00019,274,-32,94,0,11,12,1,1,0
SYN00019,275,-32,71,1,11,12,1,1,0
SYN00019,276,-32,71,1,11,12,1,1,0
SYN00019,277,-32,61,0,11,12,1,1,0
SYN00019,278,-32,61,0,11,12,1,1,0
SYN00019,279,-32,40,1,11,12,1,1,0
SYN00019,280,-32,40,1,11,12,1,1,0
SYN00019,281,-32,22,0,11,12,1,1,0
SYN00019,282,-32,0,1,11,12,1,1,0
SYN00019,283,-32,0,1,11,12,1,1,0
SYN00019,284,-32,0,0,11,12,1,1,0
SYN00020,1,0,2880,0,0,0,0,0,1
SYN00020,2,0,2861,0,0,0,0,0,1
SYN00020,3,0,2861,0,0,0,0,0,1
SYN00020,4,2,2841,1,0,0,0,0,1
SYN00020,5,0,2819,0,0,0,0,0,1
SYN00020,6,0,2805,1,0,0,0,0,1
SYN00020,7,0,2805,1,0,0,0,0,1
SYN00020,8,0,2784,0,1,0,0,0,1
SYN00020,9,2,2763,1,1,0,0,0,1
SYN00020,10,0,2741,0,1,0,0,0,1
SYN00020,11,2,2731,1,1,0,0,0,1
SYN00020,12,0,2713,0,1,0,0,0,1
SYN00020,13,2,2707,1,1,0,0,0,1
SYN00020,14,2,2699,0,2,0,0,0,1
SYN00020,15,2,2681,1,2,0,0,0,1
SYN00020,16,2,2681,1,2,0,0,0,1
SYN00020,17,2,2673,0,3,0,0,0,1
SYN00020,18,5,2668,1,3,0,0,0,1
SYN00020,19,5,2653,0,3,0,0,0,1
SYN00020,20,5,2653,0,3,0,0,0,1
SYN00020,21,7,2636,1,3,0,0,0,1
SYN00020,22,7,2616,0,3,0,0,0,1
SYN00020,23,7,2616,0,3,0,0,0,1
SYN00020,24,7,2610,1,3,1,0,0,1
SYN00020,25,7,2586,0,3,1,0,0,1
SYN00020,26,7,2586,0,3,1,0,0,1
SYN00020,27,7,2569,1,3,2,0,0,1
SYN00020,28,7,2546,0,3,2,0,0,1
SYN00020,29,7,2526,1,3,2,0,0,1
SYN00020,30,7,2526,1,3,2,0,0,1
SYN00020,31,7,2513,0,3,2,0,0,1
SYN00020,32,7,2513,0,3,2,0,0,1
SYN00020,33,7,2501,1,3,3,0,0,1
SYN00020,34,7,2492,0,3,3,0,0,1
SYN00020,35,7,2492,0,3,3,0,0,1
SYN00020,36,7,2480,1,3,3,0,0,1
SYN00020,37,7,2480,1,3,3,0,0,1
SYN00020,38,7,2469,0,3,3,0,0,1
SYN00020,39,9,2456,1,3,3,0,0,1
SYN00020,40,7,2449,0,3,3,0,0,1
SYN00020,41,9,2426,1,3,3,0,0,1
SYN00020,42,9,2421,0,3,3,0,0,1
SYN00020,43,9,2421,0,3,3,0,0,1
SYN00020,44,9,2410,1,3,3,0,0,1
SYN00020,45,9,2410,1,3,3,0,0,1
SYN00020,46,9,2405,0,3,3,0,0,1
SYN00020,47,9,2405,0,3,3,0,0,1
SYN00020,48,9,2386,1,3,4,0,0,1
SYN00020,49,9,2366,0,3,4,0,0,1
SYN00020,50,9,2366,0,3,4,0,0,1
SYN00020,51,12,2352,1,3,4,0,0,1
SYN00020,52,10,2338,0,3,4,0,0,1
SYN00020,53,10,2327,1,3,4,0,0,1
SYN00020,54,7,2319,0,3,4,0,0,1
SYN00020,55,9,2297,1,3,4,0,0,1
SYN00020,56,9,2281,0,3,4,0,0,1
SYN00020,57,9,2281,0,3,4,0,0,1
SYN00020,58,11,2275,1,3,4,0,0,1
SYN00020,59,11,2269,0,3,4,0,0,1
SYN00020,60,11,2269,0,3,4,0,0,1
SYN00020,61,11,2252,1,3,4,0,0,1
SYN00020,62,11,2252,1,3,4,0,0,1
SYN00020,63,9,2244,0,3,4,0,0,1
SYN00020,64,9,2239,1,3,4,0,0,1
SYN00020,65,9,2239,1,3,4,0,0,1
SYN00020,66,9,2230,0,3,4,0,0,1
SYN00020,67,9,2230,0,3,4,0,0,1
SYN00020,68,9,2225,1,3,5,0,1,1
SYN00020,69,9,2217,0,4,5,0,1,1
SYN00020,70,9,2200,1,4,6,0,1,1
SYN00020,71,9,2186,0,4,6,0,1,1
SYN00020,72,9,2186,0,4,6,0,1,1
SYN00020,73,9,2167,1,4,6,0,1,1
SYN00020,74,9,2167,1,4,6,0,1,1
SYN00020,75,7,2160,0,4,6,0,1,1
SYN00020,76,7,2160,1,4,6,0,1,1
SYN00020,77,7,2160,1,4,6,0,1,1
SYN00020,78,9,2139,1,4,6,0,1,1
SYN00020,79,9,2131,0,4,6,0,1,1
SYN00020,80,9,2131,0,4,6,0,1,1
SYN00020,81,9,2107,1,4,6,0,1,1
SYN00020,82,9,2098,0,4,6,0,1,1
SYN00020,83,9,2086,1,4,6,0,1,1
SYN00020,84,9,2086,1,4,6,0,1,1
SYN00020,85,9,2062,0,4,6,0,1,1
SYN00020,86,9,2062,0,4,6,0,1,1
SYN00020,87,9,2040,1,4,6,0,1,1
SYN00020,88,9,2040,1,4,6,0,1,1
SYN00020,89,9,2021,0,4,6,0,1,1
SYN00020,90,9,2021,0,4,6,0,1,1
SYN00020,91,9,2014,1,4,6,0,1,1
SYN00020,92,9,1992,0,5,6,1,1,1
SYN00020,93,9,1976,1,5,6,1,1,1
SYN00020,94,9,1976,1,5,6,1,1,1
SYN00020,95,7,1963,0,5,6,1,1,1
SYN00020,96,9,1951,1,5,6,1,1,1
SYN00020,97,7,1935,0,5,6,1,1,1
SYN00020,98,7,1930,1,5,6,1,1,1
SYN00020,99,7,1930,1,5,6,1,1,1
SYN00020,100,7,1915,0,5,6,1,1,1
SYN00020,101,7,1915,0,5,6,1,1,1
SYN00020,102,7,1900,1,5,6,1,1,1
SYN00020,103,7,1900,1,5,6,1,1,1
SYN00020,104,5,1894,0,5,6,1,1,1
SYN00020,105,5,1886,1,5,6,1,1,1
SYN00020,106,5,1886,1,5,6,1,1,1
SYN00020,107,5,1879,0,6,6,1,1,1
SYN00020,108,5,1871,1,6,7,1,1,1
SYN00020,109,5,1861,0,6,7,1,1,1
SYN00020,110,8,1847,1,6,7,1,1,1
SYN00020,111,6,1835,0,6,7,1,1,1
SYN00020,112,6,1812,1,6,7,1,1,1
SYN00020,113,6,1812,1,6,7,1,1,1
SYN00020,114,6,1796,0,6,7,1,1,1
SYN00020,115,6,1796,0,6,7,1,1,1
SYN00020,116,8,1776,1,6,7,1,1,1
SYN00020,117,8,1762,0,7,7,1,1,1
SYN00020,118,11,1750,1,7,7,1,1,1
SYN00020,119,9,1738,0,7,7,1,1,1
SYN00020,120,9,1717,1,7,7,1,1,1
SYN00020,121,9,1717,1,7,7,1,1,1
SYN00020,122,9,1711,0,7,7,1,1,1
SYN00020,123,9,1689,1,7,7,1,1,1
SYN00020,124,9,1689,1,7,7,1,1,1
SYN00020,125,7,1667,0,7,7,1,1,1
SYN00020,126,7,1656,1,7,7,1,1,1
SYN00020,127,7,1656,1,7,7,1,1,1
SYN00020,128,7,1643,0,8,7,1,1,1
SYN00020,129,7,1621,1,8,7,1,1,1
SYN00020,130,7,1621,1,8,7,1,1,1
SYN00020,131,7,1602,0,9,7,1,1,1
SYN00020,132,9,1583,1,9,7,1,1,1
SYN00020,133,7,1562,0,9,7,1,1,1
SYN00020,134,7,1546,1,9,7,1,1,1
SYN00020,135,7,1546,1,9,7,1,1,1
SYN00020,136,5,1528,0,9,7,1,1,1
SYN00020,137,7,1517,1,9,7,1,1,1
SYN00020,138,5,1502,0,9,7,1,1,1
SYN00020,139,5,1491,1,9,7,1,1,1
SYN00020,140,3,1474,0,9,7,1,1,1
SYN00020,141,3,1457,1,9,7,1,1,1
SYN00020,142,3,1457,1,9,7,1,1,1
SYN00020,143,3,1440,0,10,7,1,1,1
SYN00020,144,3,1440,1,10,7,1,1,1
SYN00020,145,3,1440,1,10,7,1,1,1
SYN00020,146,3,1416,1,10,7,1,1,1
SYN00020,147,3,1416,1,10,7,1,1,1
SYN00020,148,1,1393,0,10,7,1,1,1
SYN00020,149,3,1384,1,10,7,1,1,1
SYN00020,150,1,1373,0,10,7,1,1,1
SYN00020,151,1,1362,1,10,7,1,1,1
SYN00020,152,1,1362,1,10,7,1,1,1
SYN00020,153,-1,1343,0,10,7,1,1,1
SYN00020,154,-1,1335,1,10,7,1,1,1
SYN00020,155,-1,1327,0,10,7,1,1,1
SYN00020,156,-1,1327,0,10,7,1,1,1
SYN00020,157,-1,1321,1,10,7,1,1,1
SYN00020,158,-1,1321,1,10,7,1,1,1
SYN00020,159,-1,1312,0,10,7,1,1,1
SYN00020,160,-1,1312,0,10,7,1,1,1
SYN00020,161,-1,1302,1,10,8,1,1,1
SYN00020,162,-3,1288,0,10,8,1,1,1
SYN00020,163,-3,1267,1,10,8,1,1,1
SYN00020,164,-3,1267,1,10,8,1,1,1
SYN00020,165,-5,1247,0,10,8,1,1,1
SYN00020,166,-5,1238,1,10,8,1,1,1
SYN00020,167,-5,1238,1,10,8,1,1,1
SYN00020,168,-5,1226,0,10,8,1,1,1
SYN00020,169,-5,1226,0,10,8,1,1,1
SYN00020,170,-5,1216,1,10,8,1,1,1
SYN00020,171,-5,1203,0,10,8,1,1,1
SYN00020,172,-5,1203,0,10,8,1,1,1
SYN00020,173,-2,1186,1,10,8,1,1,1
SYN00020,174,-4,1176,0,10,8,1,1,1
SYN00020,175,-4,1161,1,10,8,1,1,1
SYN00020,176,-4,1161,1,10,8,1,1,1
SYN00020,177,-6,1156,0,10,8,1,1,1
SYN00020,178,-3,1146,1,10,8,1,1,1
SYN00020,179,-3,1130,0,10,8,1,1,1
SYN00020,180,-3,1130,0,10,8,1,1,1
SYN00020,181,-1,1120,1,10,8,1,1,1
SYN00020,182,-1,1113,0,11,8,1,1,1
SYN00020,183,2,1090,1,11,8,1,1,1
SYN00020,184,0,1083,0,11,8,1,1,1
SYN00020,185,0,1078,1,11,8,1,1,1
SYN00020,186,0,1078,1,11,8,1,1,1
SYN00020,187,0,1071,0,11,8,1,1,1
SYN00020,188,0,1071,0,11,8,1,1,1
SYN00020,189,2,1065,1,11,8,1,1,1
SYN00020,190,2,1060,0,11,8,1,1,1
SYN00020,191,2,1060,0,11,8,1,1,1
SYN00020,192,2,1039,1,11,9,1,1,1
SYN00020,193,-1,1022,0,11,9,1,1,1
SYN00020,194,1,1017,1,11,9,1,1,1
SYN00020,195,-1,1005,0,11,9,1,1,1
SYN00020,196,-1,993,1,11,9,1,1,1
SYN00020,197,-1,993,1,11,9,1,1,1
SYN00020,198,-1,971,0,11,9,1,1,1
SYN00020,199,-1,971,0,11,9,1,1,1
SYN00020,200,-1,953,1,11,9,1,1,1
SYN00020,201,-1,953,1,11,9,1,1,1
SYN00020,202,-4,935,0,11,9,1,1,1
SYN00020,203,-4,921,1,11,9,1,1,1
SYN00020,204,-4,921,1,11,9,1,1,1
SYN00020,205,-4,909,0,11,9,1,1,1
SYN00020,206,-1,887,1,11,9,1,1,1
SYN00020,207,-1,871,0,11,9,1,1,1
SYN00020,208,-1,871,0,11,9,1,1,1
SYN00020,209,1,854,1,11,9,1,1,1
SYN00020,210,1,848,0,11,9,1,1,1
SYN00020,211,1,848,0,11,9,1,1,1
SYN00020,212,3,843,1,11,9,1,1,1
SYN00020,213,1,831,0,11,9,1,1,1
SYN00020,214,3,823,1,11,9,1,1,1
SYN00020,215,3,801,0,11,9,1,1,1
SYN00020,216,3,801,0,11,9,1,1,1
SYN00020,217,5,780,1,11,9,1,1,1
SYN00020,218,5,763,0,11,9,1,1,1
SYN00020,219,5,763,0,11,9,1,1,1
SYN00020,220,5,739,1,11,9,1,1,1
SYN00020,221,5,739,1,11,9,1,1,1
SYN00020,222,3,722,0,11,9,1,1,1
SYN00020,223,5,720,1,11,9,1,1,1
SYN00020,224,5,720,0,11,9,1,1,1
SYN00020,225,5,720,0,11,9,1,1,1
SYN00020,226,3,711,0,11,9,1,1,1
SYN00020,227,5,702,1,11,9,1,1,1
SYN00020,228,5,696,0,11,9,1,1,1
SYN00020,229,5,696,0,11,9,1,1,1
SYN00020,230,8,676,1,11,9,1,1,1
SYN00020,231,8,653,0,11,9,1,1,1
SYN00020,232,8,653,0,11,9,1,1,1
SYN00020,233,8,630,1,11,9,1,1,1
SYN00020,234,8,630,1,11,9,1,1,1
SYN00020,235,8,618,0,11,9,1,1,1
SYN00020,236,8,618,0,11,9,1,1,1
SYN00020,237,8,603,1,11,9,1,1,1
SYN00020,238,8,603,1,11,9,1,1,1
SYN00020,239,5,593,0,11,9,1,1,1
SYN00020,240,7,578,1,11,9,1,1,1
SYN00020,241,5,568,0,11,9,1,1,1
SYN00020,242,7,550,1,11,9,1,1,1
SYN00020,243,7,534,0,11,9,1,1,1
SYN00020,244,7,534,0,11,9,1,1,1
SYN00020,245,9,513,1,11,9,1,1,1
SYN00020,246,7,499,0,11,9,1,1,1
SYN00020,247,9,478,1,11,9,1,1,1
SYN00020,248,9,460,0,11,9,1,1,1
SYN00020,249,9,460,0,11,9,1,1,1
SYN00020,250,11,437,1,11,9,1,1,1
SYN00020,251,11,420,0,11,9,1,1,1
SYN00020,252,11,420,0,11,9,1,1,1
SYN00020,253,11,396,1,11,9,1,1,1
SYN00020,254,8,373,0,11,9,1,1,1
SYN00020,255,10,357,1,11,9,1,1,1
SYN00020,256,8,352,0,11,9,1,1,1
SYN00020,257,10,336,1,11,9,1,1,1
SYN00020,258,10,325,0,11,9,1,1,1
SYN00020,259,10,325,0,11,9,1,1,1
SYN00020,260,13,317,1,11,9,1,1,1
SYN00020,261,11,308,0,11,9,1,1,1
SYN00020,262,13,301,1,11,9,1,1,1
SYN00020,263,10,277,0,11,9,1,1,1
SYN00020,264,12,262,1,11,9,1,1,1
SYN00020,265,12,252,0,11,9,1,1,1
SYN00020,266,12,252,0,11,9,1,1,1
SYN00020,267,14,228,1,11,9,1,1,1
SYN00020,268,14,207,0,11,9,1,1,1
SYN00020,269,14,207,0,11,9,1,1,1
SYN00020,270,14,192,1,11,9,1,1,1
SYN00020,271,14,192,1,11,9,1,1,1
SYN00020,272,14,182,0,11,9,1,1,1
SYN00020,273,14,182,0,11,9,1,1,1
SYN00020,274,14,167,1,11,9,1,1,1
SYN00020,275,14,167,1,11,9,1,1,1
SYN00020,276,14,143,0,11,9,1,1,1
SYN00020,277,14,143,0,11,9,1,1,1
SYN00020,278,14,128,1,11,9,1,1,1
SYN00020,279,14,128,1,11,9,1,1,1
SYN00020,280,14,115,0,11,9,1,1,1
SYN00020,281,14,115,0,11,9,1,1,1
SYN00020,282,17,105,1,11,9,1,1,1
SYN00020,283,17,98,0,11,9,1,1,1
SYN00020,284,17,98,0,11,9,1,1,1
SYN00020,285,19,80,1,11,9,1,1,1
SYN00020,286,17,66,0,11,9,1,1,1
SYN00020,287,19,46,1,11,9,1,1,1
SYN00020,288,19,37,0,11,9,1,1,1
SYN00020,289,19,37,0,11,9,1,1,1
SYN00020,290,19,20,1,11,9,1,1,1
SYN00020,291,19,20,1,11,9,1,1,1
SYN00020,292,19,2,0,11,9,1,1,1
SYN00020,293,19,2,0,11,9,1,1,1
SYN00020,294,21,0,1,11,9,1,1,1
SYN00020,295,21,0,0,11,9,1,1,1
SYN00021,1,0,2880,1,0,0,0,0,1
SYN00021,2,0,2865,1,0,0,0,0,1
SYN00021,3,0,2865,1,0,0,0,0,1
SYN00021,4,0,2858,0,0,0,0,0,1
SYN00021,5,0,2858,0,0,0,0,0,1
SYN00021,6,0,2844,1,0,0,0,0,1
SYN00021,7,0,2844,1,0,0,0,0,1
SYN00021,8,0,2823,0,0,0,0,0,1
SYN00021,9,0,2823,0,0,0,0,0,1
SYN00021,10,0,2800,1,0,1,0,0,1
SYN00021,11,0,2781,0,0,1,0,0,1
SYN00021,12,0,2781,0,0,1,0,0,1
SYN00021,13,3,2761,1,0,1,0,0,1
SYN00021,14,0,2739,0,0,1,0,0,1
SYN00021,15,2,2717,1,0,1,0,0,1
SYN00021,16,0,2712,0,0,1,0,0,1
SYN00021,17,2,2688,1,0,1,0,0,1
SYN00021,18,0,2682,0,0,1,0,0,1
SYN00021,19,0,2666,1,0,1,0,0,1
SYN00021,20,0,2666,1,0,1,0,0,1
SYN00021,21,-2,2644,0,0,1,0,0,1
SYN00021,22,0,2634,1,0,1,0,0,1
SYN00021,23,-2,2626,0,0,1,0,0,1
SYN00021,24,0,2611,1,0,1,0,0,1
SYN00021,25,0,2598,0,0,1,0,0,1
SYN00021,26,0,2598,0,0,1,0,0,1
SYN00021,27,2,2576,1,0,1,0,0,1
SYN00021,28,2,2565,0,0,1,0,0,1
SYN00021,29,2,2565,0,0,1,0,0,1
SYN00021,30,4,2559,1,0,1,0,0,1
SYN00021,31,2,2543,0,0,1,0,0,1
SYN00021,32,2,2533,1,0,1,0,0,1
SYN00021,33,2,2533,1,0,1,0,0,1
SYN00021,34,-1,2510,0,0,1,0,0,1
SYN00021,35,-1,2493,1,0,1,0,0,1
SYN00021,36,-1,2493,1,0,1,0,0,1
SYN00021,37,-3,2471,0,0,1,0,0,1
SYN00021,38,-3,2448,1,0,1,0,0,1
SYN00021,39,-3,2448,1,0,1,0,0,1
SYN00021,40,-3,2437,0,0,1,0,0,1
SYN00021,41,-3,2437,0,0,1,0,0,1
SYN00021,42,-1,2432,1,0,1,0,0,1
SYN00021,43,-1,2412,0,0,1,0,0,1
SYN00021,44,-1,2412,0,0,1,0,0,1
SYN00021,45,-1,2398,1,0,1,0,0,1
SYN00021,46,-1,2398,1,0,1,0,0,1
SYN00021,47,-1,2389,0,0,1,0,0,1
SYN00021,48,-1,2384,1,0,1,0,0,1
SYN00021,49,-1,2373,0,0,1,0,0,1
SYN00021,50,-1,2373,0,0,1,0,0,1
SYN00021,51,-1,2354,1,0,1,0,0,1
SYN00021,52,-1,2354,1,0,1,0,0,1
SYN00021,53,-1,2340,0,0,1,0,0,1
SYN00021,54,-1,2332,1,0,1,0,0,1
SYN00021,55,-1,2332,1,0,1,0,0,1
SYN00021,56,-1,2315,0,0,1,0,0,1
SYN00021,57,-1,2315,0,0,1,0,0,1
SYN00021,58,-1,2308,1,0,1,0,0,1
SYN00021,59,-1,2308,1,0,1,0,0,1
SYN00021,60,-3,2293,0,0,1,0,0,1
SYN00021,61,-1,2271,1,0,1,0,0,1
SYN00021,62,-1,2263,0,1,1,0,0,1
SYN00021,63,1,2240,1,1,1,0,0,1
SYN00021,64,-2,2234,0,1,1,0,0,1
SYN00021,65,-2,2222,1,1,1,0,0,1
SYN00021,66,-2,2222,1,1,1,0,0,1
SYN00021,67,-2,2205,0,2,1,0,0,1
SYN00021,68,-2,2196,1,2,1,0,0,1
SYN00021,69,-2,2196,1,2,1,0,0,1
SYN00021,70,-2,2188,0,2,1,0,0,1
SYN00021,71,-2,2188,0,2,1,0,0,1
SYN00021,72,-2,2164,1,2,1,0,0,1
SYN00021,73,-2,2164,1,2,1,0,0,1
SYN00021,74,-2,2160,0,2,1,0,0,1
SYN00021,75,-2,2160,0,2,1,0,0,1
SYN00021,76,-2,2160,1,2,1,0,0,1
SYN00021,77,-2,2160,1,2,1,0,0,1
SYN00021,78,-2,2155,1,2,1,0,0,1
SYN00021,79,-2,2142,0,3,1,0,0,1
SYN00021,80,-2,2121,1,3,1,0,0,1
SYN00021,81,-2,2121,1,3,1,0,0,1
SYN00021,82,-2,2101,0,3,1,0,0,1
SYN00021,83,-2,2101,0,3,1,0,0,1
SYN00021,84,0,2089,1,3,1,0,0,1
SYN00021,85,0,2066,0,3,1,0,0,1
SYN00021,86,0,2066,0,3,1,0,0,1
SYN00021,87,0,2061,1,3,1,0,0,1
SYN00021,88,0,2061,1,3,1,0,0,1
SYN00021,89,0,2046,0,4,1,0,0,1
SYN00021,90,3,2033,1,4,1,0,0,1
SYN00021,91,3,2018,0,5,1,1,0,1
SYN00021,92,3,2006,1,5,1,1,0,1
SYN00021,93,3,2006,1,5,1,1,0,1
SYN00021,94,3,1999,0,6,1,1,0,1
SYN00021,95,5,1988,1,6,1,1,0,1
SYN00021,96,5,1970,0,6,1,1,0,1
SYN00021,97,5,1970,0,6,1,1,0,1
SYN00021,98,5,1958,1,6,1,1,0,1
SYN00021,99,5,1958,1,6,1,1,0,1
SYN00021,100,5,1949,0,6,1,1,0,1
SYN00021,101,5,1949,0,6,1,1,0,1
SYN00021,102,5,1943,1,6,1,1,0,1
SYN00021,103,5,1937,0,6,1,1,0,1
SYN00021,104,5,1937,0,6,1,1,0,1
SYN00021,105,5,1924,1,6,1,1,0,1
SYN00021,106,5,1924,1,6,1,1,0,1
SYN00021,107,5,1915,0,6,1,1,0,1
SYN00021,108,5,1915,0,6,1,1,0,1
SYN00021,109,7,1893,1,6,1,1,0,1
SYN00021,110,5,1876,0,6,1,1,0,1
SYN00021,111,5,1868,1,6,1,1,0,1
SYN00021,112,5,1868,1,6,1,1,0,1
SYN00021,113,3,1857,0,6,1,1,0,1
SYN00021,114,3,1834,1,6,1,1,0,1
SYN00021,115,3,1834,1,6,1,1,0,1
SYN00021,116,1,1819,0,6,1,1,0,1
SYN00021,117,4,1812,1,6,1,1,0,1
SYN00021,118,4,1800,0,6,1,1,0,1
SYN00021,119,4,1800,0,6,1,1,0,1
SYN00021,120,4,1795,1,6,2,1,0,1
SYN00021,121,4,1783,0,6,2,1,0,1
SYN00021,122,4,1783,0,6,2,1,0,1
SYN00021,123,4,1771,1,6,2,1,0,1
SYN00021,124,4,1771,1,6,2,1,0,1
SYN00021,125,4,1755,0,6,2,1,0,1
SYN00021,126,4,1755,0,6,2,1,0,1
SYN00021,127,4,1743,1,6,2,1,0,1
SYN00021,128,4,1743,1,6,2,1,0,1
SYN00021,129,4,1734,0,7,2,1,0,1
SYN00021,130,6,1714,1,7,2,1,0,1
SYN00021,131,3,1704,0,7,2,1,0,1
SYN00021,132,5,1696,1,7,2,1,0,1
SYN00021,133,5,1681,0,7,2,1,0,1
SYN00021,134,5,1681,0,7,2,1,0,1
SYN00021,135,5,1674,1,7,3,1,0,1
SYN00021,136,3,1653,0,7,3,1,0,1
SYN00021,137,5,1634,1,7,3,1,0,1
SYN00021,138,3,1620,0,7,3,1,0,1
SYN00021,139,3,1611,1,7,3,1,0,1
SYN00021,140,3,1611,1,7,3,1,0,1
SYN00021,141,1,1593,0,7,3,1,0,1
SYN00021,142,3,1579,1,7,3,1,0,1
SYN00021,143,3,1561,0,7,3,1,0,1
SYN00021,144,5,1552,1,7,3,1,0,1
SYN00021,145,5,1539,0,7,3,1,0,1
SYN00021,146,5,1539,0,7,3,1,0,1
SYN00021,147,8,1520,1,7,3,1,0,1
SYN00021,148,8,1500,0,7,3,1,0,1
SYN00021,149,8,1500,0,7,3,1,0,1
SYN00021,150,8,1485,1,7,4,1,0,1
SYN00021,151,8,1480,0,7,4,1,0,1
SYN00021,152,8,1480,0,7,4,1,0,1
SYN00021,153,8,1466,1,7,4,1,0,1
SYN00021,154,8,1466,1,7,4,1,0,1
SYN00021,155,8,1443,0,7,4,1,0,1
SYN00021,156,8,1443,0,7,4,1,0,1
SYN00021,157,8,1440,1,7,5,1,1,1
SYN00021,158,8,1440,0,7,5,1,1,1
SYN00021,159,8,1440,0,7,5,1,1,1
SYN00021,160,8,1419,0,8,5,1,1,1
SYN00021,161,8,1398,1,8,5,1,1,1
SYN00021,162,8,1398,1,8,5,1,1,1
SYN00021,163,8,1389,0,8,5,1,1,1
SYN00021,164,8,1389,0,8,5,1,1,1
SYN00021,165,11,1368,1,8,5,1,1,1
SYN00021,166,11,1352,0,9,5,1,1,1
SYN00021,167,11,1338,1,9,5,1,1,1
SYN00021,168,11,1338,1,9,5,1,1,1
SYN00021,169,11,1324,0,9,5,1,1,1
SYN00021,170,11,1324,0,9,5,1,1,1
SYN00021,171,13,1301,1,9,5,1,1,1
SYN00021,172,13,1284,0,9,5,1,1,1
SYN00021,173,16,1262,1,9,5,1,1,1
SYN00021,174,16,1252,0,10,5,1,1,1
SYN00021,175,16,1229,1,10,6,1,1,1
SYN00021,176,16,1220,0,10,6,1,1,1
SYN00021,177,16,1220,0,10,6,1,1,1
SYN00021,178,16,1209,1,10,6,1,1,1
SYN00021,179,16,1209,1,10,6,1,1,1
SYN00021,180,16,1197,0,10,6,1,1,1
SYN00021,181,16,1197,0,10,6,1,1,1
SYN00021,182,16,1182,1,10,7,1,1,1
SYN00021,183,13,1164,0,10,7,1,1,1
SYN00021,184,15,1150,1,10,7,1,1,1
SYN00021,185,15,1131,0,10,7,1,1,1
SYN00021,186,17,1109,1,10,7,1,1,1
SYN00021,187,15,1096,0,10,7,1,1,1
SYN00021,188,17,1078,1,10,7,1,1,1
SYN00021,189,17,1056,0,10,7,1,1,1
SYN00021,190,17,1034,1,10,7,1,1,1
SYN00021,191,17,1034,1,10,7,1,1,1
SYN00021,192,17,1017,0,10,7,1,1,1
SYN00021,193,17,1017,0,10,7,1,1,1
SYN00021,194,19,1003,1,10,7,1,1,1
SYN00021,195,17,997,0,10,7,1,1,1
SYN00021,196,17,980,1,10,7,1,1,1
SYN00021,197,17,980,1,10,7,1,1,1
SYN00021,198,14,968,0,10,7,1,1,1
SYN00021,199,16,958,1,10,7,1,1,1
SYN00021,200,16,951,0,10,7,1,1,1
SYN00021,201,16,951,0,10,7,1,1,1
SYN00021,202,18,931,1,10,7,1,1,1
SYN00021,203,18,923,0,10,7,1,1,1
SYN00021,204,18,923,0,10,7,1,1,1
SYN00021,205,18,906,1,10,7,1,1,1
SYN00021,206,18,906,1,10,7,1,1,1
SYN00021,207,16,888,0,10,7,1,1,1
SYN00021,208,16,870,1,10,7,1,1,1
SYN00021,209,16,850,0,10,7,1,1,1
SYN00021,210,16,850,0,10,7,1,1,1
SYN00021,211,16,831,1,10,7,1,1,1
SYN00021,212,16,831,1,10,7,1,1,1
SYN00021,213,16,825,0,10,7,1,1,1
SYN00021,214,16,825,0,10,7,1,1,1
SYN00021,215,19,804,1,10,7,1,1,1
SYN00021,216,19,799,0,10,7,1,1,1
SYN00021,217,19,799,0,10,7,1,1,1
SYN00021,218,21,776,1,10,7,1,1,1
SYN00021,219,21,766,0,10,7,1,1,1
SYN00021,220,24,757,1,10,7,1,1,1
SYN00021,221,24,748,0,10,7,1,1,1
SYN00021,222,24,748,0,10,7,1,1,1
SYN00021,223,24,739,1,10,7,1,1,1
SYN00021,224,24,734,0,10,7,1,1,1
SYN00021,225,24,734,0,10,7,1,1,1
SYN00021,226,24,720,1,10,7,1,1,1
SYN00021,227,24,720,0,10,7,1,1,1
SYN00021,228,24,720,0,10,7,1,1,1
SYN00021,229,24,704,0,10,7,1,1,1
SYN00021,230,24,704,0,10,7,1,1,1
SYN00021,231,24,695,1,10,7,1,1,1
SYN00021,232,24,695,1,10,7,1,1,1
SYN00021,233,24,675,0,11,7,1,1,1
SYN00021,234,26,658,1,11,7,1,1,1
SYN00021,235,26,635,0,11,7,1,1,1
SYN00021,236,26,635,0,11,7,1,1,1
SYN00021,237,28,627,1,11,7,1,1,1
SYN00021,238,26,613,0,11,7,1,1,1
SYN00021,239,26,606,1,11,7,1,1,1
SYN00021,240,26,606,1,11,7,1,1,1
SYN00021,241,26,598,0,11,7,1,1,1
SYN00021,242,29,590,1,11,7,1,1,1
SYN00021,243,29,580,0,11,7,1,1,1
SYN00021,244,29,580,0,11,7,1,1,1
SYN00021,245,29,557,1,11,7,1,1,1
SYN00021,246,29,557,1,11,7,1,1,1
SYN00021,247,29,542,0,11,7,1,1,1
SYN00021,248,29,542,0,11,7,1,1,1
SYN00021,249,29,525,1,11,8,1,1,1
SYN00021,250,27,506,0,11,8,1,1,1
SYN00021,251,30,491,1,11,8,1,1,1
SYN00021,252,27,484,0,11,8,1,1,1
SYN00021,253,27,471,1,11,8,1,1,1
SYN00021,254,27,471,1,11,8,1,1,1
SYN00021,255,24,461,0,11,8,1,1,1
SYN00021,256,26,456,1,11,8,1,1,1
SYN00021,257,26,442,0,11,8,1,1,1
SYN00021,258,26,442,0,11,8,1,1,1
SYN00021,259,26,431,1,11,8,1,1,1
SYN00021,260,26,431,1,11,8,1,1,1
SYN00021,261,26,422,0,11,8,1,1,1
SYN00021,262,26,422,0,11,8,1,1,1
SYN00021,263,26,408,1,11,8,1,1,1
SYN00021,264,23,403,0,11,8,1,1,1
SYN00021,265,23,398,1,11,8,1,1,1
SYN00021,266,23,398,1,11,8,1,1,1
SYN00021,267,23,378,0,11,8,1,1,1
SYN00021,268,23,366,1,11,8,1,1,1
SYN00021,269,23,366,1,11,8,1,1,1
SYN00021,270,23,350,0,11,8,1,1,1
SYN00021,271,23,350,0,11,8,1,1,1
SYN00021,272,25,343,1,11,8,1,1,1
SYN00021,273,25,328,0,11,8,1,1,1
SYN00021,274,25,328,0,11,8,1,1,1
SYN00021,275,27,309,1,11,8,1,1,1
SYN00021,276,27,290,0,11,8,1,1,1
SYN00021,277,27,290,0,11,8,1,1,1
SYN00021,278,27,278,1,11,8,1,1,1
SYN00021,279,24,254,0,11,8,1,1,1
SYN00021,280,24,243,1,11,9,1,1,1
SYN00021,281,24,237,0,11,9,1,1,1
SYN00021,282,24,237,0,11,9,1,1,1
SYN00021,283,24,213,1,11,9,1,1,1
SYN00021,284,24,202,0,11,9,1,1,1
SYN00021,285,24,190,1,11,10,1,1,1
SYN00021,286,24,175,0,11,10,1,1,1
SYN00021,287,26,157,1,11,10,1,1,1
SYN00021,288,26,150,0,11,10,1,1,1
SYN00021,289,26,150,0,11,10,1,1,1
SYN00021,290,26,133,1,11,10,1,1,1
SYN00021,291,26,109,0,11,10,1,1,1
SYN00021,292,26,109,0,11,10,1,1,1
SYN00021,293,28,89,1,11,10,1,1,1
SYN00021,294,28,67,0,11,10,1,1,1
SYN00021,295,30,57,1,11,10,1,1,1
SYN00021,296,30,36,0,12,10,1,1,1
SYN00021,297,30,26,1,12,10,1,1,1
SYN00021,298,30,26,1,12,10,1,1,1
SYN00021,299,30,2,0,12,10,1,1,1
SYN00021,300,30,2,0,12,10,1,1,1
SYN00021,301,30,0,1,12,11,1,1,1
SYN00021,302,30,0,0,12,11,1,1,1
SYN00022,1,0,2880,0,0,0,0,0,0
SYN00022,2,0,2875,0,0,0,0,0,0
SYN00022,3,0,2875,0,0,0,0,0,0
SYN00022,4,0,2869,1,0,0,0,0,0
SYN00022,5,0,2869,1,0,0,0,0,0
SYN00022,6,0,2853,0,1,0,0,0,0
SYN00022,7,0,2834,1,1,0,0,0,0
SYN00022,8,0,2834,1,1,0,0,0,0
SYN00022,9,0,2818,0,1,0,0,0,0
SYN00022,10,0,2818,0,1,0,0,0,0
SYN00022,11,0,2810,1,1,0,0,0,0
SYN00022,12,0,2810,1,1,0,0,0,0
SYN00022,13,-3,2792,0,1,0,0,0,0
SYN00022,14,-3,2769,1,1,0,0,0,0
SYN00022,15,-3,2769,1,1,0,0,0,0
SYN00022,16,-5,2748,0,1,0,0,0,0
SYN00022,17,-5,2733,1,1,0,0,0,0
SYN00022,18,-5,2733,1,1,0,0,0,0
SYN00022,19,-7,2713,0,1,0,0,0,0
SYN00022,20,-7,2690,1,1,0,0,0,0
SYN00022,21,-7,2679,0,1,0,0,0,0
SYN00022,22,-7,2679,0,1,0,0,0,0
SYN00022,23,-5,2670,1,1,0,0,0,0
SYN00022,24,-5,2654,0,1,0,0,0,0
SYN00022,25,-5,2654,0,1,0,0,0,0
SYN00022,26,-5,2630,1,1,0,0,0,0
SYN00022,27,-5,2630,1,1,0,0,0,0
SYN00022,28,-5,2610,0,1,0,0,0,0
SYN00022,29,-5,2610,0,1,0,0,0,0
SYN00022,30,-2,2602,1,1,0,0,0,0
SYN00022,31,-4,2582,0,1,0,0,0,0
SYN00022,32,-4,2559,1,1,0,0,0,0
SYN00022,33,-4,2559,1,1,0,0,0,0
SYN00022,34,-4,2551,0,1,0,0,0,0
SYN00022,35,-4,2551,0,1,0,0,0,0
SYN00022,36,-4,2538,1,1,1,0,0,0
SYN00022,37,-4,2526,0,1,1,0,0,0
SYN00022,38,-4,2526,0,1,1,0,0,0
SYN00022,39,-4,2515,1,1,1,0,0,0
SYN00022,40,-4,2493,0,1,1,0,0,0
SYN00022,41,-4,2493,0,1,1,0,0,0
SYN00022,42,-4,2470,1,1,1,0,0,0
SYN00022,43,-7,2454,0,1,1,0,0,0
SYN00022,44,-7,2436,1,1,1,0,0,0
SYN00022,45,-7,2436,1,1,1,0,0,0
SYN00022,46,-7,2412,0,1,1,0,0,0
SYN00022,47,-4,2389,1,1,1,0,0,0
SYN00022,48,-4,2380,0,1,1,0,0,0
SYN00022,49,-4,2380,0,1,1,0,0,0
SYN00022,50,-2,2370,1,1,1,0,0,0
SYN00022,51,-5,2359,0,1,1,0,0,0
SYN00022,52,-5,2342,1,1,1,0,0,0
SYN00022,53,-5,2342,1,1,1,0,0,0
SYN00022,54,-8,2336,0,1,1,0,0,0
SYN00022,55,-8,2314,1,1,2,0,0,0
SYN00022,56,-11,2290,0,1,2,0,0,0
SYN00022,57,-11,2276,1,1,3,0,0,0
SYN00022,58,-13,2262,0,1,3,0,0,0
SYN00022,59,-11,2242,1,1,3,0,0,0
SYN00022,60,-13,2236,0,1,3,0,0,0
SYN00022,61,-13,2220,1,1,3,0,0,0
SYN00022,62,-16,2211,0,1,3,0,0,0
SYN00022,63,-16,2203,1,1,3,0,0,0
SYN00022,64,-16,2203,1,1,3,0,0,0
SYN00022,65,-18,2198,0,1,3,0,0,0
SYN00022,66,-18,2175,1,1,3,0,0,0
SYN00022,67,-18,2175,1,1,3,0,0,0
SYN00022,68,-20,2167,0,1,3,0,0,0
SYN00022,69,-17,2160,1,1,3,0,0,0
SYN00022,70,-17,2160,0,1,3,0,0,0
SYN00022,71,-17,2160,0,1,3,0,0,0
SYN00022,72,-19,2150,0,1,3,0,0,0
SYN00022,73,-16,2136,1,1,3,0,0,0
SYN00022,74,-18,2120,0,1,3,0,0,0
SYN00022,75,-18,2099,1,1,3,0,0,0
SYN00022,76,-18,2099,1,1,3,0,0,0
SYN00022,77,-20,2081,0,1,3,0,0,0
SYN00022,78,-17,2075,1,1,3,0,0,0
SYN00022,79,-19,2066,0,1,3,0,0,0
SYN00022,80,-16,2052,1,1,3,0,0,0
SYN00022,81,-16,2040,0,1,3,0,0,0
SYN00022,82,-16,2040,0,1,3,0,0,0
SYN00022,83,-16,2018,1,1,3,0,0,0
SYN00022,84,-16,2018,1,1,3,0,0,0
SYN00022,85,-18,2001,0,1,3,0,0,0
SYN00022,86,-18,1985,1,1,3,0,0,0
SYN00022,87,-18,1985,1,1,3,0,0,0
SYN00022,88,-18,1973,0,1,3,0,0,0
SYN00022,89,-18,1973,0,1,3,0,0,0
SYN00022,90,-16,1965,1,1,3,0,0,0
SYN00022,91,-16,1953,0,1,3,0,0,0
SYN00022,92,-16,1953,0,1,3,0,0,0
SYN00022,93,-16,1936,1,1,3,0,0,0
SYN00022,94,-16,1936,1,1,3,0,0,0
SYN00022,95,-16,1925,0,1,3,0,0,0
SYN00022,96,-16,1925,0,1,3,0,0,0
SYN00022,97,-16,1911,1,1,3,0,0,0
SYN00022,98,-16,1911,1,1,3,0,0,0
SYN00022,99,-16,1887,0,1,3,0,0,0
SYN00022,100,-16,1887,0,1,3,0,0,0
SYN00022,101,-16,1865,1,1,4,0,0,0
SYN00022,102,-16,1854,0,1,4,0,0,0
SYN00022,103,-16,1836,1,1,4,0,0,0
SYN00022,104,-16,1836,1,1,4,0,0,0
SYN00022,105,-16,1821,0,1,4,0,0,0
SYN00022,106,-16,1810,1,1,5,0,1,0
SYN00022,107,-16,1788,0,1,5,0,1,0
SYN00022,108,-16,1772,1,1,5,0,1,0
SYN00022,109,-16,1772,1,1,5,0,1,0
SYN00022,110,-18,1757,0,1,5,0,1,0
SYN00022,111,-18,1741,1,1,6,0,1,0
SYN00022,112,-18,1725,0,1,6,0,1,0
SYN00022,113,-18,1725,0,1,6,0,1,0
SYN00022,114,-18,1717,1,1,6,0,1,0
SYN00022,115,-18,1717,1,1,6,0,1,0
SYN00022,116,-18,1702,0,1,6,0,1,0
SYN00022,117,-18,1702,0,1,6,0,1,0
SYN00022,118,-16,1696,1,1,6,0,1,0
SYN00022,119,-18,1675,0,1,6,0,1,0
SYN00022,120,-16,1664,1,1,6,0,1,0
SYN00022,121,-18,1656,0,1,6,0,1,0
SYN00022,122,-15,1646,1,1,6,0,1,0
SYN00022,123,-15,1640,0,1,6,0,1,0
SYN00022,124,-15,1640,0,1,6,0,1,0
SYN00022,125,-15,1618,1,1,6,0,1,0
SYN00022,126,-15,1618,1,1,6,0,1,0
SYN00022,127,-15,1600,0,1,6,0,1,0
SYN00022,128,-15,1600,0,1,6,0,1,0
SYN00022,129,-15,1594,1,1,6,0,1,0
SYN00022,130,-15,1594,1,1,6,0,1,0
SYN00022,131,-17,1573,0,1,6,0,1,0
SYN00022,132,-14,1564,1,1,6,0,1,0
SYN00022,133,-17,1552,0,1,6,0,1,0
SYN00022,134,-17,1545,1,1,6,0,1,0
SYN00022,135,-17,1545,1,1,6,0,1,0
SYN00022,136,-17,1534,0,1,6,0,1,0
SYN00022,137,-17,1534,0,1,6,0,1,0
SYN00022,138,-17,1516,1,1,6,0,1,0
SYN00022,139,-17,1516,1,1,6,0,1,0
SYN00022,140,-19,1511,0,1,6,0,1,0
SYN00022,141,-19,1499,1,1,6,0,1,0
SYN00022,142,-19,1499,1,1,6,0,1,0
SYN00022,143,-21,1487,0,1,6,0,1,0
SYN00022,144,-21,1472,1,1,7,0,1,0
SYN00022,145,-23,1454,0,1,7,0,1,0
SYN00022,146,-23,1440,1,1,7,0,1,0
SYN00022,147,-23,1440,1,1,7,0,1,0
SYN00022,148,-23,1440,0,1,7,0,1,0
SYN00022,149,-23,1440,0,1,7,0,1,0
SYN00022,150,-23,1435,0,1,7,0,1,0
SYN00022,151,-23,1435,0,1,7,0,1,0
SYN00022,152,-23,1420,1,1,7,0,1,0
SYN00022,153,-23,1407,0,1,7,0,1,0
SYN00022,154,-23,1407,0,1,7,0,1,0
SYN00022,155,-23,1387,1,1,7,0,1,0
SYN00022,156,-23,1387,1,1,7,0,1,0
SYN00022,157,-23,1378,0,2,7,0,1,0
SYN00022,158,-21,1355,1,2,7,0,1,0
SYN00022,159,-21,1332,0,2,7,0,1,0
SYN00022,160,-21,1332,0,2,7,0,1,0
SYN00022,161,-21,1317,1,2,7,0,1,0
SYN00022,162,-21,1317,1,2,7,0,1,0
SYN00022,163,-21,1310,0,2,7,0,1,0
SYN00022,164,-21,1310,0,2,7,0,1,0
SYN00022,165,-21,1300,1,2,8,0,1,0
SYN00022,166,-23,1278,0,2,8,0,1,0
SYN00022,167,-23,1267,1,2,8,0,1,0
SYN00022,168,-23,1257,0,2,8,0,1,0
SYN00022,169,-23,1239,1,2,8,0,1,0
SYN00022,170,-23,1239,1,2,8,0,1,0
SYN00022,171,-26,1231,0,2,8,0,1,0
SYN00022,172,-26,1210,1,2,8,0,1,0
SYN00022,173,-26,1210,1,2,8,0,1,0
SYN00022,174,-26,1186,0,2,8,0,1,0
SYN00022,175,-26,1186,0,2,8,0,1,0
SYN00022,176,-24,1170,1,2,8,0,1,0
SYN00022,177,-24,1158,0,2,8,0,1,0
SYN00022,178,-24,1158,0,2,8,0,1,0
SYN00022,179,-24,1153,1,2,8,0,1,0
SYN00022,180,-24,1153,1,2,8,0,1,0
SYN00022,181,-26,1143,0,2,8,0,1,0
SYN00022,182,-24,1121,1,2,8,0,1,0
SYN00022,183,-26,1110,0,2,8,0,1,0
SYN00022,184,-24,1096,1,2,8,0,1,0
SYN00022,185,-24,1074,0,2,8,0,1,0
SYN00022,186,-24,1062,1,2,9,0,1,0
SYN00022,187,-24,1056,0,2,9,0,1,0
SYN00022,188,-24,1056,0,2,9,0,1,0
SYN00022,189,-24,1032,1,2,9,0,1,0
SYN00022,190,-24,1032,1,2,9,0,1,0
SYN00022,191,-24,1017,0,2,9,0,1,0
SYN00022,192,-24,1017,0,2,9,0,1,0
SYN00022,193,-24,1006,1,2,9,0,1,0
SYN00022,194,-24,1006,1,2,9,0,1,0
SYN00022,195,-26,1001,0,2,9,0,1,0
SYN00022,196,-26,983,1,2,9,0,1,0
SYN00022,197,-26,983,1,2,9,0,1,0
SYN00022,198,-26,969,0,2,9,0,1,0
SYN00022,199,-26,969,0,2,9,0,1,0
SYN00022,200,-26,958,1,2,10,0,1,0
SYN00022,201,-28,934,0,2,10,0,1,0
SYN00022,202,-28,921,1,2,10,0,1,0
SYN00022,203,-28,921,1,2,10,0,1,0
SYN00022,204,-28,901,0,2,10,0,1,0
SYN00022,205,-28,901,0,2,10,0,1,0
SYN00022,206,-28,881,1,2,10,0,1,0
SYN00022,207,-28,881,1,2,10,0,1,0
SYN00022,208,-30,866,0,2,10,0,1,0
SYN00022,209,-30,861,1,2,11,0,1,0
SYN00022,210,-30,841,0,2,11,0,1,0
SYN00022,211,-30,835,1,2,11,0,1,0
SYN00022,212,-30,835,1,2,11,0,1,0
SYN00022,213,-30,821,0,2,11,0,1,0
SYN00022,214,-30,821,0,2,11,0,1,0
SYN00022,215,-30,814,1,2,11,0,1,0
SYN00022,216,-30,814,1,2,11,0,1,0
SYN00022,217,-30,802,0,2,11,0,1,0
SYN00022,218,-28,782,1,2,11,0,1,0
SYN00022,219,-28,772,0,3,11,0,1,0
SYN00022,220,-28,753,1,3,11,0,1,0
SYN00022,221,-28,753,1,3,11,0,1,0
SYN00022,222,-28,734,0,3,11,0,1,0
SYN00022,223,-26,720,1,3,11,0,1,0
SYN00022,224,-26,720,0,3,11,0,1,0
SYN00022,225,-26,720,0,3,11,0,1,0
SYN00022,226,-26,700,0,3,11,0,1,0
SYN00022,227,-26,700,0,3,11,0,1,0
SYN00022,228,-24,677,1,3,11,0,1,0
SYN00022,229,-24,664,0,4,11,0,1,0
SYN00022,230,-24,656,1,4,11,0,1,0
SYN00022,231,-24,656,1,4,11,0,1,0
SYN00022,232,-24,642,0,4,11,0,1,0
SYN00022,233,-24,642,0,4,11,0,1,0
SYN00022,234,-21,618,1,4,11,0,1,0
SYN00022,235,-23,601,0,4,11,0,1,0
SYN00022,236,-21,579,1,4,11,0,1,0
SYN00022,237,-21,572,0,4,11,0,1,0
SYN00022,238,-19,566,1,4,11,0,1,0
SYN00022,239,-19,551,0,4,11,0,1,0
SYN00022,240,-19,551,0,4,11,0,1,0
SYN00022,241,-19,529,1,4,11,0,1,0
SYN00022,242,-19,529,1,4,11,0,1,0
SYN00022,243,-21,508,0,4,11,0,1,0
SYN00022,244,-19,492,1,4,11,0,1,0
SYN00022,245,-19,477,0,4,11,0,1,0
SYN00022,246,-19,477,0,4,11,0,1,0
SYN00022,247,-19,462,1,4,11,0,1,0
SYN00022,248,-19,462,1,4,11,0,1,0
SYN00022,249,-19,443,0,4,11,0,1,0
SYN00022,250,-19,443,0,4,11,0,1,0
SYN00022,251,-19,424,1,4,11,0,1,0
SYN00022,252,-19,424,1,4,11,0,1,0
SYN00022,253,-19,412,0,4,11,0,1,0
SYN00022,254,-19,412,0,4,11,0,1,0
SYN00022,255,-19,396,1,4,11,0,1,0
SYN00022,256,-19,396,1,4,11,0,1,0
SYN00022,257,-21,388,0,4,11,0,1,0
SYN00022,258,-21,380,1,4,11,0,1,0
SYN00022,259,-21,380,1,4,11,0,1,0
SYN00022,260,-23,367,0,4,11,0,1,0
SYN00022,261,-20,352,1,4,11,0,1,0
SYN00022,262,-23,345,0,4,11,0,1,0
SYN00022,263,-21,336,1,4,11,0,1,0
SYN00022,264,-21,322,0,4,11,0,1,0
SYN00022,265,-21,322,0,4,11,0,1,0
SYN00022,266,-18,302,1,4,11,0,1,0
SYN00022,267,-20,295,0,4,11,0,1,0
SYN00022,268,-20,273,1,4,12,0,1,0
SYN00022,269,-20,251,0,4,12,0,1,0
SYN00022,270,-20,251,0,4,12,0,1,0
SYN00022,271,-20,230,1,4,12,0,1,0
SYN00022,272,-23,211,0,4,12,0,1,0
SYN00022,273,-23,203,1,4,13,0,1,0
SYN00022,274,-23,186,0,4,13,0,1,0
SYN00022,275,-23,186,0,4,13,0,1,0
SYN00022,276,-23,169,1,4,14,0,1,0
SYN00022,277,-25,146,0,4,14,0,1,0
SYN00022,278,-25,132,1,4,14,0,1,0
SYN00022,279,-25,132,1,4,14,0,1,0
SYN00022,280,-25,115,0,4,14,0,1,0
SYN00022,281,-25,115,0,4,14,0,1,0
SYN00022,282,-25,99,1,4,15,0,1,0
SYN00022,283,-25,84,0,4,15,0,1,0
SYN00022,284,-25,84,0,4,15,0,1,0
SYN00022,285,-25,73,1,4,15,0,1,0
SYN00022,286,-25,73,1,4,15,0,1,0
SYN00022,287,-25,53,0,4,15,0,1,0
SYN00022,288,-23,39,1,4,15,0,1,0
SYN00022,289,-23,28,0,4,15,0,1,0
SYN00022,290,-23,28,0,4,15,0,1,0
SYN00022,291,-21,14,1,4,15,0,1,0
SYN00022,292,-23,1,0,4,15,0,1,0
SYN00022,293,-21,0,1,4,15,0,1,0
SYN00022,294,-21,0,0,4,15,0,1,0
SYN00023,1,0,2880,0,0,0,0,0,0
SYN00023,2,0,2869,0,0,0,0,0,0
SYN00023,3,2,2852,1,0,0,0,0,0
SYN00023,4,2,2836,0,0,0,0,0,0
SYN00023,5,2,2836,0,0,0,0,0,0
SYN00023,6,5,2814,1,0,0,0,0,0
SYN00023,7,5,2808,0,0,0,0,0,0
SYN00023,8,5,2808,0,0,0,0,0,0
SYN00023,9,5,2793,1,0,0,0,0,0
SYN00023,10,5,2793,1,0,0,0,0,0
SYN00023,11,3,2787,0,0,0,0,0,0
SYN00023,12,5,2768,1,0,0,0,0,0
SYN00023,13,5,2754,0,0,0,0,0,0
SYN00023,14,5,2754,0,0,0,0,0,0
SYN00023,15,7,2732,1,0,0,0,0,0
SYN00023,16,5,2709,0,0,0,0,0,0
SYN00023,17,5,2696,1,0,0,0,0,0
SYN00023,18,5,2696,1,0,0,0,0,0
SYN00023,19,3,2675,0,0,0,0,0,0
SYN00023,20,3,2662,1,0,0,0,0,0
SYN00023,21,3,2662,1,0,0,0,0,0
SYN00023,22,3,2641,0,0,0,0,0,0
SYN00023,23,3,2641,0,0,0,0,0,0
SYN00023,24,3,2623,1,0,0,0,0,0
SYN00023,25,3,2623,1,0,0,0,0,0
SYN00023,26,3,2614,0,1,0,0,0,0
SYN00023,27,3,2599,1,1,0,0,0,0
SYN00023,28,3,2599,1,1,0,0,0,0
SYN00023,29,3,2584,0,2,0,0,0,0
SYN00023,30,3,2575,1,2,0,0,0,0
SYN00023,31,3,2575,1,2,0,0,0,0
SYN00023,32,3,2562,0,2,0,0,0,0
SYN00023,33,3,2562,0,2,0,0,0,0
SYN00023,34,3,2538,1,2,1,0,0,0
SYN00023,35,3,2525,0,2,1,0,0,0
SYN00023,36,3,2525,0,2,1,0,0,0
SYN00023,37,3,2503,1,2,1,0,0,0
SYN00023,38,3,2503,1,2,1,0,0,0
SYN00023,39,3,2493,0,3,1,0,0,0
SYN00023,40,3,2478,1,3,2,0,0,0
SYN00023,41,3,2459,0,3,2,0,0,0
SYN00023,42,3,2459,0,3,2,0,0,0
SYN00023,43,3,2445,1,3,2,0,0,0
SYN00023,44,3,2445,1,3,2,0,0,0
SYN00023,45,0,2430,0,3,2,0,0,0
SYN00023,46,3,2406,1,3,2,0,0,0
SYN00023,47,3,2392,0,3,2,0,0,0
SYN00023,48,3,2392,0,3,2,0,0,0
SYN00023,49,3,2387,1,3,2,0,0,0
SYN00023,50,3,2387,1,3,2,0,0,0
SYN00023,51,1,2381,0,3,2,0,0,0
SYN00023,52,1,2371,1,3,3,0,0,0
SYN00023,53,-1,2360,0,3,3,0,0,0
SYN00023,54,-1,2352,1,3,3,0,0,0
SYN00023,55,-1,2352,1,3,3,0,0,0
SYN00023,56,-1,2335,0,3,3,0,0,0
SYN00023,57,-1,2335,0,3,3,0,0,0
SYN00023,58,-1,2318,1,3,3,0,0,0
SYN00023,59,-1,2318,1,3,3,0,0,0
SYN00023,60,-3,2310,0,3,3,0,0,0
SYN00023,61,-3,2300,1,3,3,0,0,0
SYN00023,62,-3,2277,0,3,3,0,0,0
SYN00023,63,-3,2277,0,3,3,0,0,0
SYN00023,64,-3,2256,1,3,3,0,0,0
SYN00023,65,-3,2256,1,3,3,0,0,0
SYN00023,66,-5,2246,0,3,3,0,0,0
SYN00023,67,-3,2240,1,3,3,0,0,0
SYN00023,68,-3,2226,0,3,3,0,0,0
SYN00023,69,-3,2226,0,3,3,0,0,0
SYN00023,70,-1,2208,1,3,3,0,0,0
SYN00023,71,-3,2191,0,3,3,0,0,0
SYN00023,72,-1,2172,1,3,3,0,0,0
SYN00023,73,-1,2160,0,3,3,0,0,0
SYN00023,74,-1,2160,0,3,3,0,0,0
SYN00023,75,-1,2160,1,3,3,0,0,0
SYN00023,76,-1,2160,1,3,3,0,0,0
SYN00023,77,-1,2138,1,3,3,0,0,0
SYN00023,78,-1,2138,1,3,3,0,0,0
SYN00023,79,-1,2132,0,3,3,0,0,0
SYN00023,80,-1,2132,0,3,3,0,0,0
SYN00023,81,-1,2119,1,3,3,0,0,0
SYN00023,82,-1,2119,1,3,3,0,0,0
SYN00023,83,-1,2102,0,3,3,0,0,0
SYN00023,84,-1,2102,0,3,3,0,0,0
SYN00023,85,1,2090,1,3,3,0,0,0
SYN00023,86,-2,2083,0,3,3,0,0,0
SYN00023,87,-2,2078,1,3,3,0,0,0
SYN00023,88,-2,2078,1,3,3,0,0,0
SYN00023,89,-5,2061,0,3,3,0,0,0
SYN00023,90,-3,2042,1,3,3,0,0,0
SYN00023,91,-5,2022,0,3,3,0,0,0
SYN00023,92,-5,2008,1,3,4,0,0,0
SYN00023,93,-7,2003,0,3,4,0,0,0
SYN00023,94,-7,1979,1,3,4,0,0,0
SYN00023,95,-7,1979,1,3,4,0,0,0
SYN00023,96,-9,1960,0,3,4,0,0,0
SYN00023,97,-9,1940,1,3,4,0,0,0
SYN00023,98,-9,1940,1,3,4,0,0,0
SYN00023,99,-11,1921,0,3,4,0,0,0
SYN00023,100,-11,1908,1,3,4,0,0,0
SYN00023,101,-11,1908,1,3,4,0,0,0
SYN00023,102,-13,1885,0,3,4,0,0,0
SYN00023,103,-13,1876,1,3,4,0,0,0
SYN00023,104,-13,1876,1,3,4,0,0,0
SYN00023,105,-13,1860,0,4,4,0,0,0
SYN00023,106,-10,1853,1,4,4,0,0,0
SYN00023,107,-10,1838,0,5,4,1,0,0
SYN00023,108,-10,1830,1,5,5,1,1,0
SYN00023,109,-10,1812,0,5,5,1,1,0
SYN00023,110,-10,1812,0,5,5,1,1,0
SYN00023,111,-10,1792,1,5,5,1,1,0
SYN00023,112,-10,1792,1,5,5,1,1,0
SYN00023,113,-13,1784,0,5,5,1,1,0
SYN00023,114,-13,1779,1,5,5,1,1,0
SYN00023,115,-15,1760,0,5,5,1,1,0
SYN00023,116,-13,1749,1,5,5,1,1,0
SYN00023,117,-13,1726,0,5,5,1,1,0
SYN00023,118,-13,1726,0,5,5,1,1,0
SYN00023,119,-13,1719,1,5,5,1,1,0
SYN00023,120,-13,1719,1,5,5,1,1,0
SYN00023,121,-13,1711,0,5,5,1,1,0
SYN00023,122,-11,1701,1,5,5,1,1,0
SYN00023,123,-11,1690,0,5,5,1,1,0
SYN00023,124,-11,1690,0,5,5,1,1,0
SYN00023,125,-9,1670,1,5,5,1,1,0
SYN00023,126,-9,1658,0,5,5,1,1,0
SYN00023,127,-9,1658,0,5,5,1,1,0
SYN00023,128,-9,1641,1,5,5,1,1,0
SYN00023,129,-11,1632,0,5,5,1,1,0
SYN00023,130,-9,1611,1,5,5,1,1,0
SYN00023,131,-9,1599,0,5,5,1,1,0
SYN00023,132,-9,1599,0,5,5,1,1,0
SYN00023,133,-7,1585,1,5,5,1,1,0
SYN00023,134,-9,1566,0,5,5,1,1,0
SYN00023,135,-6,1545,1,5,5,1,1,0
SYN00023,136,-6,1524,0,5,5,1,1,0
SYN00023,137,-6,1524,0,5,5,1,1,0
SYN00023,138,-6,1513,1,5,5,1,1,0
SYN00023,139,-6,1513,1,5,5,1,1,0
SYN00023,140,-6,1490,0,5,5,1,1,0
SYN00023,141,-6,1470,1,5,5,1,1,0
SYN00023,142,-6,1470,1,5,5,1,1,0
SYN00023,143,-8,1454,0,5,5,1,1,0
SYN00023,144,-8,1448,1,5,5,1,1,0
SYN00023,145,-8,1448,1,5,5,1,1,0
SYN00023,146,-10,1440,0,5,5,1,1,0
SYN00023,147,-10,1440,1,5,5,1,1,0
SYN00023,148,-10,1440,1,5,5,1,1,0
SYN00023,149,-8,1425,1,5,5,1,1,0
SYN00023,150,-8,1411,0,5,5,1,1,0
SYN00023,151,-8,1411,0,5,5,1,1,0
SYN00023,152,-6,1390,1,5,5,1,1,0
SYN00023,153,-6,1380,0,5,5,1,1,0
SYN00023,154,-6,1380,0,5,5,1,1,0
SYN00023,155,-6,1358,1,5,5,1,1,0
SYN00023,156,-6,1358,1,5,5,1,1,0
SYN00023,157,-6,1340,0,5,5,1,1,0
SYN00023,158,-6,1340,0,5,5,1,1,0
SYN00023,159,-6,1318,1,5,5,1,1,0
SYN00023,160,-6,1318,1,5,5,1,1,0
SYN00023,161,-9,1302,0,5,5,1,1,0
SYN00023,162,-7,1293,1,5,5,1,1,0
SYN00023,163,-7,1274,0,5,5,1,1,0
SYN00023,164,-7,1274,0,5,5,1,1,0
SYN00023,165,-5,1263,1,5,5,1,1,0
SYN00023,166,-8,1239,0,5,5,1,1,0
SYN00023,167,-5,1231,1,5,5,1,1,0
SYN00023,168,-5,1213,0,5,5,1,1,0
SYN00023,169,-5,1213,0,5,5,1,1,0
SYN00023,170,-5,1199,1,5,5,1,1,0
SYN00023,171,-5,1199,1,5,5,1,1,0
SYN00023,172,-5,1175,0,5,5,1,1,0
SYN00023,173,-5,1175,0,5,5,1,1,0
SYN00023,174,-5,1163,1,5,5,1,1,0
SYN00023,175,-5,1147,0,5,5,1,1,0
SYN00023,176,-5,1137,1,5,5,1,1,0
SYN00023,177,-5,1137,1,5,5,1,1,0
SYN00023,178,-8,1116,0,5,5,1,1,0
SYN00023,179,-8,1110,1,5,5,1,1,0
SYN00023,180,-8,1110,1,5,5,1,1,0
SYN00023,181,-8,1095,0,5,5,1,1,0
SYN00023,182,-8,1095,0,5,5,1,1,0
SYN00023,183,-6,1087,1,5,5,1,1,0
SYN00023,184,-6,1070,0,5,5,1,1,0
SYN00023,185,-6,1070,0,5,5,1,1,0
SYN00023,186,-6,1060,1,5,5,1,1,0
SYN00023,187,-6,1060,1,5,5,1,1,0
SYN00023,188,-6,1052,0,5,5,1,1,0
SYN00023,189,-6,1052,0,5,5,1,1,0
SYN00023,190,-6,1028,1,5,5,1,1,0
SYN00023,191,-6,1028,1,5,5,1,1,0
SYN00023,192,-6,1018,0,5,5,1,1,0
SYN00023,193,-4,1002,1,5,5,1,1,0
SYN00023,194,-4,985,0,6,5,1,1,0
SYN00023,195,-4,965,1,6,5,1,1,0
SYN00023,196,-4,965,1,6,5,1,1,0
SYN00023,197,-6,955,0,6,5,1,1,0
SYN00023,198,-6,944,1,6,5,1,1,0
SYN00023,199,-6,944,1,6,5,1,1,0
SYN00023,200,-6,929,0,6,5,1,1,0
SYN00023,201,-6,929,0,6,5,1,1,0
SYN00023,202,-4,918,1,6,5,1,1,0
SYN00023,203,-4,908,0,6,5,1,1,0
SYN00023,204,-4,890,1,6,5,1,1,0
SYN00023,205,-4,890,1,6,5,1,1,0
SYN00023,206,-4,880,0,6,5,1,1,0
SYN00023,207,-4,880,0,6,5,1,1,0
SYN00023,208,-4,867,1,6,5,1,1,0
SYN00023,209,-4,856,0,6,5,1,1,0
SYN00023,210,-4,856,0,6,5,1,1,0
SYN00023,211,-4,835,1,6,5,1,1,0
SYN00023,212,-4,835,1,6,5,1,1,0
SYN00023,213,-6,812,0,6,5,1,1,0
SYN00023,214,-6,804,1,6,5,1,1,0
SYN00023,215,-6,804,1,6,5,1,1,0
SYN00023,216,-6,788,0,6,5,1,1,0
SYN00023,217,-6,788,0,6,5,1,1,0
SYN00023,218,-6,764,1,6,5,1,1,0
SYN00023,219,-6,764,1,6,5,1,1,0
SYN00023,220,-6,759,0,6,5,1,1,0
SYN00023,221,-6,759,0,6,5,1,1,0
SYN00023,222,-6,742,1,6,5,1,1,0
SYN00023,223,-6,742,1,6,5,1,1,0
SYN00023,224,-6,721,0,7,5,1,1,0
SYN00023,225,-4,720,1,7,5,1,1,0
SYN00023,226,-4,720,0,7,5,1,1,0
SYN00023,227,-4,720,0,7,5,1,1,0
SYN00023,228,-4,713,0,7,5,1,1,0
SYN00023,229,-4,713,0,7,5,1,1,0
SYN00023,230,-4,708,1,7,5,1,1,0
SYN00023,231,-4,708,1,7,5,1,1,0
SYN00023,232,-6,686,0,7,5,1,1,0
SYN00023,233,-6,678,1,7,5,1,1,0
SYN00023,234,-6,678,1,7,5,1,1,0
SYN00023,235,-6,665,0,7,5,1,1,0
SYN00023,236,-6,665,0,7,5,1,1,0
SYN00023,237,-6,655,1,7,6,1,1,0
SYN00023,238,-6,634,0,7,6,1,1,0
SYN00023,239,-6,634,0,7,6,1,1,0
SYN00023,240,-3,618,1,7,6,1,1,0
SYN00023,241,-3,608,0,7,6,1,1,0
SYN00023,242,-3,608,0,7,6,1,1,0
SYN00023,243,-3,589,1,7,6,1,1,0
SYN00023,244,-5,577,0,7,6,1,1,0
SYN00023,245,-3,559,1,7,6,1,1,0
SYN00023,246,-3,541,0,7,6,1,1,0
SYN00023,247,-3,541,0,7,6,1,1,0
SYN00023,248,-1,523,1,7,6,1,1,0
SYN00023,249,-1,507,0,7,6,1,1,0
SYN00023,250,-1,507,0,7,6,1,1,0
SYN00023,251,-1,499,1,7,7,1,1,0
SYN00023,252,-4,483,0,7,7,1,1,0
SYN00023,253,-4,468,1,7,7,1,1,0
SYN00023,254,-4,446,0,7,7,1,1,0
SYN00023,255,-2,431,1,7,7,1,1,0
SYN00023,256,-4,415,0,7,7,1,1,0
SYN00023,257,-2,407,1,7,7,1,1,0
SYN00023,258,-2,393,0,7,7,1,1,0
SYN00023,259,-2,393,0,7,7,1,1,0
SYN00023,260,0,379,1,7,7,1,1,0
SYN00023,261,0,367,0,7,7,1,1,0
SYN00023,262,0,357,1,7,7,1,1,0
SYN00023,263,0,357,1,7,7,1,1,0
SYN00023,264,0,342,0,7,7,1,1,0
SYN00023,265,0,342,0,7,7,1,1,0
SYN00023,266,2,326,1,7,7,1,1,0
SYN00023,267,2,315,0,7,7,1,1,0
SYN00023,268,2,315,0,7,7,1,1,0
SYN00023,269,2,308,1,7,8,1,1,0
SYN00023,270,2,286,0,7,8,1,1,0
SYN00023,271,2,273,1,7,9,1,1,0
SYN00023,272,-1,263,0,7,9,1,1,0
SYN00023,273,1,240,1,7,9,1,1,0
SYN00023,274,1,231,0,7,9,1,1,0
SYN00023,275,1,231,0,7,9,1,1,0
SYN00023,276,1,211,1,7,9,1,1,0
SYN00023,277,1,211,1,7,9,1,1,0
SYN00023,278,1,199,0,7,9,1,1,0
SYN00023,279,1,199,0,7,9,1,1,0
SYN00023,280,1,186,1,7,9,1,1,0
SYN00023,281,1,186,1,7,9,1,1,0
SYN00023,282,-2,168,0,7,9,1,1,0
SYN00023,283,-2,162,1,7,9,1,1,0
SYN00023,284,-4,153,0,7,9,1,1,0
SYN00023,285,-4,131,1,7,10,1,1,0
SYN00023,286,-6,107,0,7,10,1,1,0
SYN00023,287,-4,83,1,7,10,1,1,0
SYN00023,288,-4,72,0,7,10,1,1,0
SYN00023,289,-2,65,1,7,10,1,1,0
SYN00023,290,-4,55,0,7,10,1,1,0
SYN00023,291,-2,42,1,7,10,1,1,0
SYN00023,292,-2,29,0,7,10,1,1,0
SYN00023,293,-2,29,0,7,10,1,1,0
SYN00023,294,1,12,1,7,10,1,1,0
SYN00023,295,-2,0,0,7,10,1,1,0
SYN00023,296,-2,0,1,7,10,1,1,0
SYN00024,1,0,2880,0,0,0,0,0,0
SYN00024,2,0,2865,0,0,0,0,0,0
SYN00024,3,0,2865,0,0,0,0,0,0
SYN00024,4,3,2857,1,0,0,0,0,0
SYN00024,5,3,2852,0,0,0,0,0,0
SYN00024,6,3,2852,0,0,0,0,0,0
SYN00024,7,5,2842,1,0,0,0,0,0
SYN00024,8,2,2820,0,0,0,0,0,0
SYN00024,9,2,2800,1,0,0,0,0,0
SYN00024,10,2,2800,1,0,0,0,0,0
SYN00024,11,2,2791,0,1,0,0,0,0
SYN00024,12,2,2780,1,1,0,0,0,0
SYN00024,13,2,2780,1,1,0,0,0,0
SYN00024,14,0,2768,0,1,0,0,0,0
SYN00024,15,2,2763,1,1,0,0,0,0
SYN00024,16,2,2757,0,1,0,0,0,0
SYN00024,17,2,2757,0,1,0,0,0,0
SYN00024,18,2,2736,1,1,0,0,0,0
SYN00024,19,2,2736,1,1,0,0,0,0
SYN00024,20,-1,2731,0,1,0,0,0,0
SYN00024,21,1,2722,1,1,0,0,0,0
SYN00024,22,1,2712,0,1,0,0,0,0
SYN00024,23,3,2701,1,1,0,0,0,0
SYN00024,24,1,2687,0,1,0,0,0,0
SYN00024,25,1,2667,1,1,0,0,0,0
SYN00024,26,1,2667,1,1,0,0,0,0
SYN00024,27,1,2654,0,2,0,0,0,0
SYN00024,28,3,2648,1,2,0,0,0,0
SYN00024,29,3,2634,0,2,0,0,0,0
SYN00024,30,3,2634,0,2,0,0,0,0
SYN00024,31,5,2617,1,2,0,0,0,0
SYN00024,32,5,2608,0,2,0,0,0,0
SYN00024,33,5,2608,0,2,0,0,0,0
SYN00024,34,5,2586,1,2,0,0,0,0
SYN00024,35,5,2586,1,2,0,0,0,0
SYN00024,36,3,2563,0,2,0,0,0,0
SYN00024,37,3,2553,1,2,0,0,0,0
SYN00024,38,3,2553,1,2,0,0,0,0
SYN00024,39,3,2541,0,2,0,0,0,0
SYN00024,40,3,2541,0,2,0,0,0,0
SYN00024,41,3,2532,1,2,0,0,0,0
SYN00024,42,3,2532,1,2,0,0,0,0
SYN00024,43,3,2509,0,3,0,0,0,0
SYN00024,44,5,2496,1,3,0,0,0,0
SYN00024,45,3,2483,0,3,0,0,0,0
SYN00024,46,3,2460,1,3,0,0,0,0
SYN00024,47,3,2460,1,3,0,0,0,0
SYN00024,48,1,2448,0,3,0,0,0,0
SYN00024,49,1,2424,1,3,0,0,0,0
SYN00024,50,1,2424,1,3,0,0,0,0
SYN00024,51,-1,2412,0,3,0,0,0,0
SYN00024,52,-1,2393,1,3,0,0,0,0
SYN00024,53,-1,2393,1,3,0,0,0,0
SYN00024,54,-3,2382,0,3,0,0,0,0
SYN00024,55,-3,2364,1,3,0,0,0,0
SYN00024,56,-3,2364,1,3,0,0,0,0
SYN00024,57,-3,2357,0,3,0,0,0,0
SYN00024,58,-3,2357,0,3,0,0,0,0
SYN00024,59,-1,2344,1,3,0,0,0,0
SYN00024,60,-1,2325,0,3,0,0,0,0
SYN00024,61,-1,2325,0,3,0,0,0,0
SYN00024,62,-1,2309,1,3,1,0,0,0
SYN00024,63,-1,2301,0,3,1,0,0,0
SYN00024,64,-1,2301,0,3,1,0,0,0
SYN00024,65,-1,2292,1,3,1,0,0,0
SYN00024,66,-3,2281,0,3,1,0,0,0
SYN00024,67,-3,2270,1,3,1,0,0,0
SYN00024,68,-3,2270,1,3,1,0,0,0
SYN00024,69,-5,2249,0,3,1,0,0,0
SYN00024,70,-5,2240,1,3,1,0,0,0
SYN00024,71,-5,2240,1,3,1,0,0,0
SYN00024,72,-5,2227,0,4,1,0,0,0
SYN00024,73,-5,2214,1,4,1,0,0,0
SYN00024,74,-5,2214,1,4,1,0,0,0
SYN00024,75,-5,2199,0,4,1,0,0,0
SYN00024,76,-5,2199,0,4,1,0,0,0
SYN00024,77,-3,2186,1,4,1,0,0,0
SYN00024,78,-5,2164,0,4,1,0,0,0
SYN00024,79,-5,2160,1,4,1,0,0,0
SYN00024,80,-5,2160,0,4,1,0,0,0
SYN00024,81,-5,2160,0,4,1,0,0,0
SYN00024,82,-5,2144,0,5,1,1,0,0
SYN00024,83,-2,2134,1,5,1,1,0,0
SYN00024,84,-2,2115,0,5,1,1,0,0
SYN00024,85,-2,2107,1,5,1,1,0,0
SYN00024,86,-2,2107,1,5,1,1,0,0
SYN00024,87,-2,2092,0,5,1,1,0,0
SYN00024,88,-2,2092,0,5,1,1,0,0
SYN00024,89,-2,2078,1,5,1,1,0,0
SYN00024,90,-2,2078,1,5,1,1,0,0
SYN00024,91,-4,2060,0,5,1,1,0,0
SYN00024,92,-4,2039,1,5,1,1,0,0
SYN00024,93,-4,2039,1,5,1,1,0,0
SYN00024,94,-7,2024,0,5,1,1,0,0
SYN00024,95,-7,2000,1,5,2,1,0,0
SYN00024,96,-7,1995,0,5,2,1,0,0
SYN00024,97,-7,1995,0,5,2,1,0,0
SYN00024,98,-7,1973,1,5,2,1,0,0
SYN00024,99,-7,1973,1,5,2,1,0,0
SYN00024,100,-7,1951,0,5,2,1,0,0
SYN00024,101,-7,1951,0,5,2,1,0,0
SYN00024,102,-7,1936,1,5,2,1,0,0
SYN00024,103,-7,1936,1,5,2,1,0,0
SYN00024,104,-7,1930,0,5,2,1,0,0
SYN00024,105,-5,1924,1,5,2,1,0,0
SYN00024,106,-5,1912,0,5,2,1,0,0
SYN00024,107,-3,1892,1,5,2,1,0,0
SYN00024,108,-5,1877,0,5,2,1,0,0
SYN00024,109,-5,1867,1,5,2,1,0,0
SYN00024,110,-5,1867,1,5,2,1,0,0
SYN00024,111,-7,1851,0,5,2,1,0,0
SYN00024,112,-5,1837,1,5,2,1,0,0
SYN00024,113,-8,1816,0,5,2,1,0,0
SYN00024,114,-6,1794,1,5,2,1,0,0
SYN00024,115,-6,1776,0,5,2,1,0,0
SYN00024,116,-4,1757,1,5,2,1,0,0
SYN00024,117,-4,1733,0,6,2,1,0,0
SYN00024,118,-4,1723,1,6,2,1,0,0
SYN00024,119,-4,1723,1,6,2,1,0,0
SYN00024,120,-4,1699,0,6,2,1,0,0
SYN00024,121,-4,1699,0,6,2,1,0,0
SYN00024,122,-2,1677,1,6,2,1,0,0
SYN00024,123,-5,1659,0,6,2,1,0,0
SYN00024,124,-5,1640,1,6,2,1,0,0
SYN00024,125,-5,1628,0,6,2,1,0,0
SYN00024,126,-5,1628,0,6,2,1,0,0
SYN00024,127,-5,1606,1,6,2,1,0,0
SYN00024,128,-5,1606,1,6,2,1,0,0
SYN00024,129,-5,1598,0,7,2,1,0,0
SYN00024,130,-5,1578,1,7,2,1,0,0
SYN00024,131,-5,1555,0,7,2,1,0,0
SYN00024,132,-5,1555,0,7,2,1,0,0
SYN00024,133,-3,1535,1,7,2,1,0,0
SYN00024,134,-5,1525,0,7,2,1,0,0
SYN00024,135,-2,1501,1,7,2,1,0,0
SYN00024,136,-2,1496,0,7,2,1,0,0
SYN00024,137,-2,1496,0,7,2,1,0,0
SYN00024,138,-2,1474,1,7,2,1,0,0
SYN00024,139,-2,1474,1,7,2,1,0,0
SYN00024,140,-2,1453,0,7,2,1,0,0
SYN00024,141,-2,1453,0,7,2,1,0,0
SYN00024,142,1,1440,1,7,2,1,0,0
SYN00024,143,1,1440,0,7,2,1,0,0
SYN00024,144,1,1440,0,7,2,1,0,0
SYN00024,145,1,1419,0,7,2,1,0,0
SYN00024,146,1,1419,0,7,2,1,0,0
SYN00024,147,1,1400,1,7,3,1,0,0
SYN00024,148,1,1377,0,7,3,1,0,0
SYN00024,149,1,1377,0,7,3,1,0,0
SYN00024,150,1,1364,1,7,4,1,0,0
SYN00024,151,-1,1349,0,7,4,1,0,0
SYN00024,152,-1,1325,1,7,4,1,0,0
SYN00024,153,-1,1325,1,7,4,1,0,0
SYN00024,154,-1,1317,0,7,4,1,0,0
SYN00024,155,-1,1317,0,7,4,1,0,0
SYN00024,156,1,1310,1,7,4,1,0,0
SYN00024,157,1,1286,0,7,4,1,0,0
SYN00024,158,1,1286,0,7,4,1,0,0
SYN00024,159,3,1272,1,7,4,1,0,0
SYN00024,160,3,1259,0,7,4,1,0,0
SYN00024,161,3,1259,0,7,4,1,0,0
SYN00024,162,3,1249,1,7,4,1,0,0
SYN00024,163,3,1249,1,7,4,1,0,0
SYN00024,164,0,1243,0,7,4,1,0,0
SYN00024,165,0,1237,1,7,4,1,0,0
SYN00024,166,0,1237,1,7,4,1,0,0
SYN00024,167,-2,1226,0,7,4,1,0,0
SYN00024,168,-2,1218,1,7,4,1,0,0
SYN00024,169,-2,1198,0,7,4,1,0,0
SYN00024,170,-2,1198,0,7,4,1,0,0
SYN00024,171,-2,1185,1,7,5,1,1,0
SYN00024,172,-2,1165,0,8,5,1,1,0
SYN00024,173,0,1143,1,8,5,1,1,0
SYN00024,174,-2,1130,0,8,5,1,1,0
SYN00024,175,-2,1113,1,8,5,1,1,0
SYN00024,176,-4,1102,0,8,5,1,1,0
SYN00024,177,-4,1096,1,8,5,1,1,0
SYN00024,178,-4,1096,1,8,5,1,1,0
SYN00024,179,-4,1074,0,9,5,1,1,0
SYN00024,180,-4,1066,1,9,5,1,1,0
SYN00024,181,-4,1066,1,9,5,1,1,0
SYN00024,182,-4,1058,0,9,5,1,1,0
SYN00024,183,-4,1058,0,9,5,1,1,0
SYN00024,184,-4,1040,1,9,5,1,1,0
SYN00024,185,-4,1040,1,9,5,1,1,0
SYN00024,186,-4,1024,0,9,5,1,1,0
SYN00024,187,-4,1024,0,9,5,1,1,0
SYN00024,188,-4,1019,1,9,6,1,1,0
SYN00024,189,-6,998,0,9,6,1,1,0
SYN00024,190,-6,988,1,9,6,1,1,0
SYN00024,191,-6,988,1,9,6,1,1,0
SYN00024,192,-8,968,0,9,6,1,1,0
SYN00024,193,-8,951,1,9,7,1,1,0
SYN00024,194,-8,935,0,9,7,1,1,0
SYN00024,195,-8,935,0,9,7,1,1,0
SYN00024,196,-6,914,1,9,7,1,1,0
SYN00024,197,-8,903,0,9,7,1,1,0
SYN00024,198,-6,879,1,9,7,1,1,0
SYN00024,199,-6,861,0,9,7,1,1,0
SYN00024,200,-6,838,1,9,8,1,1,0
SYN00024,201,-6,823,0,9,8,1,1,0
SYN00024,202,-6,823,0,9,8,1,1,0
SYN00024,203,-4,801,1,9,8,1,1,0
SYN00024,204,-7,782,0,9,8,1,1,0
SYN00024,205,-7,767,1,9,8,1,1,0
SYN00024,206,-7,767,1,9,8,1,1,0
SYN00024,207,-7,758,0,9,8,1,1,0
SYN00024,208,-7,758,0,9,8,1,1,0
SYN00024,209,-5,752,1,9,8,1,1,0
SYN00024,210,-7,731,0,9,8,1,1,0
SYN00024,211,-5,724,1,9,8,1,1,0
SYN00024,212,-5,720,0,9,8,1,1,0
SYN00024,213,-5,720,0,9,8,1,1,0
SYN00024,214,-5,720,1,9,8,1,1,0
SYN00024,215,-5,720,1,9,8,1,1,0
SYN00024,216,-3,697,1,9,8,1,1,0
SYN00024,217,-3,673,0,10,8,1,1,0
SYN00024,218,-3,652,1,10,9,1,1,0
SYN00024,219,-5,631,0,10,9,1,1,0
SYN00024,220,-2,616,1,10,9,1,1,0
SYN00024,221,-2,602,0,10,9,1,1,0
SYN00024,222,-2,584,1,10,9,1,1,0
SYN00024,223,-2,584,1,10,9,1,1,0
SYN00024,224,-2,579,0,10,9,1,1,0
SYN00024,225,-2,579,0,10,9,1,1,0
SYN00024,226,-2,564,1,10,9,1,1,0
SYN00024,227,-2,564,1,10,9,1,1,0
SYN00024,228,-4,541,0,10,9,1,1,0
SYN00024,229,-4,530,1,10,9,1,1,0
SYN00024,230,-4,530,1,10,9,1,1,0
SYN00024,231,-7,513,0,10,9,1,1,0
SYN00024,232,-7,492,1,10,9,1,1,0
SYN00024,233,-7,492,1,10,9,1,1,0
SYN00024,234,-7,470,0,10,9,1,1,0
SYN00024,235,-4,446,1,10,9,1,1,0
SYN00024,236,-6,435,0,10,9,1,1,0
SYN00024,237,-6,415,1,10,10,1,1,0
SYN00024,238,-6,397,0,11,10,1,1,0
SYN00024,239,-3,382,1,11,10,1,1,0
SYN00024,240,-3,369,0,11,10,1,1,0
SYN00024,241,-3,369,0,11,10,1,1,0
SYN00024,242,0,348,1,11,10,1,1,0
SYN00024,243,0,324,0,12,10,1,1,0
SYN00024,244,2,301,1,12,10,1,1,0
SYN00024,245,-1,294,0,12,10,1,1,0
SYN00024,246,-1,275,1,12,10,1,1,0
SYN00024,247,-1,275,1,12,10,1,1,0
SYN00024,248,-1,264,0,12,10,1,1,0
SYN00024,249,-1,240,1,12,10,1,1,0
SYN00024,250,-4,218,0,12,10,1,1,0
SYN00024,251,-4,196,1,12,10,1,1,0
SYN00024,252,-4,196,1,12,10,1,1,0
SYN00024,253,-6,172,0,12,10,1,1,0
SYN00024,254,-6,149,1,12,11,1,1,0
SYN00024,255,-6,129,0,12,11,1,1,0
SYN00024,256,-6,129,0,12,11,1,1,0
SYN00024,257,-6,108,1,12,11,1,1,0
SYN00024,258,-6,108,1,12,11,1,1,0
SYN00024,259,-6,101,0,12,11,1,1,0
SYN00024,260,-6,101,0,12,11,1,1,0
SYN00024,261,-6,93,1,12,11,1,1,0
SYN00024,262,-6,93,1,12,11,1,1,0
SYN00024,263,-6,74,0,12,11,1,1,0
SYN00024,264,-6,74,0,12,11,1,1,0
SYN00024,265,-4,60,1,12,11,1,1,0
SYN00024,266,-4,47,0,13,11,1,1,0
SYN00024,267,-4,28,1,13,11,1,1,0
SYN00024,268,-4,28,1,13,11,1,1,0
SYN00024,269,-4,7,0,13,11,1,1,0
SYN00024,270,-2,0,1,13,11,1,1,0
SYN00024,271,-2,0,0,13,11,1,1,0
SYN00025,1,0,2880,1,0,0,0,0,0
SYN00025,2,3,2871,1,0,0,0,0,0
SYN00025,3,3,2865,0,0,0,0,0,0
SYN00025,4,3,2865,0,0,0,0,0,0
SYN00025,5,3,2858,1,0,0,0,0,0
SYN00025,6,3,2858,1,0,0,0,0,0
SYN00025,7,3,2842,0,0,0,0,0,0
SYN00025,8,3,2842,0,0,0,0,0,0
SYN00025,9,3,2824,1,0,0,0,0,0
SYN00025,10,3,2824,1,0,0,0,0,0
SYN00025,11,3,2809,0,0,0,0,0,0
SYN00025,12,3,2802,1,0,0,0,0,0
SYN00025,13,3,2802,1,0,0,0,0,0
SYN00025,14,0,2780,0,0,0,0,0,0
SYN00025,15,0,2774,1,0,0,0,0,0
SYN00025,16,0,2774,1,0,0,0,0,0
SYN00025,17,0,2767,0,0,0,0,0,0
SYN00025,18,0,2743,1,0,0,0,0,0
SYN00025,19,0,2724,0,0,0,0,0,0
SYN00025,20,0,2724,0,0,0,0,0,0
SYN00025,21,0,2719,1,0,1,0,0,0
SYN00025,22,0,2709,0,0,1,0,0,0
SYN00025,23,0,2709,0,0,1,0,0,0
SYN00025,24,2,2689,1,0,1,0,0,0
SYN00025,25,2,2677,0,0,1,0,0,0
SYN00025,26,2,2677,0,0,1,0,0,0
SYN00025,27,2,2668,1,0,1,0,0,0
SYN00025,28,0,2663,0,0,1,0,0,0
SYN00025,29,0,2652,1,0,1,0,0,0
SYN00025,30,0,2652,1,0,1,0,0,0
SYN00025,31,-2,2630,0,0,1,0,0,0
SYN00025,32,0,2608,1,0,1,0,0,0
SYN00025,33,0,2599,0,0,1,0,0,0
SYN00025,34,0,2599,0,0,1,0,0,0
SYN00025,35,0,2576,1,0,2,0,0,0
SYN00025,36,0,2554,0,0,2,0,0,0
SYN00025,37,0,2554,0,0,2,0,0,0
SYN00025,38,0,2540,1,0,2,0,0,0
SYN00025,39,0,2540,1,0,2,0,0,0
SYN00025,40,0,2524,0,0,2,0,0,0
SYN00025,41,0,2505,1,0,2,0,0,0
SYN00025,42,0,2505,1,0,2,0,0,0
SYN00025,43,0,2497,0,1,2,0,0,0
SYN00025,44,2,2490,1,1,2,0,0,0
SYN00025,45,2,2474,0,1,2,0,0,0
SYN00025,46,2,2474,0,1,2,0,0,0
SYN00025,47,4,2455,1,1,2,0,0,0
SYN00025,48,2,2442,0,1,2,0,0,0
SYN00025,49,2,2418,1,1,2,0,0,0
SYN00025,50,2,2418,1,1,2,0,0,0
SYN00025,51,2,2401,0,1,2,0,0,0
SYN00025,52,2,2401,0,1,2,0,0,0
SYN00025,53,2,2391,1,1,3,0,0,0
SYN00025,54,0,2377,0,1,3,0,0,0
SYN00025,55,0,2361,1,1,4,0,0,0
SYN00025,56,-3,2340,0,1,4,0,0,0
SYN00025,57,-3,2317,1,1,4,0,0,0
SYN00025,58,-3,2317,1,1,4,0,0,0
SYN00025,59,-3,2306,0,2,4,0,0,0
SYN00025,60,-1,2288,1,2,4,0,0,0
SYN00025,61,-1,2265,0,3,4,0,0,0
SYN00025,62,1,2243,1,3,4,0,0,0
SYN00025,63,1,2235,0,3,4,0,0,0
SYN00025,64,1,2235,0,3,4,0,0,0
SYN00025,65,1,2214,1,3,4,0,0,0
SYN00025,66,1,2214,1,3,4,0,0,0
SYN00025,67,1,2194,0,3,4,0,0,0
SYN00025,68,1,2194,0,3,4,0,0,0
SYN00025,69,1,2175,1,3,4,0,0,0
SYN00025,70,1,2175,1,3,4,0,0,0
SYN00025,71,-1,2160,0,3,4,0,0,0
SYN00025,72,-1,2160,1,3,4,0,0,0
SYN00025,73,-1,2160,1,3,4,0,0,0
SYN00025,74,1,2139,1,3,4,0,0,0
SYN00025,75,1,2130,0,3,4,0,0,0
SYN00025,76,1,2130,0,3,4,0,0,0
SYN00025,77,1,2106,1,3,4,0,0,0
SYN00025,78,1,2106,1,3,4,0,0,0
SYN00025,79,-1,2087,0,3,4,0,0,0
SYN00025,80,-1,2065,1,3,5,0,1,0
SYN00025,81,-3,2047,0,3,5,0,1,0
SYN00025,82,-1,2027,1,3,5,0,1,0
SYN00025,83,-3,2018,0,3,5,0,1,0
SYN00025,84,-3,2004,1,3,5,0,1,0
SYN00025,85,-3,2004,1,3,5,0,1,0
SYN00025,86,-3,1999,0,3,5,0,1,0
SYN00025,87,-3,1994,1,3,5,0,1,0
SYN00025,88,-3,1994,1,3,5,0,1,0
SYN00025,89,-3,1985,0,3,5,0,1,0
SYN00025,90,-3,1985,0,3,5,0,1,0
SYN00025,91,0,1969,1,3,5,0,1,0
SYN00025,92,-2,1953,0,3,5,0,1,0
SYN00025,93,1,1938,1,3,5,0,1,0
SYN00025,94,1,1921,0,4,5,0,1,0
SYN00025,95,4,1903,1,4,5,0,1,0
SYN00025,96,2,1882,0,4,5,0,1,0
SYN00025,97,5,1858,1,4,5,0,1,0
SYN00025,98,2,1840,0,4,5,0,1,0
SYN00025,99,5,1816,1,4,5,0,1,0
SYN00025,100,5,1804,0,4,5,0,1,0
SYN00025,101,5,1804,0,4,5,0,1,0
SYN00025,102,5,1786,1,4,5,0,1,0
SYN00025,103,5,1786,1,4,5,0,1,0
SYN00025,104,3,1767,0,4,5,0,1,0
SYN00025,105,3,1762,1,4,5,0,1,0
SYN00025,106,3,1762,1,4,5,0,1,0
SYN00025,107,3,1746,0,4,5,0,1,0
SYN00025,108,3,1739,1,4,5,0,1,0
SYN00025,109,3,1739,1,4,5,0,1,0
SYN00025,110,1,1726,0,4,5,0,1,0
SYN00025,111,1,1703,1,4,6,0,1,0
SYN00025,112,1,1687,0,5,6,1,1,0
SYN00025,113,1,1666,1,5,6,1,1,0
SYN00025,114,-2,1653,0,5,6,1,1,0
SYN00025,115,-2,1631,1,5,6,1,1,0
SYN00025,116,-2,1631,1,5,6,1,1,0
SYN00025,117,-5,1611,0,5,6,1,1,0
SYN00025,118,-3,1594,1,5,6,1,1,0
SYN00025,119,-3,1585,0,5,6,1,1,0
SYN00025,120,-3,1585,0,5,6,1,1,0
SYN00025,121,-3,1574,1,5,6,1,1,0
SYN00025,122,-3,1574,1,5,6,1,1,0
SYN00025,123,-3,1555,0,5,6,1,1,0
SYN00025,124,-3,1555,0,5,6,1,1,0
SYN00025,125,-3,1545,1,5,7,1,1,0
SYN00025,126,-5,1538,0,5,7,1,1,0
SYN00025,127,-5,1520,1,5,7,1,1,0
SYN00025,128,-5,1520,1,5,7,1,1,0
SYN00025,129,-7,1512,0,5,7,1,1,0
SYN00025,130,-7,1502,1,5,7,1,1,0
SYN00025,131,-7,1502,1,5,7,1,1,0
SYN00025,132,-10,1494,0,5,7,1,1,0
SYN00025,133,-10,1485,1,5,7,1,1,0
SYN00025,134,-10,1485,1,5,7,1,1,0
SYN00025,135,-10,1469,0,5,7,1,1,0
SYN00025,136,-10,1469,0,5,7,1,1,0
SYN00025,137,-8,1451,1,5,7,1,1,0
SYN00025,138,-8,1440,0,5,7,1,1,0
SYN00025,139,-8,1440,0,5,7,1,1,0
SYN00025,140,-8,1440,1,5,7,1,1,0
SYN00025,141,-8,1440,1,5,7,1,1,0
SYN00025,142,-6,1426,1,5,7,1,1,0
SYN00025,143,-8,1410,0,5,7,1,1,0
SYN00025,144,-8,1396,1,5,7,1,1,0
SYN00025,145,-8,1396,1,5,7,1,1,0
SYN00025,146,-8,1373,0,5,7,1,1,0
SYN00025,147,-8,1373,0,5,7,1,1,0
SYN00025,148,-6,1357,1,5,7,1,1,0
SYN00025,149,-6,1336,0,5,7,1,1,0
SYN00025,150,-6,1336,0,5,7,1,1,0
SYN00025,151,-6,1316,1,5,7,1,1,0
SYN00025,152,-6,1316,1,5,7,1,1,0
SYN00025,153,-6,1293,0,5,7,1,1,0
SYN00025,154,-6,1293,0,5,7,1,1,0
SYN00025,155,-6,1278,1,5,7,1,1,0
SYN00025,156,-6,1278,1,5,7,1,1,0
SYN00025,157,-9,1264,0,5,7,1,1,0
SYN00025,158,-7,1242,1,5,7,1,1,0
SYN00025,159,-7,1222,0,6,7,1,1,0
SYN00025,160,-7,1211,1,6,7,1,1,0
SYN00025,161,-7,1190,0,6,7,1,1,0
SYN00025,162,-7,1190,0,6,7,1,1,0
SYN00025,163,-5,1170,1,6,7,1,1,0
SYN00025,164,-7,1164,0,6,7,1,1,0
SYN00025,165,-7,1152,1,6,7,1,1,0
SYN00025,166,-7,1152,1,6,7,1,1,0
SYN00025,167,-7,1141,0,6,7,1,1,0
SYN00025,168,-7,1141,0,6,7,1,1,0
SYN00025,169,-7,1134,1,6,8,1,1,0
SYN00025,170,-9,1113,0,6,8,1,1,0
SYN00025,171,-7,1107,1,6,8,1,1,0
SYN00025,172,-7,1098,0,6,8,1,1,0
SYN00025,173,-7,1098,0,6,8,1,1,0
SYN00025,174,-7,1074,1,6,8,1,1,0
SYN00025,175,-7,1074,1,6,8,1,1,0
SYN00025,176,-9,1066,0,6,8,1,1,0
SYN00025,177,-9,1043,1,6,8,1,1,0
SYN00025,178,-9,1043,1,6,8,1,1,0
SYN00025,179,-11,1033,0,6,8,1,1,0
SYN00025,180,-11,1016,1,6,8,1,1,0
SYN00025,181,-11,1016,1,6,8,1,1,0
SYN00025,182,-11,1000,0,6,8,1,1,0
SYN00025,183,-11,1000,0,6,8,1,1,0
SYN00025,184,-11,987,1,6,9,1,1,0
SYN00025,185,-11,970,0,6,9,1,1,0
SYN00025,186,-11,970,0,6,9,1,1,0
SYN00025,187,-9,950,1,6,9,1,1,0
SYN00025,188,-9,934,0,7,9,1,1,0
SYN00025,189,-9,914,1,7,9,1,1,0
SYN00025,190,-9,914,1,7,9,1,1,0
SYN00025,191,-9,891,0,7,9,1,1,0
SYN00025,192,-9,891,0,7,9,1,1,0
SYN00025,193,-6,870,1,7,9,1,1,0
SYN00025,194,-8,848,0,7,9,1,1,0
SYN00025,195,-6,830,1,7,9,1,1,0
SYN00025,196,-8,806,0,7,9,1,1,0
SYN00025,197,-8,798,1,7,9,1,1,0
SYN00025,198,-8,798,1,7,9,1,1,0
SYN00025,199,-10,782,0,7,9,1,1,0
SYN00025,200,-8,769,1,7,9,1,1,0
SYN00025,201,-8,748,0,7,9,1,1,0
SYN00025,202,-8,748,0,7,9,1,1,0
SYN00025,203,-8,727,1,7,9,1,1,0
SYN00025,204,-8,720,0,7,9,1,1,0
SYN00025,205,-8,720,0,7,9,1,1,0
SYN00025,206,-8,720,1,7,9,1,1,0
SYN00025,207,-8,720,1,7,9,1,1,0
SYN00025,208,-8,706,1,7,9,1,1,0
SYN00025,209,-8,706,1,7,9,1,1,0
SYN00025,210,-8,697,0,7,9,1,1,0
SYN00025,211,-8,697,0,7,9,1,1,0
SYN00025,212,-8,690,1,7,9,1,1,0
SYN00025,213,-8,690,1,7,9,1,1,0
SYN00025,214,-8,681,0,7,9,1,1,0
SYN00025,215,-8,681,0,7,9,1,1,0
SYN00025,216,-8,662,1,7,9,1,1,0
SYN00025,217,-8,662,1,7,9,1,1,0
SYN00025,218,-8,643,0,7,9,1,1,0
SYN00025,219,-8,643,0,7,9,1,1,0
SYN00025,220,-6,627,1,7,9,1,1,0
SYN00025,221,-6,606,0,7,9,1,1,0
SYN00025,222,-6,601,1,7,9,1,1,0
SYN00025,223,-6,596,0,7,9,1,1,0
SYN00025,224,-6,596,0,7,9,1,1,0
SYN00025,225,-4,590,1,7,9,1,1,0
SYN00025,226,-6,568,0,7,9,1,1,0
SYN00025,227,-6,549,1,7,9,1,1,0
SYN00025,228,-6,549,1,7,9,1,1,0
SYN00025,229,-8,541,0,7,9,1,1,0
SYN00025,230,-6,517,1,7,9,1,1,0
SYN00025,231,-8,510,0,7,9,1,1,0
SYN00025,232,-8,501,1,7,9,1,1,0
SYN00025,233,-8,501,1,7,9,1,1,0
SYN00025,234,-10,496,0,7,9,1,1,0
SYN00025,235,-10,489,1,7,9,1,1,0
SYN00025,236,-10,465,0,7,9,1,1,0
SYN00025,237,-10,450,1,7,9,1,1,0
SYN00025,238,-10,450,1,7,9,1,1,0
SYN00025,239,-10,444,0,8,9,1,1,0
SYN00025,240,-10,435,1,8,9,1,1,0
SYN00025,241,-10,435,1,8,9,1,1,0
SYN00025,242,-10,430,0,8,9,1,1,0
SYN00025,243,-10,430,0,8,9,1,1,0
SYN00025,244,-10,412,1,8,9,1,1,0
SYN00025,245,-10,412,1,8,9,1,1,0
SYN00025,246,-10,405,0,8,9,1,1,0
SYN00025,247,-10,405,0,8,9,1,1,0
SYN00025,248,-10,389,1,8,10,1,1,0
SYN00025,249,-10,371,0,8,10,1,1,0
SYN00025,250,-10,371,0,8,10,1,1,0
SYN00025,251,-10,347,1,8,10,1,1,0
SYN00025,252,-10,347,1,8,10,1,1,0
SYN00025,253,-12,336,0,8,10,1,1,0
SYN00025,254,-12,322,1,8,10,1,1,0
SYN00025,255,-12,315,0,8,10,1,1,0
SYN00025,256,-12,315,0,8,10,1,1,0
SYN00025,257,-12,291,1,8,10,1,1,0
SYN00025,258,-12,291,1,8,10,1,1,0
SYN00025,259,-12,275,0,9,10,1,1,0
SYN00025,260,-10,253,1,9,10,1,1,0
SYN00025,261,-12,246,0,9,10,1,1,0
SYN00025,262,-12,227,1,9,10,1,1,0
SYN00025,263,-12,211,0,9,10,1,1,0
SYN00025,264,-12,211,0,9,10,1,1,0
SYN00025,265,-12,202,1,9,11,1,1,0
SYN00025,266,-12,183,0,9,11,1,1,0
SYN00025,267,-12,183,0,9,11,1,1,0
SYN00025,268,-10,164,1,9,11,1,1,0
SYN00025,269,-10,140,0,9,11,1,1,0
SYN00025,270,-10,140,0,9,11,1,1,0
SYN00025,271,-8,125,1,9,11,1,1,0
SYN00025,272,-8,103,0,9,11,1,1,0
SYN00025,273,-8,103,0,9,11,1,1,0
SYN00025,274,-5,96,1,9,11,1,1,0
SYN00025,275,-7,72,0,9,11,1,1,0
SYN00025,276,-7,67,1,9,11,1,1,0
SYN00025,277,-7,67,1,9,11,1,1,0
SYN00025,278,-7,55,0,9,11,1,1,0
SYN00025,279,-7,55,0,9,11,1,1,0
SYN00025,280,-7,39,1,9,11,1,1,0
SYN00025,281,-7,39,1,9,11,1,1,0
SYN00025,282,-7,30,0,9,11,1,1,0
SYN00025,283,-7,30,0,9,11,1,1,0
SYN00025,284,-7,21,1,9,12,1,1,0
SYN00025,285,-9,6,0,9,12,1,1,0
SYN00025,286,-9,0,1,9,12,1,1,0
SYN00025,287,-9,0,1,9,12,1,1,0
SYN00025,288,-9,0,0,9,12,1,1,0
SYN00026,1,0,2880,1,0,0,0,0,1
SYN00026,2,0,2858,1,0,1,0,0,1
SYN00026,3,0,2843,0,0,1,0,0,1
SYN00026,4,0,2843,0,0,1,0,0,1
SYN00026,5,0,2831,1,0,1,0,0,1
SYN00026,6,0,2831,1,0,1,0,0,1
SYN00026,7,0,2814,0,0,1,0,0,1
SYN00026,8,0,2814,0,0,1,0,0,1
SYN00026,9,3,2795,1,0,1,0,0,1
SYN00026,10,3,2773,0,1,1,0,0,1
SYN00026,11,5,2762,1,1,1,0,0,1
SYN00026,12,5,2751,0,1,1,0,0,1
SYN00026,13,5,2736,1,1,1,0,0,1
SYN00026,14,5,2736,1,1,1,0,0,1
SYN00026,15,3,2715,0,1,1,0,0,1
SYN00026,16,5,2706,1,1,1,0,0,1
SYN00026,17,5,2690,0,1,1,0,0,1
SYN00026,18,5,2690,0,1,1,0,0,1
SYN00026,19,5,2685,1,1,1,0,0,1
SYN00026,20,5,2674,0,1,1,0,0,1
SYN00026,21,5,2674,0,1,1,0,0,1
SYN00026,22,5,2660,1,1,1,0,0,1
SYN00026,23,2,2648,0,1,1,0,0,1
SYN00026,24,4,2631,1,1,1,0,0,1
SYN00026,25,4,2614,0,2,1,0,0,1
SYN00026,26,4,2607,1,2,1,0,0,1
SYN00026,27,4,2607,1,2,1,0,0,1
SYN00026,28,4,2588,0,3,1,0,0,1
SYN00026,29,6,2567,1,3,1,0,0,1
SYN00026,30,6,2552,0,3,1,0,0,1
SYN00026,31,6,2552,0,3,1,0,0,1
SYN00026,32,9,2547,1,3,1,0,0,1
SYN00026,33,7,2524,0,3,1,0,0,1
SYN00026,34,7,2519,1,3,2,0,0,1
SYN00026,35,7,2506,0,3,2,0,0,1
SYN00026,36,7,2482,1,3,2,0,0,1
SYN00026,37,7,2482,1,3,2,0,0,1
SYN00026,38,7,2462,0,3,2,0,0,1
SYN00026,39,7,2462,0,3,2,0,0,1
SYN00026,40,7,2438,1,3,3,0,0,1
SYN00026,41,7,2423,0,3,3,0,0,1
SYN00026,42,7,2423,0,3,3,0,0,1
SYN00026,43,7,2399,1,3,4,0,0,1
SYN00026,44,4,2379,0,3,4,0,0,1
SYN00026,45,4,2358,1,3,4,0,0,1
SYN00026,46,4,2358,1,3,4,0,0,1
SYN00026,47,4,2339,0,3,4,0,0,1
SYN00026,48,4,2339,0,3,4,0,0,1
SYN00026,49,4,2316,1,3,4,0,0,1
SYN00026,50,4,2316,1,3,4,0,0,1
SYN00026,51,4,2295,0,3,4,0,0,1
SYN00026,52,4,2295,0,3,4,0,0,1
SYN00026,53,6,2274,1,3,4,0,0,1
SYN00026,54,6,2263,0,4,4,0,0,1
SYN00026,55,8,2258,1,4,4,0,0,1
SYN00026,56,8,2239,0,4,4,0,0,1
SYN00026,57,8,2239,0,4,4,0,0,1
SYN00026,58,8,2226,1,4,4,0,0,1
SYN00026,59,6,2218,0,4,4,0,0,1
SYN00026,60,6,2206,1,4,4,0,0,1
SYN00026,61,6,2206,1,4,4,0,0,1
SYN00026,62,6,2194,0,4,4,0,0,1
SYN00026,63,6,2194,0,4,4,0,0,1
SYN00026,64,6,2185,1,4,4,0,0,1
SYN00026,65,6,2185,1,4,4,0,0,1
SYN00026,66,4,2170,0,4,4,0,0,1
SYN00026,67,4,2160,1,4,4,0,0,1
SYN00026,68,4,2160,1,4,4,0,0,1
SYN00026,69,4,2160,0,4,4,0,0,1
SYN00026,70,4,2160,0,4,4,0,0,1
SYN00026,71,4,2146,0,4,4,0,0,1
SYN00026,72,4,2146,0,4,4,0,0,1
SYN00026,73,4,2139,1,4,4,0,0,1
SYN00026,74,4,2139,1,4,4,0,0,1
SYN00026,75,4,2132,0,4,4,0,0,1
SYN00026,76,4,2132,0,4,4,0,0,1
SYN00026,77,6,2127,1,4,4,0,0,1
SYN00026,78,6,2117,0,4,4,0,0,1
SYN00026,79,6,2117,0,4,4,0,0,1
SYN00026,80,6,2098,1,4,4,0,0,1
SYN00026,81,6,2098,1,4,4,0,0,1
SYN00026,82,6,2089,0,4,4,0,0,1
SYN00026,83,6,2089,0,4,4,0,0,1
SYN00026,84,9,2065,1,4,4,0,0,1
SYN00026,85,9,2048,0,4,4,0,0,1
SYN00026,86,9,2048,0,4,4,0,0,1
SYN00026,87,11,2024,1,4,4,0,0,1
SYN00026,88,11,2009,0,4,4,0,0,1
SYN00026,89,11,2009,0,4,4,0,0,1
SYN00026,90,11,1986,1,4,4,0,0,1
SYN00026,91,11,1975,0,4,4,0,0,1
SYN00026,92,11,1975,0,4,4,0,0,1
SYN00026,93,11,1959,1,4,4,0,0,1
SYN00026,94,11,1959,1,4,4,0,0,1
SYN00026,95,11,1953,0,4,4,0,0,1
SYN00026,96,11,1953,0,4,4,0,0,1
SYN00026,97,11,1944,1,4,5,0,1,1
SYN00026,98,11,1921,0,5,5,1,1,1
SYN00026,99,11,1910,1,5,5,1,1,1
SYN00026,100,11,1910,1,5,5,1,1,1
SYN00026,101,11,1891,0,6,5,1,1,1
SYN00026,102,14,1881,1,6,5,1,1,1
SYN00026,103,14,1858,0,6,5,1,1,1
SYN00026,104,14,1858,0,6,5,1,1,1
SYN00026,105,14,1836,1,6,5,1,1,1
SYN00026,106,14,1836,1,6,5,1,1,1
SYN00026,107,14,1821,0,6,5,1,1,1
SYN00026,108,14,1821,0,6,5,1,1,1
SYN00026,109,16,1803,1,6,5,1,1,1
SYN00026,110,16,1788,0,6,5,1,1,1
SYN00026,111,16,1788,0,6,5,1,1,1
SYN00026,112,16,1771,1,6,5,1,1,1
SYN00026,113,16,1771,1,6,5,1,1,1
SYN00026,114,16,1766,0,6,5,1,1,1
SYN00026,115,16,1766,0,6,5,1,1,1
SYN00026,116,19,1759,1,6,5,1,1,1
SYN00026,117,19,1749,0,7,5,1,1,1
SYN00026,118,19,1744,1,7,5,1,1,1
SYN00026,119,19,1744,1,7,5,1,1,1
SYN00026,120,19,1734,0,7,5,1,1,1
SYN00026,121,19,1734,0,7,5,1,1,1
SYN00026,122,21,1723,1,7,5,1,1,1
SYN00026,123,21,1707,0,7,5,1,1,1
SYN00026,124,21,1707,0,7,5,1,1,1
SYN00026,125,23,1693,1,7,5,1,1,1
SYN00026,126,20,1670,0,7,5,1,1,1
SYN00026,127,20,1652,1,7,5,1,1,1
SYN00026,128,20,1652,1,7,5,1,1,1
SYN00026,129,20,1630,0,7,5,1,1,1
SYN00026,130,20,1630,0,7,5,1,1,1
SYN00026,131,20,1612,1,7,5,1,1,1
SYN00026,132,20,1612,1,7,5,1,1,1
SYN00026,133,20,1607,0,7,5,1,1,1
SYN00026,134,20,1607,0,7,5,1,1,1
SYN00026,135,22,1590,1,7,5,1,1,1
SYN00026,136,19,1576,0,7,5,1,1,1
SYN00026,137,19,1568,1,7,5,1,1,1
SYN00026,138,19,1568,1,7,5,1,1,1
SYN00026,139,19,1563,0,7,5,1,1,1
SYN00026,140,19,1563,0,7,5,1,1,1
SYN00026,141,19,1552,1,7,5,1,1,1
SYN00026,142,19,1552,1,7,5,1,1,1
SYN00026,143,19,1538,0,7,5,1,1,1
SYN00026,144,19,1538,0,7,5,1,1,1
SYN00026,145,19,1532,1,7,5,1,1,1
SYN00026,146,19,1532,1,7,5,1,1,1
SYN00026,147,19,1513,0,7,5,1,1,1
SYN00026,148,19,1497,1,7,5,1,1,1
SYN00026,149,19,1497,1,7,5,1,1,1
SYN00026,150,19,1476,0,7,5,1,1,1
SYN00026,151,19,1476,0,7,5,1,1,1
SYN00026,152,19,1455,1,7,5,1,1,1
SYN00026,153,19,1455,1,7,5,1,1,1
SYN00026,154,19,1443,0,7,5,1,1,1
SYN00026,155,19,1443,0,7,5,1,1,1
SYN00026,156,22,1440,1,7,5,1,1,1
SYN00026,157,22,1440,0,7,5,1,1,1
SYN00026,158,22,1440,0,7,5,1,1,1
SYN00026,159,22,1431,0,7,5,1,1,1
SYN00026,160,24,1421,1,7,5,1,1,1
SYN00026,161,24,1407,0,7,5,1,1,1
SYN00026,162,24,1407,0,7,5,1,1,1
SYN00026,163,26,1394,1,7,5,1,1,1
SYN00026,164,26,1371,0,7,5,1,1,1
SYN00026,165,26,1371,0,7,5,1,1,1
SYN00026,166,29,1366,1,7,5,1,1,1
SYN00026,167,29,1346,0,7,5,1,1,1
SYN00026,168,29,1346,0,7,5,1,1,1
SYN00026,169,29,1323,1,7,5,1,1,1
SYN00026,170,27,1301,0,7,5,1,1,1
SYN00026,171,27,1287,1,7,5,1,1,1
SYN00026,172,27,1287,1,7,5,1,1,1
SYN00026,173,25,1274,0,7,5,1,1,1
SYN00026,174,25,1256,1,7,5,1,1,1
SYN00026,175,25,1256,1,7,5,1,1,1
SYN00026,176,23,1241,0,7,5,1,1,1
SYN00026,177,23,1219,1,7,5,1,1,1
SYN00026,178,23,1219,1,7,5,1,1,1
SYN00026,179,23,1206,0,7,5,1,1,1
SYN00026,180,23,1186,1,7,5,1,1,1
SYN00026,181,23,1186,1,7,5,1,1,1
SYN00026,182,23,1175,0,8,5,1,1,1
SYN00026,183,23,1159,1,8,6,1,1,1
SYN00026,184,23,1138,0,8,6,1,1,1
SYN00026,185,23,1116,1,8,6,1,1,1
SYN00026,186,23,1116,1,8,6,1,1,1
SYN00026,187,23,1097,0,8,6,1,1,1
SYN00026,188,23,1097,0,8,6,1,1,1
SYN00026,189,25,1077,1,8,6,1,1,1
SYN00026,190,22,1059,0,8,6,1,1,1
SYN00026,191,24,1049,1,8,6,1,1,1
SYN00026,192,24,1027,0,9,6,1,1,1
SYN00026,193,24,1017,1,9,6,1,1,1
SYN00026,194,24,1017,1,9,6,1,1,1
SYN00026,195,24,1007,0,9,6,1,1,1
SYN00026,196,24,987,1,9,6,1,1,1
SYN00026,197,24,964,0,9,6,1,1,1
SYN00026,198,26,958,1,9,6,1,1,1
SYN00026,199,26,943,0,10,6,1,1,1
SYN00026,200,28,933,1,10,6,1,1,1
SYN00026,201,26,910,0,10,6,1,1,1
SYN00026,202,26,897,1,10,7,1,1,1
SYN00026,203,26,883,0,10,7,1,1,1
SYN00026,204,26,883,0,10,7,1,1,1
SYN00026,205,28,864,1,10,7,1,1,1
SYN00026,206,26,858,0,10,7,1,1,1
SYN00026,207,26,843,1,10,8,1,1,1
SYN00026,208,26,834,0,10,8,1,1,1
SYN00026,209,26,834,0,10,8,1,1,1
SYN00026,210,28,811,1,10,8,1,1,1
SYN00026,211,26,796,0,10,8,1,1,1
SYN00026,212,28,783,1,10,8,1,1,1
SYN00026,213,26,769,0,10,8,1,1,1
SYN00026,214,26,747,1,10,8,1,1,1
SYN00026,215,26,747,1,10,8,1,1,1
SYN00026,216,26,728,0,10,8,1,1,1
SYN00026,217,26,728,0,10,8,1,1,1
SYN00026,218,26,720,1,10,8,1,1,1
SYN00026,219,26,720,1,10,8,1,1,1
SYN00026,220,26,720,0,10,8,1,1,1
SYN00026,221,26,720,0,10,8,1,1,1
SYN00026,222,23,712,0,10,8,1,1,1
SYN00026,223,23,705,1,10,8,1,1,1
SYN00026,224,23,705,1,10,8,1,1,1
SYN00026,225,20,697,0,10,8,1,1,1
SYN00026,226,20,689,1,10,8,1,1,1
SYN00026,227,20,689,1,10,8,1,1,1
SYN00026,228,20,674,0,10,8,1,1,1
SYN00026,229,20,674,0,10,8,1,1,1
SYN00026,230,22,661,1,10,8,1,1,1
SYN00026,231,20,638,0,10,8,1,1,1
SYN00026,232,22,618,1,10,8,1,1,1
SYN00026,233,20,595,0,10,8,1,1,1
SYN00026,234,22,587,1,10,8,1,1,1
SYN00026,235,22,564,0,10,8,1,1,1
SYN00026,236,22,564,0,10,8,1,1,1
SYN00026,237,22,543,1,10,9,1,1,1
SYN00026,238,22,529,0,10,9,1,1,1
SYN00026,239,22,529,0,10,9,1,1,1
SYN00026,240,24,515,1,10,9,1,1,1
SYN00026,241,24,502,0,10,9,1,1,1
SYN00026,242,24,479,1,10,9,1,1,1
SYN00026,243,24,461,0,11,9,1,1,1
SYN00026,244,26,447,1,11,9,1,1,1
SYN00026,245,26,440,0,11,9,1,1,1
SYN00026,246,26,440,0,11,9,1,1,1
SYN00026,247,26,420,1,11,9,1,1,1
SYN00026,248,24,403,0,11,9,1,1,1
SYN00026,249,24,397,1,11,10,1,1,1
SYN00026,250,24,376,0,11,10,1,1,1
SYN00026,251,24,376,0,11,10,1,1,1
SYN00026,252,24,355,1,11,10,1,1,1
SYN00026,253,24,355,1,11,10,1,1,1
SYN00026,254,24,341,0,11,10,1,1,1
SYN00026,255,27,335,1,11,10,1,1,1
SYN00026,256,25,323,0,11,10,1,1,1
SYN00026,257,25,303,1,11,10,1,1,1
SYN00026,258,25,303,1,11,10,1,1,1
SYN00026,259,23,294,0,11,10,1,1,1
SYN00026,260,23,270,1,11,10,1,1,1
SYN00026,261,23,270,1,11,10,1,1,1
SYN00026,262,23,258,0,12,10,1,1,1
SYN00026,263,23,249,1,12,11,1,1,1
SYN00026,264,23,240,0,13,11,1,1,1
SYN00026,265,23,216,1,13,11,1,1,1
SYN00026,266,23,216,1,13,11,1,1,1
SYN00026,267,23,193,0,13,11,1,1,1
SYN00026,268,23,193,0,13,11,1,1,1
SYN00026,269,25,179,1,13,11,1,1,1
SYN00026,270,25,165,0,13,11,1,1,1
SYN00026,271,25,165,0,13,11,1,1,1
SYN00026,272,25,150,1,13,11,1,1,1
SYN00026,273,25,150,1,13,11,1,1,1
SYN00026,274,23,128,0,13,11,1,1,1
SYN00026,275,23,109,1,13,11,1,1,1
SYN00026,276,23,104,0,13,11,1,1,1
SYN00026,277,25,84,1,13,11,1,1,1
SYN00026,278,22,70,0,13,11,1,1,1
SYN00026,279,22,50,1,13,11,1,1,1
SYN00026,280,22,50,1,13,11,1,1,1
SYN00026,281,22,43,0,13,11,1,1,1
SYN00026,282,22,43,0,13,11,1,1,1
SYN00026,283,22,25,1,13,11,1,1,1
SYN00026,284,22,25,1,13,11,1,1,1
SYN00026,285,20,19,0,13,11,1,1,1
SYN00026,286,20,2,1,13,12,1,1,1
SYN00026,287,18,0,0,13,12,1,1,1
SYN00026,288,18,0,1,13,12,1,1,1
SYN00027,1,0,2880,1,0,0,0,0,0
SYN00027,2,0,2857,1,0,0,0,0,0
SYN00027,3,0,2857,1,0,0,0,0,0
SYN00027,4,0,2840,0,0,0,0,0,0
SYN00027,5,0,2840,0,0,0,0,0,0
SYN00027,6,2,2825,1,0,0,0,0,0
SYN00027,7,2,2811,0,0,0,0,0,0
SYN00027,8,2,2811,0,0,0,0,0,0
SYN00027,9,4,2788,1,0,0,0,0,0
SYN00027,10,4,2783,0,1,0,0,0,0
SYN00027,11,4,2759,1,1,0,0,0,0
SYN00027,12,4,2759,1,1,0,0,0,0
SYN00027,13,2,2747,0,1,0,0,0,0
SYN00027,14,2,2725,1,1,0,0,0,0
SYN00027,15,2,2725,1,1,0,0,0,0
SYN00027,16,2,2714,0,1,0,0,0,0
SYN00027,17,2,2714,0,1,0,0,0,0
SYN00027,18,2,2708,1,1,0,0,0,0
SYN00027,19,2,2708,1,1,0,0,0,0
SYN00027,20,2,2698,0,2,0,0,0,0
SYN00027,21,4,2689,1,2,0,0,0,0
SYN00027,22,4,2684,0,2,0,0,0,0
SYN00027,23,4,2684,0,2,0,0,0,0
SYN00027,24,4,2662,1,2,0,0,0,0
SYN00027,25,4,2662,1,2,0,0,0,0
SYN00027,26,2,2652,0,2,0,0,0,0
SYN00027,27,2,2639,1,2,0,0,0,0
SYN00027,28,0,2622,0,2,0,0,0,0
SYN00027,29,2,2608,1,2,0,0,0,0
SYN00027,30,2,2585,0,2,0,0,0,0
SYN00027,31,2,2585,0,2,0,0,0,0
SYN00027,32,4,2566,1,2,0,0,0,0
SYN00027,33,2,2558,0,2,0,0,0,0
SYN00027,34,2,2542,1,2,0,0,0,0
SYN00027,35,2,2518,0,2,0,0,0,0
SYN00027,36,2,2518,0,2,0,0,0,0
SYN00027,37,2,2505,1,2,0,0,0,0
SYN00027,38,2,2505,1,2,0,0,0,0
SYN00027,39,0,2497,0,2,0,0,0,0
SYN00027,40,2,2474,1,2,0,0,0,0
SYN00027,41,0,2453,0,2,0,0,0,0
SYN00027,42,2,2441,1,2,0,0,0,0
SYN00027,43,2,2426,0,2,0,0,0,0
SYN00027,44,2,2426,0,2,0,0,0,0
SYN00027,45,2,2406,1,2,1,0,0,0
SYN00027,46,-1,2383,0,2,1,0,0,0
SYN00027,47,1,2363,1,2,1,0,0,0
SYN00027,48,1,2342,0,2,1,0,0,0
SYN00027,49,1,2342,0,2,1,0,0,0
SYN00027,50,1,2336,1,2,1,0,0,0
SYN00027,51,-1,2329,0,2,1,0,0,0
SYN00027,52,-1,2306,1,2,1,0,0,0
SYN00027,53,-1,2306,1,2,1,0,0,0
SYN00027,54,-3,2284,0,2,1,0,0,0
SYN00027,55,-3,2277,1,2,2,0,0,0
SYN00027,56,-3,2256,0,2,2,0,0,0
SYN00027,57,-3,2256,0,2,2,0,0,0
SYN00027,58,-1,2243,1,2,2,0,0,0
SYN00027,59,-1,2225,0,2,2,0,0,0
SYN00027,60,-1,2225,0,2,2,0,0,0
SYN00027,61,-1,2213,1,2,2,0,0,0
SYN00027,62,-1,2213,1,2,2,0,0,0
SYN00027,63,-1,2201,0,2,2,0,0,0
SYN00027,64,-1,2201,0,2,2,0,0,0
SYN00027,65,1,2195,1,2,2,0,0,0
SYN00027,66,1,2185,0,2,2,0,0,0
SYN00027,67,1,2185,0,2,2,0,0,0
SYN00027,68,1,2162,1,2,2,0,0,0
SYN00027,69,1,2162,1,2,2,0,0,0
SYN00027,70,1,2160,0,2,2,0,0,0
SYN00027,71,1,2160,0,2,2,0,0,0
SYN00027,72,1,2160,1,2,2,0,0,0
SYN00027,73,1,2160,1,2,2,0,0,0
SYN00027,74,1,2143,1,2,2,0,0,0
SYN00027,75,1,2143,1,2,2,0,0,0
SYN00027,76,-1,2120,0,2,2,0,0,0
SYN00027,77,-1,2100,1,2,3,0,0,0
SYN00027,78,-1,2092,0,2,3,0,0,0
SYN00027,79,-1,2092,0,2,3,0,0,0
SYN00027,80,-1,2073,1,2,3,0,0,0
SYN00027,81,-1,2073,1,2,3,0,0,0
SYN00027,82,-1,2067,0,2,3,0,0,0
SYN00027,83,-1,2056,1,2,4,0,0,0
SYN00027,84,-1,2038,0,2,4,0,0,0
SYN00027,85,-1,2038,0,2,4,0,0,0
SYN00027,86,-1,2021,1,2,4,0,0,0
SYN00027,87,-1,2021,1,2,4,0,0,0
SYN00027,88,-1,2004,0,2,4,0,0,0
SYN00027,89,-1,2004,0,2,4,0,0,0
SYN00027,90,1,1985,1,2,4,0,0,0
SYN00027,91,-1,1967,0,2,4,0,0,0
SYN00027,92,1,1953,1,2,4,0,0,0
SYN00027,93,1,1948,0,2,4,0,0,0
SYN00027,94,1,1948,0,2,4,0,0,0
SYN00027,95,3,1943,1,2,4,0,0,0
SYN00027,96,3,1936,0,3,4,0,0,0
SYN00027,97,3,1919,1,3,4,0,0,0
SYN00027,98,3,1919,1,3,4,0,0,0
SYN00027,99,3,1899,0,3,4,0,0,0
SYN00027,100,3,1899,0,3,4,0,0,0
SYN00027,101,3,1894,1,3,4,0,0,0
SYN00027,102,3,1894,1,3,4,0,0,0
SYN00027,103,3,1872,0,4,4,0,0,0
SYN00027,104,5,1863,1,4,4,0,0,0
SYN00027,105,3,1843,0,4,4,0,0,0
SYN00027,106,5,1835,1,4,4,0,0,0
SYN00027,107,3,1824,0,4,4,0,0,0
SYN00027,108,5,1804,1,4,4,0,0,0
SYN00027,109,2,1785,0,4,4,0,0,0
SYN00027,110,2,1776,1,4,5,0,1,0
SYN00027,111,0,1757,0,4,5,0,1,0
SYN00027,112,0,1751,1,4,5,0,1,0
SYN00027,113,0,1735,0,5,5,1,1,0
SYN00027,114,0,1727,1,5,5,1,1,0
SYN00027,115,0,1727,1,5,5,1,1,0
SYN00027,116,0,1709,0,6,5,1,1,0
SYN00027,117,0,1704,1,6,5,1,1,0
SYN00027,118,0,1704,1,6,5,1,1,0
SYN00027,119,0,1692,0,6,5,1,1,0
SYN00027,120,0,1692,0,6,5,1,1,0
SYN00027,121,0,1674,1,6,5,1,1,0
SYN00027,122,0,1674,1,6,5,1,1,0
SYN00027,123,0,1663,0,6,5,1,1,0
SYN00027,124,0,1663,0,6,5,1,1,0
SYN00027,125,2,1646,1,6,5,1,1,0
SYN00027,126,-1,1625,0,6,5,1,1,0
SYN00027,127,2,1615,1,6,5,1,1,0
SYN00027,128,2,1600,0,6,5,1,1,0
SYN00027,129,2,1600,0,6,5,1,1,0
SYN00027,130,2,1580,1,6,5,1,1,0
SYN00027,131,2,1580,1,6,5,1,1,0
SYN00027,132,0,1562,0,6,5,1,1,0
SYN00027,133,0,1547,1,6,5,1,1,0
SYN00027,134,0,1547,1,6,5,1,1,0
SYN00027,135,-2,1526,0,6,5,1,1,0
SYN00027,136,-2,1502,1,6,5,1,1,0
SYN00027,137,-2,1502,1,6,5,1,1,0
SYN00027,138,-4,1479,0,6,5,1,1,0
SYN00027,139,-4,1466,1,6,5,1,1,0
SYN00027,140,-4,1466,1,6,5,1,1,0
SYN00027,141,-4,1443,0,7,5,1,1,0
SYN00027,142,-2,1440,1,7,5,1,1,0
SYN00027,143,-2,1440,0,7,5,1,1,0
SYN00027,144,-2,1440,0,7,5,1,1,0
SYN00027,145,-2,1422,0,7,5,1,1,0
SYN00027,146,-2,1422,0,7,5,1,1,0
SYN00027,147,0,1415,1,7,5,1,1,0
SYN00027,148,-2,1410,0,7,5,1,1,0
SYN00027,149,-2,1386,1,7,5,1,1,0
SYN00027,150,-2,1386,1,7,5,1,1,0
SYN00027,151,-2,1378,0,7,5,1,1,0
SYN00027,152,-2,1354,1,7,5,1,1,0
SYN00027,153,-2,1354,1,7,5,1,1,0
SYN00027,154,-4,1348,0,7,5,1,1,0
SYN00027,155,-4,1328,1,7,5,1,1,0
SYN00027,156,-4,1328,1,7,5,1,1,0
SYN00027,157,-4,1305,0,7,5,1,1,0
SYN00027,158,-4,1305,0,7,5,1,1,0
SYN00027,159,-4,1286,1,7,6,1,1,0
SYN00027,160,-4,1269,0,7,6,1,1,0
SYN00027,161,-4,1251,1,7,6,1,1,0
SYN00027,162,-4,1251,1,7,6,1,1,0
SYN00027,163,-4,1230,0,7,6,1,1,0
SYN00027,164,-4,1230,0,7,6,1,1,0
SYN00027,165,-4,1224,1,7,6,1,1,0
SYN00027,166,-4,1224,1,7,6,1,1,0
SYN00027,167,-4,1202,0,7,6,1,1,0
SYN00027,168,-4,1202,0,7,6,1,1,0
SYN00027,169,-4,1197,1,7,6,1,1,0
SYN00027,170,-4,1197,1,7,6,1,1,0
SYN00027,171,-4,1188,0,8,6,1,1,0
SYN00027,172,-4,1175,1,8,6,1,1,0
SYN00027,173,-4,1175,1,8,6,1,1,0
SYN00027,174,-4,1166,0,8,6,1,1,0
SYN00027,175,-4,1166,0,8,6,1,1,0
SYN00027,176,-4,1148,1,8,6,1,1,0
SYN00027,177,-7,1125,0,8,6,1,1,0
SYN00027,178,-7,1110,1,8,6,1,1,0
SYN00027,179,-7,1110,1,8,6,1,1,0
SYN00027,180,-7,1100,0,8,6,1,1,0
SYN00027,181,-7,1100,0,8,6,1,1,0
SYN00027,182,-5,1088,1,8,6,1,1,0
SYN00027,183,-7,1082,0,8,6,1,1,0
SYN00027,184,-5,1062,1,8,6,1,1,0
SYN00027,185,-5,1057,0,8,6,1,1,0
SYN00027,186,-5,1057,0,8,6,1,1,0
SYN00027,187,-5,1046,1,8,7,1,1,0
SYN00027,188,-5,1031,0,9,7,1,1,0
SYN00027,189,-5,1008,1,9,7,1,1,0
SYN00027,190,-5,1008,1,9,7,1,1,0
SYN00027,191,-7,993,0,9,7,1,1,0
SYN00027,192,-7,974,1,9,7,1,1,0
SYN00027,193,-7,974,1,9,7,1,1,0
SYN00027,194,-9,968,0,9,7,1,1,0
SYN00027,195,-9,955,1,9,7,1,1,0
SYN00027,196,-9,955,1,9,7,1,1,0
SYN00027,197,-11,944,0,9,7,1,1,0
SYN00027,198,-11,928,1,9,7,1,1,0
SYN00027,199,-11,928,1,9,7,1,1,0
SYN00027,200,-11,906,0,9,7,1,1,0
SYN00027,201,-11,906,0,9,7,1,1,0
SYN00027,202,-11,887,1,9,7,1,1,0
SYN00027,203,-13,867,0,9,7,1,1,0
SYN00027,204,-11,858,1,9,7,1,1,0
SYN00027,205,-11,846,0,9,7,1,1,0
SYN00027,206,-11,846,0,9,7,1,1,0
SYN00027,207,-9,823,1,9,7,1,1,0
SYN00027,208,-9,806,0,9,7,1,1,0
SYN00027,209,-9,806,0,9,7,1,1,0
SYN00027,210,-7,784,1,9,7,1,1,0
SYN00027,211,-7,761,0,9,7,1,1,0
SYN00027,212,-7,761,0,9,7,1,1,0
SYN00027,213,-5,752,1,9,7,1,1,0
SYN00027,214,-5,733,0,9,7,1,1,0
SYN00027,215,-5,733,0,9,7,1,1,0
SYN00027,216,-5,720,1,9,7,1,1,0
SYN00027,217,-5,720,0,9,7,1,1,0
SYN00027,218,-5,720,0,9,7,1,1,0
SYN00027,219,-7,696,0,9,7,1,1,0
SYN00027,220,-7,684,1,9,7,1,1,0
SYN00027,221,-7,684,1,9,7,1,1,0
SYN00027,222,-7,674,0,9,7,1,1,0
SYN00027,223,-7,674,0,9,7,1,1,0
SYN00027,224,-5,652,1,9,7,1,1,0
SYN00027,225,-7,639,0,9,7,1,1,0
SYN00027,226,-7,620,1,9,7,1,1,0
SYN00027,227,-7,602,0,9,7,1,1,0
SYN00027,228,-7,602,0,9,7,1,1,0
SYN00027,229,-7,582,1,9,7,1,1,0
SYN00027,230,-7,582,1,9,7,1,1,0
SYN00027,231,-7,560,0,9,7,1,1,0
SYN00027,232,-7,560,0,9,7,1,1,0
SYN00027,233,-7,553,1,9,7,1,1,0
SYN00027,234,-9,542,0,9,7,1,1,0
SYN00027,235,-9,535,1,9,7,1,1,0
SYN00027,236,-9,535,1,9,7,1,1,0
SYN00027,237,-9,524,0,10,7,1,1,0
SYN00027,238,-7,505,1,10,7,1,1,0
SYN00027,239,-7,481,0,10,7,1,1,0
SYN00027,240,-7,481,0,10,7,1,1,0
SYN00027,241,-7,465,1,10,7,1,1,0
SYN00027,242,-7,465,1,10,7,1,1,0
SYN00027,243,-7,456,0,10,7,1,1,0
SYN00027,244,-7,456,0,10,7,1,1,0
SYN00027,245,-7,449,1,10,7,1,1,0
SYN00027,246,-7,449,1,10,7,1,1,0
SYN00027,247,-9,432,0,10,7,1,1,0
SYN00027,248,-6,426,1,10,7,1,1,0
SYN00027,249,-8,405,0,10,7,1,1,0
SYN00027,250,-8,385,1,10,7,1,1,0
SYN00027,251,-8,385,1,10,7,1,1,0
SYN00027,252,-10,366,0,10,7,1,1,0
SYN00027,253,-8,342,1,10,7,1,1,0
SYN00027,254,-10,323,0,10,7,1,1,0
SYN00027,255,-10,303,1,10,7,1,1,0
SYN00027,256,-10,303,1,10,7,1,1,0
SYN00027,257,-10,289,0,10,7,1,1,0
SYN00027,258,-10,289,0,10,7,1,1,0
SYN00027,259,-10,282,1,10,7,1,1,0
SYN00027,260,-10,282,1,10,7,1,1,0
SYN00027,261,-10,266,0,10,7,1,1,0
SYN00027,262,-10,266,0,10,7,1,1,0
SYN00027,263,-10,249,1,10,7,1,1,0
SYN00027,264,-10,249,1,10,7,1,1,0
SYN00027,265,-10,242,0,10,7,1,1,0
SYN00027,266,-10,242,0,10,7,1,1,0
SYN00027,267,-10,228,1,10,8,1,1,0
SYN00027,268,-10,206,0,11,8,1,1,0
SYN00027,269,-10,190,1,11,8,1,1,0
SYN00027,270,-10,190,1,11,8,1,1,0
SYN00027,271,-10,184,0,12,8,1,1,0
SYN00027,272,-8,164,1,12,8,1,1,0
SYN00027,273,-11,145,0,12,8,1,1,0
SYN00027,274,-9,137,1,12,8,1,1,0
SYN00027,275,-11,113,0,12,8,1,1,0
SYN00027,276,-11,97,1,12,8,1,1,0
SYN00027,277,-11,97,1,12,8,1,1,0
SYN00027,278,-11,80,0,12,8,1,1,0
SYN00027,279,-11,80,0,12,8,1,1,0
SYN00027,280,-11,74,1,12,8,1,1,0
SYN00027,281,-11,74,1,12,8,1,1,0
SYN00027,282,-14,64,0,12,8,1,1,0
SYN00027,283,-14,50,1,12,8,1,1,0
SYN00027,284,-14,50,1,12,8,1,1,0
SYN00027,285,-16,30,0,12,8,1,1,0
SYN00027,286,-16,9,1,12,8,1,1,0
SYN00027,287,-16,9,1,12,8,1,1,0
SYN00027,288,-16,0,0,13,8,1,1,0
SYN00027,289,-16,0,1,13,8,1,1,0
SYN00028,1,0,2880,1,0,0,0,0,0
SYN00028,2,0,2869,1,0,1,0,0,0
SYN00028,3,-3,2861,0,0,1,0,0,0
SYN00028,4,-3,2851,1,0,1,0,0,0
SYN00028,5,-3,2851,1,0,1,0,0,0
SYN00028,6,-3,2831,0,1,1,0,0,0
SYN00028,7,-1,2826,1,1,1,0,0,0
SYN00028,8,-1,2815,0,1,1,0,0,0
SYN00028,9,-1,2806,1,1,2,0,0,0
SYN00028,10,-1,2791,0,1,2,0,0,0
SYN00028,11,-1,2791,0,1,2,0,0,0
SYN00028,12,1,2770,1,1,2,0,0,0
SYN00028,13,1,2764,0,1,2,0,0,0
SYN00028,14,1,2764,0,1,2,0,0,0
SYN00028,15,3,2756,1,1,2,0,0,0
SYN00028,16,3,2739,0,1,2,0,0,0
SYN00028,17,5,2727,1,1,2,0,0,0
SYN00028,18,5,2706,0,1,2,0,0,0
SYN00028,19,5,2706,0,1,2,0,0,0
SYN00028,20,5,2687,1,1,2,0,0,0
SYN00028,21,2,2675,0,1,2,0,0,0
SYN00028,22,2,2659,1,1,2,0,0,0
SYN00028,23,2,2659,1,1,2,0,0,0
SYN00028,24,0,2640,0,1,2,0,0,0
SYN00028,25,0,2620,1,1,2,0,0,0
SYN00028,26,0,2620,1,1,2,0,0,0
SYN00028,27,-3,2612,0,1,2,0,0,0
SYN00028,28,-3,2600,1,1,2,0,0,0
SYN00028,29,-3,2600,1,1,2,0,0,0
SYN00028,30,-5,2585,0,1,2,0,0,0
SYN00028,31,-5,2571,1,1,2,0,0,0
SYN00028,32,-5,2571,1,1,2,0,0,0
SYN00028,33,-8,2555,0,1,2,0,0,0
SYN00028,34,-8,2546,1,1,3,0,0,0
SYN00028,35,-10,2528,0,1,3,0,0,0
SYN00028,36,-8,2508,1,1,3,0,0,0
SYN00028,37,-10,2490,0,1,3,0,0,0
SYN00028,38,-10,2477,1,1,3,0,0,0
SYN00028,39,-10,2477,1,1,3,0,0,0
SYN00028,40,-10,2459,0,1,3,0,0,0
SYN00028,41,-10,2459,0,1,3,0,0,0
SYN00028,42,-10,2451,1,1,3,0,0,0
SYN00028,43,-10,2428,0,1,3,0,0,0
SYN00028,44,-10,2428,0,1,3,0,0,0
SYN00028,45,-8,2408,1,1,3,0,0,0
SYN00028,46,-11,2387,0,1,3,0,0,0
SYN00028,47,-8,2381,1,1,3,0,0,0
SYN00028,48,-8,2373,0,1,3,0,0,0
SYN00028,49,-8,2373,0,1,3,0,0,0
SYN00028,50,-6,2350,1,1,3,0,0,0
SYN00028,51,-6,2345,0,1,3,0,0,0
SYN00028,52,-6,2345,0,1,3,0,0,0
SYN00028,53,-6,2322,1,1,4,0,0,0
SYN00028,54,-8,2304,0,1,4,0,0,0
SYN00028,55,-5,2285,1,1,4,0,0,0
SYN00028,56,-5,2278,0,1,4,0,0,0
SYN00028,57,-5,2278,0,1,4,0,0,0
SYN00028,58,-5,2256,1,1,4,0,0,0
SYN00028,59,-5,2256,1,1,4,0,0,0
SYN00028,60,-5,2232,0,2,4,0,0,0
SYN00028,61,-5,2223,1,2,4,0,0,0
SYN00028,62,-5,2223,1,2,4,0,0,0
SYN00028,63,-5,2218,0,2,4,0,0,0
SYN00028,64,-5,2218,0,2,4,0,0,0
SYN00028,65,-5,2206,1,2,4,0,0,0
SYN00028,66,-5,2206,1,2,4,0,0,0
SYN00028,67,-5,2193,0,3,4,0,0,0
SYN00028,68,-5,2177,1,3,4,0,0,0
SYN00028,69,-5,2177,1,3,4,0,0,0
SYN00028,70,-5,2160,0,3,4,0,0,0
SYN00028,71,-5,2160,0,3,4,0,0,0
SYN00028,72,-5,2160,1,3,4,0,0,0
SYN00028,73,-5,2160,1,3,4,0,0,0
SYN00028,74,-5,2153,1,3,4,0,0,0
SYN00028,75,-5,2153,1,3,4,0,0,0
SYN00028,76,-5,2146,0,3,4,0,0,0
SYN00028,77,-5,2146,0,3,4,0,0,0
SYN00028,78,-3,2129,1,3,4,0,0,0
SYN00028,79,-3,2106,0,3,4,0,0,0
SYN00028,80,-3,2106,0,3,4,0,0,0
SYN00028,81,-3,2097,1,3,4,0,0,0
SYN00028,82,-5,2078,0,3,4,0,0,0
SYN00028,83,-5,2062,1,3,4,0,0,0
SYN00028,84,-5,2062,1,3,4,0,0,0
SYN00028,85,-7,2048,0,3,4,0,0,0
SYN00028,86,-7,2033,1,3,4,0,0,0
SYN00028,87,-7,2033,1,3,4,0,0,0
SYN00028,88,-7,2017,0,3,4,0,0,0
SYN00028,89,-7,1993,1,3,4,0,0,0
SYN00028,90,-7,1973,0,3,4,0,0,0
SYN00028,91,-7,1973,0,3,4,0,0,0
SYN00028,92,-5,1966,1,3,4,0,0,0
SYN00028,93,-5,1958,0,3,4,0,0,0
SYN00028,94,-5,1939,1,3,4,0,0,0
SYN00028,95,-5,1939,1,3,4,0,0,0
SYN00028,96,-8,1933,0,3,4,0,0,0
SYN00028,97,-8,1909,1,3,4,0,0,0
SYN00028,98,-8,1909,1,3,4,0,0,0
SYN00028,99,-10,1895,0,3,4,0,0,0
SYN00028,100,-10,1889,1,3,4,0,0,0
SYN00028,101,-10,1889,1,3,4,0,0,0
SYN00028,102,-10,1875,0,4,4,0,0,0
SYN00028,103,-10,1862,1,4,4,0,0,0
SYN00028,104,-10,1862,1,4,4,0,0,0
SYN00028,105,-13,1851,0,4,4,0,0,0
SYN00028,106,-13,1830,1,4,5,0,1,0
SYN00028,107,-13,1810,0,4,5,0,1,0
SYN00028,108,-13,1803,1,4,5,0,1,0
SYN00028,109,-13,1803,1,4,5,0,1,0
SYN00028,110,-13,1786,0,5,5,1,1,0
SYN00028,111,-13,1771,1,5,5,1,1,0
SYN00028,112,-13,1771,1,5,5,1,1,0
SYN00028,113,-15,1752,0,5,5,1,1,0
SYN00028,114,-15,1728,1,5,5,1,1,0
SYN00028,115,-15,1728,1,5,5,1,1,0
SYN00028,116,-17,1704,0,5,5,1,1,0
SYN00028,117,-17,1692,1,5,5,1,1,0
SYN00028,118,-17,1692,1,5,5,1,1,0
SYN00028,119,-20,1686,0,5,5,1,1,0
SYN00028,120,-20,1680,1,5,5,1,1,0
SYN00028,121,-23,1671,0,5,5,1,1,0
SYN00028,122,-23,1654,1,5,5,1,1,0
SYN00028,123,-23,1654,1,5,5,1,1,0
SYN00028,124,-23,1648,0,5,5,1,1,0
SYN00028,125,-23,1648,0,5,5,1,1,0
SYN00028,126,-23,1636,1,5,6,1,1,0
SYN00028,127,-26,1617,0,5,6,1,1,0
SYN00028,128,-24,1606,1,5,6,1,1,0
SYN00028,129,-24,1600,0,5,6,1,1,0
SYN00028,130,-24,1600,0,5,6,1,1,0
SYN00028,131,-24,1588,1,5,6,1,1,0
SYN00028,132,-24,1588,1,5,6,1,1,0
SYN00028,133,-26,1578,0,5,6,1,1,0
SYN00028,134,-24,1557,1,5,6,1,1,0
SYN00028,135,-24,1548,0,6,6,1,1,0
SYN00028,136,-24,1535,1,6,6,1,1,0
SYN00028,137,-24,1535,1,6,6,1,1,0
SYN00028,138,-26,1513,0,6,6,1,1,0
SYN00028,139,-23,1492,1,6,6,1,1,0
SYN00028,140,-25,1486,0,6,6,1,1,0
SYN00028,141,-25,1463,1,6,6,1,1,0
SYN00028,142,-27,1442,0,6,6,1,1,0
SYN00028,143,-25,1440,1,6,6,1,1,0
SYN00028,144,-25,1440,0,6,6,1,1,0
SYN00028,145,-25,1440,0,6,6,1,1,0
SYN00028,146,-27,1431,0,6,6,1,1,0
SYN00028,147,-27,1407,1,6,6,1,1,0
SYN00028,148,-27,1407,1,6,6,1,1,0
SYN00028,149,-29,1392,0,6,6,1,1,0
SYN00028,150,-27,1385,1,6,6,1,1,0
SYN00028,151,-27,1373,0,6,6,1,1,0
SYN00028,152,-27,1373,0,6,6,1,1,0
SYN00028,153,-27,1357,1,6,6,1,1,0
SYN00028,154,-29,1352,0,6,6,1,1,0
SYN00028,155,-29,1332,1,6,6,1,1,0
SYN00028,156,-29,1332,1,6,6,1,1,0
SYN00028,157,-31,1314,0,6,6,1,1,0
SYN00028,158,-31,1303,1,6,6,1,1,0
SYN00028,159,-31,1303,1,6,6,1,1,0
SYN00028,160,-34,1293,0,6,6,1,1,0
SYN00028,161,-31,1279,1,6,6,1,1,0
SYN00028,162,-31,1263,0,7,6,1,1,0
SYN00028,163,-31,1241,1,7,7,1,1,0
SYN00028,164,-31,1232,0,7,7,1,1,0
SYN00028,165,-29,1208,1,7,7,1,1,0
SYN00028,166,-29,1186,0,7,7,1,1,0
SYN00028,167,-29,1186,0,7,7,1,1,0
SYN00028,168,-29,1164,1,7,7,1,1,0
SYN00028,169,-29,1164,1,7,7,1,1,0
SYN00028,170,-29,1159,0,7,7,1,1,0
SYN00028,171,-29,1159,0,7,7,1,1,0
SYN00028,172,-29,1143,1,7,7,1,1,0
SYN00028,173,-29,1143,1,7,7,1,1,0
SYN00028,174,-31,1125,0,7,7,1,1,0
SYN00028,175,-31,1104,1,7,8,1,1,0
SYN00028,176,-31,1099,0,7,8,1,1,0
SYN00028,177,-31,1099,0,7,8,1,1,0
SYN00028,178,-31,1090,1,7,8,1,1,0
SYN00028,179,-31,1090,1,7,8,1,1,0
SYN00028,180,-31,1076,0,8,8,1,1,0
SYN00028,181,-31,1071,1,8,8,1,1,0
SYN00028,182,-31,1071,1,8,8,1,1,0
SYN00028,183,-31,1058,0,8,8,1,1,0
SYN00028,184,-31,1034,1,8,8,1,1,0
SYN00028,185,-31,1034,1,8,8,1,1,0
SYN00028,186,-33,1014,0,8,8,1,1,0
SYN00028,187,-31,994,1,8,8,1,1,0
SYN00028,188,-33,971,0,8,8,1,1,0
SYN00028,189,-33,956,1,8,8,1,1,0
SYN00028,190,-33,956,1,8,8,1,1,0
SYN00028,191,-33,934,0,8,8,1,1,0
SYN00028,192,-33,934,0,8,8,1,1,0
SYN00028,193,-33,919,1,8,8,1,1,0
SYN00028,194,-33,919,1,8,8,1,1,0
SYN00028,195,-33,911,0,9,8,1,1,0
SYN00028,196,-33,889,1,9,9,1,1,0
SYN00028,197,-33,883,0,9,9,1,1,0
SYN00028,198,-33,883,0,9,9,1,1,0
SYN00028,199,-31,871,1,9,9,1,1,0
SYN00028,200,-31,850,0,9,9,1,1,0
SYN00028,201,-28,840,1,9,9,1,1,0
SYN00028,202,-28,829,0,9,9,1,1,0
SYN00028,203,-28,829,0,9,9,1,1,0
SYN00028,204,-28,809,1,9,9,1,1,0
SYN00028,205,-28,789,0,9,9,1,1,0
SYN00028,206,-28,789,0,9,9,1,1,0
SYN00028,207,-28,782,1,9,9,1,1,0
SYN00028,208,-28,782,1,9,9,1,1,0
SYN00028,209,-31,769,0,9,9,1,1,0
SYN00028,210,-29,760,1,9,9,1,1,0
SYN00028,211,-29,751,0,9,9,1,1,0
SYN00028,212,-29,751,0,9,9,1,1,0
SYN00028,213,-27,734,1,9,9,1,1,0
SYN00028,214,-27,720,0,9,9,1,1,0
SYN00028,215,-27,720,1,9,9,1,1,0
SYN00028,216,-27,720,1,9,9,1,1,0
SYN00028,217,-25,713,1,9,9,1,1,0
SYN00028,218,-25,705,0,9,9,1,1,0
SYN00028,219,-25,687,1,9,9,1,1,0
SYN00028,220,-25,687,1,9,9,1,1,0
SYN00028,221,-25,680,0,9,9,1,1,0
SYN00028,222,-23,673,1,9,9,1,1,0
SYN00028,223,-23,664,0,9,9,1,1,0
SYN00028,224,-20,646,1,9,9,1,1,0
SYN00028,225,-22,638,0,9,9,1,1,0
SYN00028,226,-22,633,1,9,9,1,1,0
SYN00028,227,-22,633,1,9,9,1,1,0
SYN00028,228,-22,613,0,9,9,1,1,0
SYN00028,229,-22,613,0,9,9,1,1,0
SYN00028,230,-22,590,1,9,9,1,1,0
SYN00028,231,-22,566,0,9,9,1,1,0
SYN00028,232,-22,554,1,9,9,1,1,0
SYN00028,233,-22,554,1,9,9,1,1,0
SYN00028,234,-22,545,0,10,9,1,1,0
SYN00028,235,-22,525,1,10,9,1,1,0
SYN00028,236,-22,525,1,10,9,1,1,0
SYN00028,237,-22,513,0,10,9,1,1,0
SYN00028,238,-22,513,0,10,9,1,1,0
SYN00028,239,-22,489,1,10,9,1,1,0
SYN00028,240,-22,489,1,10,9,1,1,0
SYN00028,241,-22,471,0,11,9,1,1,0
SYN00028,242,-20,457,1,11,9,1,1,0
SYN00028,243,-22,449,0,11,9,1,1,0
SYN00028,244,-20,430,1,11,9,1,1,0
SYN00028,245,-20,411,0,12,9,1,1,0
SYN00028,246,-20,401,1,12,9,1,1,0
SYN00028,247,-20,401,1,12,9,1,1,0
SYN00028,248,-20,390,0,12,9,1,1,0
SYN00028,249,-20,390,0,12,9,1,1,0
SYN00028,250,-20,383,1,12,9,1,1,0
SYN00028,251,-20,383,1,12,9,1,1,0
SYN00028,252,-20,373,0,13,9,1,1,0
SYN00028,253,-20,366,1,13,9,1,1,0
SYN00028,254,-20,366,1,13,9,1,1,0
SYN00028,255,-20,343,0,14,9,1,1,0
SYN00028,256,-20,319,1,14,9,1,1,0
SYN00028,257,-20,308,0,14,9,1,1,0
SYN00028,258,-20,300,1,14,9,1,1,0
SYN00028,259,-20,300,1,14,9,1,1,0
SYN00028,260,-20,289,0,14,9,1,1,0
SYN00028,261,-20,289,0,14,9,1,1,0
SYN00028,262,-18,282,1,14,9,1,1,0
SYN00028,263,-18,261,0,14,9,1,1,0
SYN00028,264,-18,261,0,14,9,1,1,0
SYN00028,265,-18,249,1,14,9,1,1,0
SYN00028,266,-18,249,1,14,9,1,1,0
SYN00028,267,-18,240,0,14,9,1,1,0
SYN00028,268,-18,216,1,14,9,1,1,0
SYN00028,269,-18,216,1,14,9,1,1,0
SYN00028,270,-18,200,0,14,9,1,1,0
SYN00028,271,-18,200,0,14,9,1,1,0
SYN00028,272,-16,181,1,14,9,1,1,0
SYN00028,273,-16,174,0,15,9,1,1,0
SYN00028,274,-16,150,1,15,9,1,1,0
SYN00028,275,-16,150,1,15,9,1,1,0
SYN00028,276,-19,126,0,15,9,1,1,0
SYN00028,277,-19,111,1,15,9,1,1,0
SYN00028,278,-19,111,1,15,9,1,1,0
SYN00028,279,-19,88,0,15,9,1,1,0
SYN00028,280,-19,88,0,15,9,1,1,0
SYN00028,281,-19,69,1,15,9,1,1,0
SYN00028,282,-19,69,1,15,9,1,1,0
SYN00028,283,-21,62,0,15,9,1,1,0
SYN00028,284,-21,57,1,15,9,1,1,0
SYN00028,285,-21,57,1,15,9,1,1,0
SYN00028,286,-23,49,0,15,9,1,1,0
SYN00028,287,-21,25,1,15,9,1,1,0
SYN00028,288,-21,6,0,15,9,1,1,0
SYN00028,289,-21,6,0,15,9,1,1,0
SYN00028,290,-21,0,1,15,9,1,1,0
SYN00028,291,-21,0,0,15,9,1,1,0
SYN00029,1,0,2880,0,0,0,0,0,0
SYN00029,2,-3,2866,0,0,0,0,0,0
SYN00029,3,-3,2857,1,0,0,0,0,0
SYN00029,4,-3,2846,0,0,0,0,0,0
SYN00029,5,-3,2846,0,0,0,0,0,0
SYN00029,6,0,2826,1,0,0,0,0,0
SYN00029,7,0,2821,0,0,0,0,0,0
SYN00029,8,0,2821,0,0,0,0,0,0
SYN00029,9,3,2815,1,0,0,0,0,0
SYN00029,10,3,2809,0,0,0,0,0,0
SYN00029,11,3,2809,0,0,0,0,0,0
SYN00029,12,5,2787,1,0,0,0,0,0
SYN00029,13,3,2769,0,0,0,0,0,0
SYN00029,14,5,2758,1,0,0,0,0,0
SYN00029,15,3,2747,0,0,0,0,0,0
SYN00029,16,3,2739,1,0,1,0,0,0
SYN00029,17,3,2721,0,0,1,0,0,0
SYN00029,18,3,2721,0,0,1,0,0,0
SYN00029,19,3,2716,1,0,1,0,0,0
SYN00029,20,3,2716,1,0,1,0,0,0
SYN00029,21,3,2700,0,0,1,0,0,0
SYN00029,22,3,2700,0,0,1,0,0,0
SYN00029,23,3,2689,1,0,1,0,0,0
SYN00029,24,1,2684,0,0,1,0,0,0
SYN00029,25,1,2669,1,0,1,0,0,0
SYN00029,26,1,2650,0,0,1,0,0,0
SYN00029,27,1,2650,0,0,1,0,0,0
SYN00029,28,1,2636,1,0,1,0,0,0
SYN00029,29,1,2636,1,0,1,0,0,0
SYN00029,30,-1,2617,0,0,1,0,0,0
SYN00029,31,-1,2597,1,0,2,0,0,0
SYN00029,32,-3,2587,0,0,2,0,0,0
SYN00029,33,0,2575,1,0,2,0,0,0
SYN00029,34,0,2553,0,0,2,0,0,0
SYN00029,35,0,2553,0,0,2,0,0,0
SYN00029,36,0,2538,1,0,2,0,0,0
SYN00029,37,0,2538,1,0,2,0,0,0
SYN00029,38,0,2524,0,0,2,0,0,0
SYN00029,39,0,2524,0,0,2,0,0,0
SYN00029,40,0,2516,1,0,2,0,0,0
SYN00029,41,0,2516,1,0,2,0,0,0
SYN00029,42,0,2498,0,1,2,0,0,0
SYN00029,43,2,2492,1,1,2,0,0,0
SYN00029,44,2,2470,0,1,2,0,0,0
SYN00029,45,2,2470,0,1,2,0,0,0
SYN00029,46,2,2458,1,1,2,0,0,0
SYN00029,47,2,2458,1,1,2,0,0,0
SYN00029,48,0,2450,0,1,2,0,0,0
SYN00029,49,0,2433,1,1,3,0,0,0
SYN00029,50,0,2414,0,1,3,0,0,0
SYN00029,51,0,2407,1,1,3,0,0,0
SYN00029,52,0,2407,1,1,3,0,0,0
SYN00029,53,-3,2393,0,1,3,0,0,0
SYN00029,54,-3,2371,1,1,3,0,0,0
SYN00029,55,-3,2371,1,1,3,0,0,0
SYN00029,56,-5,2350,0,1,3,0,0,0
SYN00029,57,-5,2336,1,1,3,0,0,0
SYN00029,58,-5,2336,1,1,3,0,0,0
SYN00029,59,-7,2312,0,1,3,0,0,0
SYN00029,60,-5,2303,1,1,3,0,0,0
SYN00029,61,-8,2284,0,1,3,0,0,0
SYN00029,62,-6,2275,1,1,3,0,0,0
SYN00029,63,-8,2270,0,1,3,0,0,0
SYN00029,64,-8,2256,1,1,4,0,0,0
SYN00029,65,-8,2249,0,1,4,0,0,0
SYN00029,66,-8,2249,0,1,4,0,0,0
SYN00029,67,-6,2232,1,1,4,0,0,0
SYN00029,68,-8,2211,0,1,4,0,0,0
SYN00029,69,-8,2203,1,1,5,0,1,0
SYN00029,70,-8,2197,0,1,5,0,1,0
SYN00029,71,-8,2197,0,1,5,0,1,0
SYN00029,72,-8,2175,1,1,5,0,1,0
SYN00029,73,-8,2175,1,1,5,0,1,0
SYN00029,74,-11,2160,0,1,5,0,1,0
SYN00029,75,-11,2160,1,1,5,0,1,0
SYN00029,76,-11,2160,1,1,5,0,1,0
SYN00029,77,-11,2138,1,1,5,0,1,0
SYN00029,78,-11,2138,1,1,5,0,1,0
SYN00029,79,-11,2119,0,1,5,0,1,0
SYN00029,80,-11,2119,0,1,5,0,1,0
SYN00029,81,-8,2109,1,1,5,0,1,0
SYN00029,82,-10,2091,0,1,5,0,1,0
SYN00029,83,-10,2074,1,1,6,0,1,0
SYN00029,84,-12,2050,0,1,6,0,1,0
SYN00029,85,-12,2039,1,1,6,0,1,0
SYN00029,86,-12,2039,1,1,6,0,1,0
SYN00029,87,-12,2032,0,1,6,0,1,0
SYN00029,88,-12,2032,0,1,6,0,1,0
SYN00029,89,-10,2010,1,1,6,0,1,0
SYN00029,90,-12,1993,0,1,6,0,1,0
SYN00029,91,-10,1979,1,1,6,0,1,0
SYN00029,92,-12,1961,0,1,6,0,1,0
SYN00029,93,-10,1951,1,1,6,0,1,0
SYN00029,94,-12,1940,0,1,6,0,1,0
SYN00029,95,-12,1921,1,1,6,0,1,0
SYN00029,96,-12,1921,1,1,6,0,1,0
SYN00029,97,-14,1905,0,1,6,0,1,0
SYN00029,98,-12,1889,1,1,6,0,1,0
SYN00029,99,-14,1869,0,1,6,0,1,0
SYN00029,100,-14,1852,1,1,6,0,1,0
SYN00029,101,-14,1852,1,1,6,0,1,0
SYN00029,102,-16,1831,0,1,6,0,1,0
SYN00029,103,-14,1819,1,1,6,0,1,0
SYN00029,104,-16,1811,0,1,6,0,1,0
SYN00029,105,-16,1803,1,1,6,0,1,0
SYN00029,106,-16,1803,1,1,6,0,1,0
SYN00029,107,-16,1779,0,1,6,0,1,0
SYN00029,108,-16,1779,0,1,6,0,1,0
SYN00029,109,-16,1770,1,1,6,0,1,0
SYN00029,110,-16,1770,1,1,6,0,1,0
SYN00029,111,-16,1760,0,1,6,0,1,0
SYN00029,112,-16,1760,0,1,6,0,1,0
SYN00029,113,-16,1738,1,1,6,0,1,0
SYN00029,114,-16,1738,1,1,6,0,1,0
SYN00029,115,-16,1722,0,1,6,0,1,0
SYN00029,116,-16,1722,0,1,6,0,1,0
SYN00029,117,-16,1707,1,1,6,0,1,0
SYN00029,118,-16,1707,1,1,6,0,1,0
SYN00029,119,-16,1698,0,2,6,0,1,0
SYN00029,120,-13,1692,1,2,6,0,1,0
SYN00029,121,-16,1678,0,2,6,0,1,0
SYN00029,122,-16,1661,1,2,6,0,1,0
SYN00029,123,-16,1661,1,2,6,0,1,0
SYN00029,124,-16,1640,0,2,6,0,1,0
SYN00029,125,-14,1629,1,2,6,0,1,0
SYN00029,126,-17,1610,0,2,6,0,1,0
SYN00029,127,-15,1599,1,2,6,0,1,0
SYN00029,128,-15,1575,0,2,6,0,1,0
SYN00029,129,-15,1575,0,2,6,0,1,0
SYN00029,130,-13,1562,1,2,6,0,1,0
SYN00029,131,-15,1556,0,2,6,0,1,0
SYN00029,132,-13,1541,1,2,6,0,1,0
SYN00029,133,-16,1520,0,2,6,0,1,0
SYN00029,134,-16,1498,1,2,7,0,1,0
SYN00029,135,-16,1480,0,2,7,0,1,0
SYN00029,136,-16,1480,0,2,7,0,1,0
SYN00029,137,-16,1462,1,2,7,0,1,0
SYN00029,138,-16,1462,1,2,7,0,1,0
SYN00029,139,-19,1452,0,2,7,0,1,0
SYN00029,140,-17,1440,1,2,7,0,1,0
SYN00029,141,-17,1440,0,2,7,0,1,0
SYN00029,142,-17,1440,0,2,7,0,1,0
SYN00029,143,-17,1416,0,2,7,0,1,0
SYN00029,144,-17,1416,0,2,7,0,1,0
SYN00029,145,-15,1395,1,2,7,0,1,0
SYN00029,146,-17,1374,0,2,7,0,1,0
SYN00029,147,-17,1360,1,2,7,0,1,0
SYN00029,148,-17,1360,1,2,7,0,1,0
SYN00029,149,-19,1336,0,2,7,0,1,0
SYN00029,150,-19,1319,1,2,7,0,1,0
SYN00029,151,-19,1319,1,2,7,0,1,0
SYN00029,152,-19,1298,0,2,7,0,1,0
SYN00029,153,-19,1298,0,2,7,0,1,0
SYN00029,154,-17,1282,1,2,7,0,1,0
SYN00029,155,-19,1261,0,2,7,0,1,0
SYN00029,156,-19,1242,1,2,7,0,1,0
SYN00029,157,-19,1242,1,2,7,0,1,0
SYN00029,158,-19,1219,0,2,7,0,1,0
SYN00029,159,-19,1219,0,2,7,0,1,0
SYN00029,160,-19,1204,1,2,7,0,1,0
SYN00029,161,-19,1204,1,2,7,0,1,0
SYN00029,162,-19,1194,0,2,7,0,1,0
SYN00029,163,-17,1173,1,2,7,0,1,0
SYN00029,164,-17,1162,0,2,7,0,1,0
SYN00029,165,-17,1162,0,2,7,0,1,0
SYN00029,166,-17,1139,1,2,7,0,1,0
SYN00029,167,-17,1139,1,2,7,0,1,0
SYN00029,168,-20,1115,0,2,7,0,1,0
SYN00029,169,-18,1096,1,2,7,0,1,0
SYN00029,170,-20,1074,0,2,7,0,1,0
SYN00029,171,-20,1057,1,2,7,0,1,0
SYN00029,172,-20,1057,1,2,7,0,1,0
SYN00029,173,-22,1043,0,2,7,0,1,0
SYN00029,174,-22,1038,1,2,7,0,1,0
SYN00029,175,-22,1038,1,2,7,0,1,0
SYN00029,176,-25,1019,0,2,7,0,1,0
SYN00029,177,-25,999,1,2,7,0,1,0
SYN00029,178,-25,999,1,2,7,0,1,0
SYN00029,179,-27,982,0,2,7,0,1,0
SYN00029,180,-25,961,1,2,7,0,1,0
SYN00029,181,-25,948,0,3,7,0,1,0
SYN00029,182,-25,935,1,3,8,0,1,0
SYN00029,183,-25,913,0,3,8,0,1,0
SYN00029,184,-25,913,0,3,8,0,1,0
SYN00029,185,-23,893,1,3,8,0,1,0
SYN00029,186,-23,870,0,4,8,0,1,0
SYN00029,187,-23,863,1,4,8,0,1,0
SYN00029,188,-23,863,1,4,8,0,1,0
SYN00029,189,-23,839,0,4,8,0,1,0
SYN00029,190,-23,839,0,4,8,0,1,0
SYN00029,191,-23,821,1,4,8,0,1,0
SYN00029,192,-23,821,1,4,8,0,1,0
SYN00029,193,-23,806,0,4,8,0,1,0
SYN00029,194,-23,806,0,4,8,0,1,0
SYN00029,195,-23,801,1,4,8,0,1,0
SYN00029,196,-23,801,1,4,8,0,1,0
SYN00029,197,-23,786,0,4,8,0,1,0
SYN00029,198,-23,786,0,4,8,0,1,0
SYN00029,199,-23,772,1,4,8,0,1,0
SYN00029,200,-23,772,1,4,8,0,1,0
SYN00029,201,-26,766,0,4,8,0,1,0
SYN00029,202,-26,743,1,4,8,0,1,0
SYN00029,203,-26,743,1,4,8,0,1,0
SYN00029,204,-26,729,0,4,8,0,1,0
SYN00029,205,-26,729,0,4,8,0,1,0
SYN00029,206,-26,722,1,4,8,0,1,0
SYN00029,207,-26,722,1,4,8,0,1,0
SYN00029,208,-26,720,0,4,8,0,1,0
SYN00029,209,-26,720,0,4,8,0,1,0
SYN00029,210,-26,720,1,4,8,0,1,0
SYN00029,211,-26,720,1,4,8,0,1,0
SYN00029,212,-26,697,1,4,8,0,1,0
SYN00029,213,-26,697,1,4,8,0,1,0
SYN00029,214,-26,688,0,5,8,1,1,0
SYN00029,215,-23,681,1,5,8,1,1,0
SYN00029,216,-25,666,0,5,8,1,1,0
SYN00029,217,-23,650,1,5,8,1,1,0
SYN00029,218,-25,632,0,5,8,1,1,0
SYN00029,219,-23,624,1,5,8,1,1,0
SYN00029,220,-23,614,0,5,8,1,1,0
SYN00029,221,-23,614,0,5,8,1,1,0
SYN00029,222,-23,599,1,5,8,1,1,0
SYN00029,223,-23,599,1,5,8,1,1,0
SYN00029,224,-23,581,0,5,8,1,1,0
SYN00029,225,-23,581,0,5,8,1,1,0
SYN00029,226,-21,557,1,5,8,1,1,0
SYN00029,227,-21,533,0,6,8,1,1,0
SYN00029,228,-21,522,1,6,8,1,1,0
SYN00029,229,-21,522,1,6,8,1,1,0
SYN00029,230,-23,501,0,6,8,1,1,0
SYN00029,231,-21,487,1,6,8,1,1,0
SYN00029,232,-21,465,0,6,8,1,1,0
SYN00029,233,-21,465,0,6,8,1,1,0
SYN00029,234,-19,444,1,6,8,1,1,0
SYN00029,235,-19,437,0,6,8,1,1,0
SYN00029,236,-19,437,0,6,8,1,1,0
SYN00029,237,-19,426,1,6,8,1,1,0
SYN00029,238,-19,426,1,6,8,1,1,0
SYN00029,239,-19,405,0,6,8,1,1,0
SYN00029,240,-19,405,0,6,8,1,1,0
SYN00029,241,-17,400,1,6,8,1,1,0
SYN00029,242,-17,376,0,6,8,1,1,0
SYN00029,243,-17,376,0,6,8,1,1,0
SYN00029,244,-17,354,1,6,8,1,1,0
SYN00029,245,-17,336,0,6,8,1,1,0
SYN00029,246,-17,336,0,6,8,1,1,0
SYN00029,247,-15,323,1,6,8,1,1,0
SYN00029,248,-18,307,0,6,8,1,1,0
SYN00029,249,-18,290,1,6,8,1,1,0
SYN00029,250,-18,290,1,6,8,1,1,0
SYN00029,251,-18,274,0,6,8,1,1,0
SYN00029,252,-18,274,0,6,8,1,1,0
SYN00029,253,-18,251,1,6,9,1,1,0
SYN00029,254,-18,233,0,6,9,1,1,0
SYN00029,255,-18,233,0,6,9,1,1,0
SYN00029,256,-18,227,1,6,9,1,1,0
SYN00029,257,-18,227,1,6,9,1,1,0
SYN00029,258,-18,219,0,7,9,1,1,0
SYN00029,259,-18,208,1,7,9,1,1,0
SYN00029,260,-18,208,1,7,9,1,1,0
SYN00029,261,-21,197,0,7,9,1,1,0
SYN00029,262,-19,173,1,7,9,1,1,0
SYN00029,263,-19,155,0,7,9,1,1,0
SYN00029,264,-19,155,0,7,9,1,1,0
SYN00029,265,-19,148,1,7,9,1,1,0
SYN00029,266,-21,134,0,7,9,1,1,0
SYN00029,267,-21,121,1,7,10,1,1,0
SYN00029,268,-23,116,0,7,10,1,1,0
SYN00029,269,-21,92,1,7,10,1,1,0
SYN00029,270,-21,76,0,8,10,1,1,0
SYN00029,271,-19,56,1,8,10,1,1,0
SYN00029,272,-19,49,0,8,10,1,1,0
SYN00029,273,-19,49,0,8,10,1,1,0
SYN00029,274,-19,42,1,8,11,1,1,0
SYN00029,275,-22,24,0,8,11,1,1,0
SYN00029,276,-22,14,1,8,11,1,1,0
SYN00029,277,-22,14,1,8,11,1,1,0
SYN00029,278,-22,7,0,8,11,1,1,0
SYN00029,279,-22,7,0,8,11,1,1,0
SYN00029,280,-22,0,1,8,11,1,1,0
SYN00029,281,-22,0,1,8,11,1,1,0
SYN00029,282,-22,0,0,8,11,1,1,0
SYN00030,1,0,2880,0,0,0,0,0,0
SYN00030,2,0,2865,0,0,0,0,0,0
SYN00030,3,0,2865,0,0,0,0,0,0
SYN00030,4,0,2857,1,0,0,0,0,0
SYN00030,5,0,2857,1,0,0,0,0,0
SYN00030,6,0,2843,0,1,0,0,0,0
SYN00030,7,0,2824,1,1,1,0,0,0
SYN00030,8,0,2808,0,1,1,0,0,0
SYN00030,9,0,2808,0,1,1,0,0,0
SYN00030,10,2,2789,1,1,1,0,0,0
SYN00030,11,2,2775,0,1,1,0,0,0
SYN00030,12,2,2775,0,1,1,0,0,0
SYN00030,13,2,2756,1,1,2,0,0,0
SYN00030,14,2,2745,0,1,2,0,0,0
SYN00030,15,2,2739,1,1,2,0,0,0
SYN00030,16,2,2733,0,1,2,0,0,0
SYN00030,17,2,2733,0,1,2,0,0,0
SYN00030,18,2,2712,1,1,2,0,0,0
SYN00030,19,2,2712,1,1,2,0,0,0
SYN00030,20,0,2707,0,1,2,0,0,0
SYN00030,21,2,2691,1,1,2,0,0,0
SYN00030,22,0,2681,0,1,2,0,0,0
SYN00030,23,0,2663,1,1,2,0,0,0
SYN00030,24,-2,2650,0,1,2,0,0,0
SYN00030,25,-2,2633,1,1,2,0,0,0
SYN00030,26,-2,2633,1,1,2,0,0,0
SYN00030,27,-4,2619,0,1,2,0,0,0
SYN00030,28,-4,2612,1,1,2,0,0,0
SYN00030,29,-4,2612,1,1,2,0,0,0
SYN00030,30,-6,2588,0,1,2,0,0,0
SYN00030,31,-4,2570,1,1,2,0,0,0
SYN00030,32,-6,2548,0,1,2,0,0,0
SYN00030,33,-6,2541,1,1,2,0,0,0
SYN00030,34,-6,2529,0,2,2,0,0,0
SYN00030,35,-6,2515,1,2,2,0,0,0
SYN00030,36,-6,2515,1,2,2,0,0,0
SYN00030,37,-6,2508,0,2,2,0,0,0
SYN00030,38,-6,2508,0,2,2,0,0,0
SYN00030,39,-4,2500,1,2,2,0,0,0
SYN00030,40,-4,2491,0,2,2,0,0,0
SYN00030,41,-4,2473,1,2,3,0,0,0
SYN00030,42,-4,2457,0,2,3,0,0,0
SYN00030,43,-4,2457,0,2,3,0,0,0
SYN00030,44,-4,2449,1,2,3,0,0,0
SYN00030,45,-4,2449,1,2,3,0,0,0
SYN00030,46,-7,2427,0,2,3,0,0,0
SYN00030,47,-7,2417,1,2,3,0,0,0
SYN00030,48,-7,2417,1,2,3,0,0,0
SYN00030,49,-7,2408,0,3,3,0,0,0
SYN00030,50,-7,2387,1,3,3,0,0,0
SYN00030,51,-7,2387,1,3,3,0,0,0
SYN00030,52,-10,2381,0,3,3,0,0,0
SYN00030,53,-8,2362,1,3,3,0,0,0
SYN00030,54,-10,2338,0,3,3,0,0,0
SYN00030,55,-8,2331,1,3,3,0,0,0
SYN00030,56,-10,2324,0,3,3,0,0,0
SYN00030,57,-7,2316,1,3,3,0,0,0
SYN00030,58,-9,2296,0,3,3,0,0,0
SYN00030,59,-9,2287,1,3,3,0,0,0
SYN00030,60,-9,2267,0,3,3,0,0,0
SYN00030,61,-9,2245,1,3,3,0,0,0
SYN00030,62,-9,2245,1,3,3,0,0,0
SYN00030,63,-9,2224,0,3,3,0,0,0
SYN00030,64,-9,2203,1,3,3,0,0,0
SYN00030,65,-9,2203,1,3,3,0,0,0
SYN00030,66,-12,2198,0,3,3,0,0,0
SYN00030,67,-12,2176,1,3,3,0,0,0
SYN00030,68,-12,2176,1,3,3,0,0,0
SYN00030,69,-12,2160,0,4,3,0,0,0
SYN00030,70,-12,2160,1,4,3,0,0,0
SYN00030,71,-12,2160,1,4,3,0,0,0
SYN00030,72,-10,2148,1,4,3,0,0,0
SYN00030,73,-12,2127,0,4,3,0,0,0
SYN00030,74,-12,2121,1,4,3,0,0,0
SYN00030,75,-12,2121,1,4,3,0,0,0
SYN00030,76,-12,2104,0,4,3,0,0,0
SYN00030,77,-12,2104,0,4,3,0,0,0
SYN00030,78,-9,2097,1,4,3,0,0,0
SYN00030,79,-9,2075,0,5,3,1,0,0
SYN00030,80,-9,2057,1,5,3,1,0,0
SYN00030,81,-9,2057,1,5,3,1,0,0
SYN00030,82,-9,2052,0,5,3,1,0,0
SYN00030,83,-9,2052,0,5,3,1,0,0
SYN00030,84,-7,2045,1,5,3,1,0,0
SYN00030,85,-7,2031,0,5,3,1,0,0
SYN00030,86,-7,2022,1,5,3,1,0,0
SYN00030,87,-7,2022,1,5,3,1,0,0
SYN00030,88,-7,1999,0,6,3,1,0,0
SYN00030,89,-7,1991,1,6,3,1,0,0
SYN00030,90,-7,1991,1,6,3,1,0,0
SYN00030,91,-7,1973,0,7,3,1,0,0
SYN00030,92,-7,1956,1,7,3,1,0,0
SYN00030,93,-7,1956,1,7,3,1,0,0
SYN00030,94,-9,1941,0,7,3,1,0,0
SYN00030,95,-9,1936,1,7,3,1,0,0
SYN00030,96,-9,1936,1,7,3,1,0,0
SYN00030,97,-9,1927,0,7,3,1,0,0
SYN00030,98,-9,1927,0,7,3,1,0,0
SYN00030,99,-9,1919,1,7,3,1,0,0
SYN00030,100,-9,1919,1,7,3,1,0,0
SYN00030,101,-9,1913,0,7,3,1,0,0
SYN00030,102,-7,1902,1,7,3,1,0,0
SYN00030,103,-9,1894,0,7,3,1,0,0
SYN00030,104,-7,1883,1,7,3,1,0,0
SYN00030,105,-7,1864,0,7,3,1,0,0
SYN00030,106,-7,1842,1,7,3,1,0,0
SYN00030,107,-7,1842,1,7,3,1,0,0
SYN00030,108,-9,1829,0,7,3,1,0,0
SYN00030,109,-9,1812,1,7,3,1,0,0
SYN00030,110,-9,1812,1,7,3,1,0,0
SYN00030,111,-9,1798,0,7,3,1,0,0
SYN00030,112,-9,1798,0,7,3,1,0,0
SYN00030,113,-9,1778,1,7,3,1,0,0
SYN00030,114,-9,1778,1,7,3,1,0,0
SYN00030,115,-11,1759,0,7,3,1,0,0
SYN00030,116,-11,1735,1,7,3,1,0,0
SYN00030,117,-11,1735,1,7,3,1,0,0
SYN00030,118,-11,1713,0,7,3,1,0,0
SYN00030,119,-11,1707,1,7,3,1,0,0
SYN00030,120,-11,1695,0,7,3,1,0,0
SYN00030,121,-11,1685,1,7,3,1,0,0
SYN00030,122,-11,1685,1,7,3,1,0,0
SYN00030,123,-13,1674,0,7,3,1,0,0
SYN00030,124,-10,1652,1,7,3,1,0,0
SYN00030,125,-10,1645,0,7,3,1,0,0
SYN00030,126,-10,1645,0,7,3,1,0,0
SYN00030,127,-8,1635,1,7,3,1,0,0
SYN00030,128,-10,1630,0,7,3,1,0,0
SYN00030,129,-10,1610,1,7,3,1,0,0
SYN00030,130,-10,1610,1,7,3,1,0,0
SYN00030,131,-12,1603,0,7,3,1,0,0
SYN00030,132,-12,1590,1,7,3,1,0,0
SYN00030,133,-12,1590,1,7,3,1,0,0
SYN00030,134,-15,1585,0,7,3,1,0,0
SYN00030,135,-13,1574,1,7,3,1,0,0
SYN00030,136,-16,1569,0,7,3,1,0,0
SYN00030,137,-16,1555,1,7,3,1,0,0
SYN00030,138,-16,1538,0,7,3,1,0,0
SYN00030,139,-16,1538,0,7,3,1,0,0
SYN00030,140,-16,1532,1,7,3,1,0,0
SYN00030,141,-16,1532,1,7,3,1,0,0
SYN00030,142,-18,1522,0,7,3,1,0,0
SYN00030,143,-16,1500,1,7,3,1,0,0
SYN00030,144,-18,1492,0,7,3,1,0,0
SYN00030,145,-18,1485,1,7,3,1,0,0
SYN00030,146,-18,1485,1,7,3,1,0,0
SYN00030,147,-20,1474,0,7,3,1,0,0
SYN00030,148,-20,1462,1,7,3,1,0,0
SYN00030,149,-20,1462,1,7,3,1,0,0
SYN00030,150,-23,1441,0,7,3,1,0,0
SYN00030,151,-23,1440,1,7,3,1,0,0
SYN00030,152,-23,1440,1,7,3,1,0,0
SYN00030,153,-23,1440,0,7,3,1,0,0
SYN00030,154,-23,1440,0,7,3,1,0,0
SYN00030,155,-23,1421,0,8,3,1,0,0
SYN00030,156,-23,1409,1,8,3,1,0,0
SYN00030,157,-23,1409,1,8,3,1,0,0
SYN00030,158,-25,1395,0,8,3,1,0,0
SYN00030,159,-25,1381,1,8,3,1,0,0
SYN00030,160,-25,1381,1,8,3,1,0,0
SYN00030,161,-25,1359,0,8,3,1,0,0
SYN00030,162,-25,1359,0,8,3,1,0,0
SYN00030,163,-25,1347,1,8,3,1,0,0
SYN00030,164,-25,1347,1,8,3,1,0,0
SYN00030,165,-25,1329,0,8,3,1,0,0
SYN00030,166,-25,1329,0,8,3,1,0,0
SYN00030,167,-25,1318,1,8,3,1,0,0
SYN00030,168,-25,1318,1,8,3,1,0,0
SYN00030,169,-25,1311,0,8,3,1,0,0
SYN00030,170,-25,1311,0,8,3,1,0,0
SYN00030,171,-22,1289,1,8,3,1,0,0
SYN00030,172,-22,1277,0,8,3,1,0,0
SYN00030,173,-22,1277,0,8,3,1,0,0
SYN00030,174,-22,1256,1,8,4,1,0,0
SYN00030,175,-22,1240,0,8,4,1,0,0
SYN00030,176,-22,1240,0,8,4,1,0,0
SYN00030,177,-22,1219,1,8,4,1,0,0
SYN00030,178,-22,1213,0,8,4,1,0,0
SYN00030,179,-22,1205,1,8,4,1,0,0
SYN00030,180,-22,1205,1,8,4,1,0,0
SYN00030,181,-24,1192,0,8,4,1,0,0
SYN00030,182,-24,1176,1,8,4,1,0,0
SYN00030,183,-24,1176,1,8,4,1,0,0
SYN00030,184,-24,1153,0,8,4,1,0,0
SYN00030,185,-24,1153,0,8,4,1,0,0
SYN00030,186,-24,1134,1,8,5,1,1,0
SYN00030,187,-27,1118,0,8,5,1,1,0
SYN00030,188,-27,1096,1,8,5,1,1,0
SYN00030,189,-27,1096,1,8,5,1,1,0
SYN00030,190,-29,1075,0,8,5,1,1,0
SYN00030,191,-29,1064,1,8,5,1,1,0
SYN00030,192,-29,1064,1,8,5,1,1,0
SYN00030,193,-29,1059,0,8,5,1,1,0
SYN00030,194,-29,1059,0,8,5,1,1,0
SYN00030,195,-27,1048,1,8,5,1,1,0
SYN00030,196,-27,1036,0,8,5,1,1,0
SYN00030,197,-27,1036,0,8,5,1,1,0
SYN00030,198,-27,1018,1,8,5,1,1,0
SYN00030,199,-27,1018,1,8,5,1,1,0
SYN00030,200,-27,1000,0,8,5,1,1,0
SYN00030,201,-27,983,1,8,5,1,1,0
SYN00030,202,-27,983,1,8,5,1,1,0
SYN00030,203,-27,962,0,8,5,1,1,0
SYN00030,204,-27,962,0,8,5,1,1,0
SYN00030,205,-27,939,1,8,5,1,1,0
SYN00030,206,-27,939,1,8,5,1,1,0
SYN00030,207,-27,916,0,8,5,1,1,0
SYN00030,208,-27,916,0,8,5,1,1,0
SYN00030,209,-27,908,1,8,5,1,1,0
SYN00030,210,-27,908,1,8,5,1,1,0
SYN00030,211,-27,893,0,9,5,1,1,0
SYN00030,212,-27,875,1,9,5,1,1,0
SYN00030,213,-27,875,1,9,5,1,1,0
SYN00030,214,-27,852,0,9,5,1,1,0
SYN00030,215,-27,852,0,9,5,1,1,0
SYN00030,216,-25,829,1,9,5,1,1,0
SYN00030,217,-25,824,0,9,5,1,1,0
SYN00030,218,-25,824,0,9,5,1,1,0
SYN00030,219,-25,804,1,9,5,1,1,0
SYN00030,220,-25,804,1,9,5,1,1,0
SYN00030,221,-27,798,0,9,5,1,1,0
SYN00030,222,-27,776,1,9,5,1,1,0
SYN00030,223,-27,776,1,9,5,1,1,0
SYN00030,224,-30,768,0,9,5,1,1,0
SYN00030,225,-30,750,1,9,5,1,1,0
SYN00030,226,-30,728,0,9,5,1,1,0
SYN00030,227,-30,728,0,9,5,1,1,0
SYN00030,228,-30,720,1,9,5,1,1,0
SYN00030,229,-30,720,1,9,5,1,1,0
SYN00030,230,-30,720,0,9,5,1,1,0
SYN00030,231,-30,720,0,9,5,1,1,0
SYN00030,232,-30,702,0,9,5,1,1,0
SYN00030,233,-30,702,0,9,5,1,1,0
SYN00030,234,-30,686,1,9,5,1,1,0
SYN00030,235,-30,686,1,9,5,1,1,0
SYN00030,236,-30,670,0,9,5,1,1,0
SYN00030,237,-30,670,0,9,5,1,1,0
SYN00030,238,-30,657,1,9,5,1,1,0
SYN00030,239,-30,657,1,9,5,1,1,0
SYN00030,240,-32,636,0,9,5,1,1,0
SYN00030,241,-32,613,1,9,6,1,1,0
SYN00030,242,-34,605,0,9,6,1,1,0
SYN00030,243,-34,599,1,9,6,1,1,0
SYN00030,244,-34,599,1,9,6,1,1,0
SYN00030,245,-37,586,0,9,6,1,1,0
SYN00030,246,-34,563,1,9,6,1,1,0
SYN00030,247,-34,544,0,9,6,1,1,0
SYN00030,248,-34,544,0,9,6,1,1,0
SYN00030,249,-32,536,1,9,6,1,1,0
SYN00030,250,-32,520,0,9,6,1,1,0
SYN00030,251,-32,511,1,9,6,1,1,0
SYN00030,252,-32,511,1,9,6,1,1,0
SYN00030,253,-32,498,0,9,6,1,1,0
SYN00030,254,-32,498,0,9,6,1,1,0
SYN00030,255,-30,478,1,9,6,1,1,0
SYN00030,256,-32,458,0,9,6,1,1,0
SYN00030,257,-32,451,1,9,6,1,1,0
SYN00030,258,-32,451,1,9,6,1,1,0
SYN00030,259,-34,437,0,9,6,1,1,0
SYN00030,260,-32,416,1,9,6,1,1,0
SYN00030,261,-34,404,0,9,6,1,1,0
SYN00030,262,-32,392,1,9,6,1,1,0
SYN00030,263,-32,383,0,9,6,1,1,0
SYN00030,264,-32,383,0,9,6,1,1,0
SYN00030,265,-32,369,1,9,7,1,1,0
SYN00030,266,-32,360,0,10,7,1,1,0
SYN00030,267,-32,355,1,10,7,1,1,0
SYN00030,268,-32,355,1,10,7,1,1,0
SYN00030,269,-32,343,0,10,7,1,1,0
SYN00030,270,-32,343,0,10,7,1,1,0
SYN00030,271,-32,338,1,10,7,1,1,0
SYN00030,272,-32,338,1,10,7,1,1,0
SYN00030,273,-32,315,0,10,7,1,1,0
SYN00030,274,-32,315,0,10,7,1,1,0
SYN00030,275,-30,301,1,10,7,1,1,0
SYN00030,276,-33,294,0,10,7,1,1,0
SYN00030,277,-30,285,1,10,7,1,1,0
SYN00030,278,-32,279,0,10,7,1,1,0
SYN00030,279,-30,257,1,10,7,1,1,0
SYN00030,280,-30,246,0,10,7,1,1,0
SYN00030,281,-30,224,1,10,7,1,1,0
SYN00030,282,-30,224,1,10,7,1,1,0
SYN00030,283,-32,209,0,10,7,1,1,0
SYN00030,284,-30,190,1,10,7,1,1,0
SYN00030,285,-32,172,0,10,7,1,1,0
SYN00030,286,-30,164,1,10,7,1,1,0
SYN00030,287,-30,159,0,10,7,1,1,0
SYN00030,288,-30,159,0,10,7,1,1,0
SYN00030,289,-27,146,1,10,7,1,1,0
SYN00030,290,-27,126,0,10,7,1,1,0
SYN00030,291,-27,126,0,10,7,1,1,0
SYN00030,292,-25,114,1,10,7,1,1,0
SYN00030,293,-25,91,0,10,7,1,1,0
SYN00030,294,-25,91,0,10,7,1,1,0
SYN00030,295,-22,83,1,10,7,1,1,0
SYN00030,296,-25,67,0,10,7,1,1,0
SYN00030,297,-23,51,1,10,7,1,1,0
SYN00030,298,-23,28,0,11,7,1,1,0
SYN00030,299,-23,7,1,11,7,1,1,0
SYN00030,300,-23,7,1,11,7,1,1,0
SYN00030,301,-23,0,0,12,7,1,1,0
SYN00030,302,-23,0,1,12,7,1,1,0
SYN00031,1,0,2880,0,0,0,0,0,1
SYN00031,2,-2,2872,0,0,0,0,0,1
SYN00031,3,-2,2857,1,0,0,0,0,1
SYN00031,4,-2,2839,0,0,0,0,0,1
SYN00031,5,1,2820,1,0,0,0,0,1
SYN00031,6,-2,2806,0,0,0,0,0,1
SYN00031,7,-2,2787,1,0,0,0,0,1
SYN00031,8,-2,2787,1,0,0,0,0,1
SYN00031,9,-2,2772,0,0,0,0,0,1
SYN00031,10,-2,2772,0,0,0,0,0,1
SYN00031,11,-2,2767,1,0,1,0,0,1
SYN00031,12,-2,2753,0,1,1,0,0,1
SYN00031,13,0,2743,1,1,1,0,0,1
SYN00031,14,-2,2733,0,1,1,0,0,1
SYN00031,15,0,2709,1,1,1,0,0,1
SYN00031,16,0,2686,0,1,1,0,0,1
SYN00031,17,0,2686,0,1,1,0,0,1
SYN00031,18,0,2664,1,1,1,0,0,1
SYN00031,19,0,2664,1,1,1,0,0,1
SYN00031,20,-2,2653,0,1,1,0,0,1
SYN00031,21,0,2641,1,1,1,0,0,1
SYN00031,22,0,2627,0,1,1,0,0,1
SYN00031,23,2,2619,1,1,1,0,0,1
SYN00031,24,2,2607,0,1,1,0,0,1
SYN00031,25,2,2607,0,1,1,0,0,1
SYN00031,26,2,2600,1,1,1,0,0,1
SYN00031,27,2,2600,1,1,1,0,0,1
SYN00031,28,2,2590,0,1,1,0,0,1
SYN00031,29,2,2590,0,1,1,0,0,1
SYN00031,30,4,2574,1,1,1,0,0,1
SYN00031,31,4,2569,0,1,1,0,0,1
SYN00031,32,4,2569,0,1,1,0,0,1
SYN00031,33,6,2564,1,1,1,0,0,1
SYN00031,34,6,2557,0,1,1,0,0,1
SYN00031,35,6,2557,0,1,1,0,0,1
SYN00031,36,8,2550,1,1,1,0,0,1
SYN00031,37,8,2526,0,1,1,0,0,1
SYN00031,38,8,2511,1,1,1,0,0,1
SYN00031,39,6,2493,0,1,1,0,0,1
SYN00031,40,6,2470,1,1,1,0,0,1
SYN00031,41,6,2470,1,1,1,0,0,1
SYN00031,42,3,2446,0,1,1,0,0,1
SYN00031,43,5,2433,1,1,1,0,0,1
SYN00031,44,3,2413,0,1,1,0,0,1
SYN00031,45,3,2407,1,1,1,0,0,1
SYN00031,46,3,2407,1,1,1,0,0,1
SYN00031,47,3,2399,0,1,1,0,0,1
SYN00031,48,3,2399,0,1,1,0,0,1
SYN00031,49,3,2388,1,1,1,0,0,1
SYN00031,50,3,2388,1,1,1,0,0,1
SYN00031,51,1,2375,0,1,1,0,0,1
SYN00031,52,1,2370,1,1,1,0,0,1
SYN00031,53,1,2370,1,1,1,0,0,1
SYN00031,54,-2,2351,0,1,1,0,0,1
SYN00031,55,-2,2343,1,1,1,0,0,1
SYN00031,56,-2,2343,1,1,1,0,0,1
SYN00031,57,-4,2326,0,1,1,0,0,1
SYN00031,58,-4,2318,1,1,1,0,0,1
SYN00031,59,-4,2318,1,1,1,0,0,1
SYN00031,60,-7,2302,0,1,1,0,0,1
SYN00031,61,-4,2289,1,1,1,0,0,1
SYN00031,62,-6,2270,0,1,1,0,0,1
SYN00031,63,-4,2252,1,1,1,0,0,1
SYN00031,64,-4,2233,0,1,1,0,0,1
SYN00031,65,-4,2233,0,1,1,0,0,1
SYN00031,66,-4,2222,1,1,1,0,0,1
SYN00031,67,-4,2222,1,1,1,0,0,1
SYN00031,68,-6,2216,0,1,1,0,0,1
SYN00031,69,-6,2198,1,1,1,0,0,1
SYN00031,70,-6,2198,1,1,1,0,0,1
SYN00031,71,-8,2180,0,1,1,0,0,1
SYN00031,72,-8,2167,1,1,1,0,0,1
SYN00031,73,-8,2167,1,1,1,0,0,1
SYN00031,74,-8,2160,0,1,1,0,0,1
SYN00031,75,-8,2160,0,1,1,0,0,1
SYN00031,76,-8,2160,1,1,1,0,0,1
SYN00031,77,-8,2160,1,1,1,0,0,1
SYN00031,78,-6,2151,1,1,1,0,0,1
SYN00031,79,-6,2135,0,2,1,0,0,1
SYN00031,80,-4,2111,1,2,1,0,0,1
SYN00031,81,-6,2093,0,2,1,0,0,1
SYN00031,82,-4,2078,1,2,1,0,0,1
SYN00031,83,-4,2055,0,2,1,0,0,1
SYN00031,84,-4,2055,0,2,1,0,0,1
SYN00031,85,-4,2042,1,2,1,0,0,1
SYN00031,86,-4,2042,1,2,1,0,0,1
SYN00031,87,-4,2023,0,2,1,0,0,1
SYN00031,88,-1,2007,1,2,1,0,0,1
SYN00031,89,-4,1999,0,2,1,0,0,1
SYN00031,90,-1,1994,1,2,1,0,0,1
SYN00031,91,-1,1977,0,2,1,0,0,1
SYN00031,92,-1,1977,0,2,1,0,0,1
SYN00031,93,-1,1963,1,2,2,0,0,1
SYN00031,94,-1,1942,0,2,2,0,0,1
SYN00031,95,-1,1942,0,2,2,0,0,1
SYN00031,96,1,1932,1,2,2,0,0,1
SYN00031,97,-1,1926,0,2,2,0,0,1
SYN00031,98,-1,1918,1,2,2,0,0,1
SYN00031,99,-1,1918,1,2,2,0,0,1
SYN00031,100,-1,1911,0,2,2,0,0,1
SYN00031,101,-1,1911,0,2,2,0,0,1
SYN00031,102,1,1896,1,2,2,0,0,1
SYN00031,103,-2,1880,0,2,2,0,0,1
SYN00031,104,-2,1871,1,2,2,0,0,1
SYN00031,105,-2,1852,0,2,2,0,0,1
SYN00031,106,1,1830,1,2,2,0,0,1
SYN00031,107,-1,1824,0,2,2,0,0,1
SYN00031,108,1,1809,1,2,2,0,0,1
SYN00031,109,1,1803,0,2,2,0,0,1
SYN00031,110,1,1803,0,2,2,0,0,1
SYN00031,111,3,1793,1,2,2,0,0,1
SYN00031,112,3,1780,0,2,2,0,0,1
SYN00031,113,3,1780,0,2,2,0,0,1
SYN00031,114,3,1762,1,2,3,0,0,1
SYN00031,115,3,1745,0,2,3,0,0,1
SYN00031,116,3,1745,0,2,3,0,0,1
SYN00031,117,5,1740,1,2,3,0,0,1
SYN00031,118,5,1725,0,2,3,0,0,1
SYN00031,119,8,1701,1,2,3,0,0,1
SYN00031,120,8,1683,0,2,3,0,0,1
SYN00031,121,8,1683,0,2,3,0,0,1
SYN00031,122,8,1669,1,2,3,0,0,1
SYN00031,123,8,1669,1,2,3,0,0,1
SYN00031,124,8,1657,0,2,3,0,0,1
SYN00031,125,8,1657,0,2,3,0,0,1
SYN00031,126,8,1647,1,2,3,0,0,1
SYN00031,127,8,1647,1,2,3,0,0,1
SYN00031,128,5,1629,0,2,3,0,0,1
SYN00031,129,5,1605,1,2,3,0,0,1
SYN00031,130,5,1598,0,3,3,0,0,1
SYN00031,131,5,1593,1,3,3,0,0,1
SYN00031,132,5,1593,1,3,3,0,0,1
SYN00031,133,5,1576,0,3,3,0,0,1
SYN00031,134,5,1576,0,3,3,0,0,1
SYN00031,135,8,1562,1,3,3,0,0,1
SYN00031,136,8,1549,0,3,3,0,0,1
SYN00031,137,8,1549,0,3,3,0,0,1
SYN00031,138,10,1543,1,3,3,0,0,1
SYN00031,139,10,1537,0,4,3,0,0,1
SYN00031,140,10,1529,1,4,3,0,0,1
SYN00031,141,10,1529,1,4,3,0,0,1
SYN00031,142,10,1511,0,5,3,1,0,1
SYN00031,143,12,1493,1,5,3,1,0,1
SYN00031,144,12,1475,0,5,3,1,0,1
SYN00031,145,12,1453,1,5,3,1,0,1
SYN00031,146,12,1453,1,5,3,1,0,1
SYN00031,147,10,1440,0,5,3,1,0,1
SYN00031,148,10,1440,1,5,3,1,0,1
SYN00031,149,10,1440,1,5,3,1,0,1
SYN00031,150,10,1424,1,5,3,1,0,1
SYN00031,151,10,1424,1,5,3,1,0,1
SYN00031,152,10,1410,0,5,3,1,0,1
SYN00031,153,10,1397,1,5,3,1,0,1
SYN00031,154,10,1397,1,5,3,1,0,1
SYN00031,155,10,1385,0,5,3,1,0,1
SYN00031,156,10,1385,0,5,3,1,0,1
SYN00031,157,10,1374,1,5,3,1,0,1
SYN00031,158,10,1374,1,5,3,1,0,1
SYN00031,159,10,1359,0,5,3,1,0,1
SYN00031,160,10,1359,0,5,3,1,0,1
SYN00031,161,10,1344,1,5,3,1,0,1
SYN00031,162,10,1344,1,5,3,1,0,1
SYN00031,163,10,1336,0,5,3,1,0,1
SYN00031,164,10,1336,0,5,3,1,0,1
SYN00031,165,10,1319,1,5,3,1,0,1
SYN00031,166,8,1312,0,5,3,1,0,1
SYN00031,167,10,1305,1,5,3,1,0,1
SYN00031,168,8,1282,0,5,3,1,0,1
SYN00031,169,10,1263,1,5,3,1,0,1
SYN00031,170,8,1252,0,5,3,1,0,1
SYN00031,171,8,1240,1,5,4,1,0,1
SYN00031,172,6,1228,0,5,4,1,0,1
SYN00031,173,8,1222,1,5,4,1,0,1
SYN00031,174,8,1213,0,5,4,1,0,1
SYN00031,175,8,1213,0,5,4,1,0,1
SYN00031,176,8,1207,1,5,4,1,0,1
SYN00031,177,8,1207,1,5,4,1,0,1
SYN00031,178,6,1191,0,5,4,1,0,1
SYN00031,179,6,1169,1,5,5,1,1,1
SYN00031,180,6,1153,0,6,5,1,1,1
SYN00031,181,8,1138,1,6,5,1,1,1
SYN00031,182,6,1133,0,6,5,1,1,1
SYN00031,183,6,1118,1,6,5,1,1,1
SYN00031,184,6,1118,1,6,5,1,1,1
SYN00031,185,6,1102,0,6,5,1,1,1
SYN00031,186,6,1102,0,6,5,1,1,1
SYN00031,187,6,1089,1,6,5,1,1,1
SYN00031,188,6,1089,1,6,5,1,1,1
SYN00031,189,6,1072,0,6,5,1,1,1
SYN00031,190,6,1051,1,6,5,1,1,1
SYN00031,191,6,1051,1,6,5,1,1,1
SYN00031,192,6,1036,0,6,5,1,1,1
SYN00031,193,6,1036,0,6,5,1,1,1
SYN00031,194,8,1021,1,6,5,1,1,1
SYN00031,195,8,1006,0,7,5,1,1,1
SYN00031,196,8,1001,1,7,5,1,1,1
SYN00031,197,8,1001,1,7,5,1,1,1
SYN00031,198,8,988,0,7,5,1,1,1
SYN00031,199,8,988,0,7,5,1,1,1
SYN00031,200,11,982,1,7,5,1,1,1
SYN00031,201,9,970,0,7,5,1,1,1
SYN00031,202,11,959,1,7,5,1,1,1
SYN00031,203,9,947,0,7,5,1,1,1
SYN00031,204,9,929,1,7,5,1,1,1
SYN00031,205,9,929,1,7,5,1,1,1
SYN00031,206,9,918,0,7,5,1,1,1
SYN00031,207,9,918,0,7,5,1,1,1
SYN00031,208,9,895,1,7,6,1,1,1
SYN00031,209,7,872,0,7,6,1,1,1
SYN00031,210,9,852,1,7,6,1,1,1
SYN00031,211,9,847,0,7,6,1,1,1
SYN00031,212,9,847,0,7,6,1,1,1
SYN00031,213,9,826,1,7,6,1,1,1
SYN00031,214,9,826,1,7,6,1,1,1
SYN00031,215,9,809,0,7,6,1,1,1
SYN00031,216,9,809,0,7,6,1,1,1
SYN00031,217,9,786,1,7,6,1,1,1
SYN00031,218,9,786,1,7,6,1,1,1
SYN00031,219,9,772,0,7,6,1,1,1
SYN00031,220,9,772,0,7,6,1,1,1
SYN00031,221,9,765,1,7,6,1,1,1
SYN00031,222,9,765,1,7,6,1,1,1
SYN00031,223,9,747,0,7,6,1,1,1
SYN00031,224,9,747,0,7,6,1,1,1
SYN00031,225,9,740,1,7,6,1,1,1
SYN00031,226,9,740,1,7,6,1,1,1
SYN00031,227,9,720,0,7,6,1,1,1
SYN00031,228,9,720,0,7,6,1,1,1
SYN00031,229,9,720,1,7,6,1,1,1
SYN00031,230,9,720,1,7,6,1,1,1
SYN00031,231,11,713,1,7,6,1,1,1
SYN00031,232,11,705,0,7,6,1,1,1
SYN00031,233,11,705,0,7,6,1,1,1
SYN00031,234,11,695,1,7,6,1,1,1
SYN00031,235,11,695,1,7,6,1,1,1
SYN00031,236,11,680,0,7,6,1,1,1
SYN00031,237,11,675,1,7,6,1,1,1
SYN00031,238,8,665,0,7,6,1,1,1
SYN00031,239,8,644,1,7,6,1,1,1
SYN00031,240,8,644,1,7,6,1,1,1
SYN00031,241,6,635,0,7,6,1,1,1
SYN00031,242,6,625,1,7,7,1,1,1
SYN00031,243,6,604,0,7,7,1,1,1
SYN00031,244,6,604,0,7,7,1,1,1
SYN00031,245,9,581,1,7,7,1,1,1
SYN00031,246,7,558,0,7,7,1,1,1
SYN00031,247,7,543,1,7,7,1,1,1
SYN00031,248,7,543,1,7,7,1,1,1
SYN00031,249,7,528,0,7,7,1,1,1
SYN00031,250,7,528,0,7,7,1,1,1
SYN00031,251,9,523,1,7,7,1,1,1
SYN00031,252,7,500,0,7,7,1,1,1
SYN00031,253,7,488,1,7,7,1,1,1
SYN00031,254,7,488,1,7,7,1,1,1
SYN00031,255,7,483,0,7,7,1,1,1
SYN00031,256,7,483,0,7,7,1,1,1
SYN00031,257,9,461,1,7,7,1,1,1
SYN00031,258,9,444,0,8,7,1,1,1
SYN00031,259,11,436,1,8,7,1,1,1
SYN00031,260,11,429,0,8,7,1,1,1
SYN00031,261,11,429,0,8,7,1,1,1
SYN00031,262,11,417,1,8,7,1,1,1
SYN00031,263,11,417,1,8,7,1,1,1
SYN00031,264,8,402,0,8,7,1,1,1
SYN00031,265,8,390,1,8,7,1,1,1
SYN00031,266,8,390,1,8,7,1,1,1
SYN00031,267,8,383,0,8,7,1,1,1
SYN00031,268,8,383,0,8,7,1,1,1
SYN00031,269,8,373,1,8,7,1,1,1
SYN00031,270,8,373,1,8,7,1,1,1
SYN00031,271,8,350,0,8,7,1,1,1
SYN00031,272,8,350,0,8,7,1,1,1
SYN00031,273,10,328,1,8,7,1,1,1
SYN00031,274,10,310,0,8,7,1,1,1
SYN00031,275,10,310,0,8,7,1,1,1
SYN00031,276,12,305,1,8,7,1,1,1
SYN00031,277,9,287,0,8,7,1,1,1
SYN00031,278,9,265,1,8,7,1,1,1
SYN00031,279,9,265,1,8,7,1,1,1
SYN00031,280,9,242,0,9,7,1,1,1
SYN00031,281,9,235,1,9,7,1,1,1
SYN00031,282,9,235,1,9,7,1,1,1
SYN00031,283,9,217,0,10,7,1,1,1
SYN00031,284,9,207,1,10,7,1,1,1
SYN00031,285,9,207,1,10,7,1,1,1
SYN00031,286,7,198,0,10,7,1,1,1
SYN00031,287,7,175,1,10,7,1,1,1
SYN00031,288,5,156,0,10,7,1,1,1
SYN00031,289,5,141,1,10,7,1,1,1
SYN00031,290,5,141,1,10,7,1,1,1
SYN00031,291,3,130,0,10,7,1,1,1
SYN00031,292,3,120,1,10,7,1,1,1
SYN00031,293,3,120,1,10,7,1,1,1
SYN00031,294,3,105,0,10,7,1,1,1
SYN00031,295,3,105,0,10,7,1,1,1
SYN00031,296,5,81,1,10,7,1,1,1
SYN00031,297,5,75,0,10,7,1,1,1
SYN00031,298,5,75,0,10,7,1,1,1
SYN00031,299,5,55,1,10,7,1,1,1
SYN00031,300,5,55,1,10,7,1,1,1
SYN00031,301,2,38,0,10,7,1,1,1
SYN00031,302,4,16,1,10,7,1,1,1
SYN00031,303,2,0,0,10,7,1,1,1
SYN00031,304,2,0,1,10,7,1,1,1
SYN00032,1,0,2880,1,0,0,0,0,0
SYN00032,2,0,2874,1,0,0,0,0,0
SYN00032,3,0,2874,1,0,0,0,0,0
SYN00032,4,0,2862,0,0,0,0,0,0
SYN00032,5,0,2862,0,0,0,0,0,0
SYN00032,6,2,2844,1,0,0,0,0,0
SYN00032,7,-1,2826,0,0,0,0,0,0
SYN00032,8,1,2803,1,0,0,0,0,0
SYN00032,9,-1,2789,0,0,0,0,0,0
SYN00032,10,-1,2781,1,0,0,0,0,0
SYN00032,11,-1,2781,1,0,0,0,0,0
SYN00032,12,-1,2764,0,0,0,0,0,0
SYN00032,13,-1,2764,0,0,0,0,0,0
SYN00032,14,-1,2755,1,0,0,0,0,0
SYN00032,15,-1,2755,1,0,0,0,0,0
SYN00032,16,-1,2742,0,0,0,0,0,0
SYN00032,17,-1,2742,0,0,0,0,0,0
SYN00032,18,-1,2737,1,0,0,0,0,0
SYN00032,19,-1,2737,1,0,0,0,0,0
SYN00032,20,-1,2729,0,0,0,0,0,0
SYN00032,21,1,2717,1,0,0,0,0,0
SYN00032,22,-1,2697,0,0,0,0,0,0
SYN00032,23,2,2684,1,0,0,0,0,0
SYN00032,24,2,2668,0,0,0,0,0,0
SYN00032,25,2,2668,0,0,0,0,0,0
SYN00032,26,2,2648,1,0,0,0,0,0
SYN00032,27,2,2648,1,0,0,0,0,0
SYN00032,28,2,2631,0,0,0,0,0,0
SYN00032,29,2,2631,0,0,0,0,0,0
SYN00032,30,4,2622,1,0,0,0,0,0
SYN00032,31,2,2616,0,0,0,0,0,0
SYN00032,32,4,2596,1,0,0,0,0,0
SYN00032,33,4,2583,0,0,0,0,0,0
SYN00032,34,4,2583,0,0,0,0,0,0
SYN00032,35,4,2573,1,0,0,0,0,0
SYN00032,36,4,2573,1,0,0,0,0,0
SYN00032,37,4,2558,0,0,0,0,0,0
SYN00032,38,4,2558,0,0,0,0,0,0
SYN00032,39,6,2548,1,0,0,0,0,0
SYN00032,40,4,2534,0,0,0,0,0,0
SYN00032,41,4,2514,1,0,1,0,0,0
SYN00032,42,2,2496,0,0,1,0,0,0
SYN00032,43,4,2489,1,0,1,0,0,0
SYN00032,44,4,2482,0,1,1,0,0,0
SYN00032,45,4,2477,1,1,1,0,0,0
SYN00032,46,4,2477,1,1,1,0,0,0
SYN00032,47,2,2453,0,1,1,0,0,0
SYN00032,48,5,2433,1,1,1,0,0,0
SYN00032,49,3,2420,0,1,1,0,0,0
SYN00032,50,3,2413,1,1,1,0,0,0
SYN00032,51,3,2413,1,1,1,0,0,0
SYN00032,52,3,2407,0,1,1,0,0,0
SYN00032,53,3,2407,0,1,1,0,0,0
SYN00032,54,3,2399,1,1,1,0,0,0
SYN00032,55,3,2399,1,1,1,0,0,0
SYN00032,56,1,2394,0,1,1,0,0,0
SYN00032,57,3,2387,1,1,1,0,0,0
SYN00032,58,3,2366,0,1,1,0,0,0
SYN00032,59,3,2366,0,1,1,0,0,0
SYN00032,60,3,2355,1,1,1,0,0,0
SYN00032,61,3,2355,1,1,1,0,0,0
SYN00032,62,1,2339,0,1,1,0,0,0
SYN00032,63,1,2328,1,1,1,0,0,0
SYN00032,64,1,2328,1,1,1,0,0,0
SYN00032,65,1,2312,0,1,1,0,0,0
SYN00032,66,1,2312,0,1,1,0,0,0
SYN00032,67,1,2299,1,1,1,0,0,0
SYN00032,68,1,2299,1,1,1,0,0,0
SYN00032,69,-2,2278,0,1,1,0,0,0
SYN00032,70,-2,2271,1,1,1,0,0,0
SYN00032,71,-2,2254,0,1,1,0,0,0
SYN00032,72,-2,2254,0,1,1,0,0,0
SYN00032,73,-2,2246,1,1,1,0,0,0
SYN00032,74,-2,2246,1,1,1,0,0,0
SYN00032,75,-2,2224,0,1,1,0,0,0
SYN00032,76,-2,2224,0,1,1,0,0,0
SYN00032,77,0,2211,1,1,1,0,0,0
SYN00032,78,0,2203,0,1,1,0,0,0
SYN00032,79,0,2203,0,1,1,0,0,0
SYN00032,80,2,2198,1,1,1,0,0,0
SYN00032,81,2,2186,0,1,1,0,0,0
SYN00032,82,2,2186,0,1,1,0,0,0
SYN00032,83,2,2177,1,1,1,0,0,0
SYN00032,84,2,2177,1,1,1,0,0,0
SYN00032,85,2,2160,0,1,1,0,0,0
SYN00032,86,2,2160,0,1,1,0,0,0
SYN00032,87,2,2160,1,1,1,0,0,0
SYN00032,88,2,2160,1,1,1,0,0,0
SYN00032,89,2,2143,1,1,1,0,0,0
SYN00032,90,2,2143,1,1,1,0,0,0
SYN00032,91,2,2137,0,1,1,0,0,0
SYN00032,92,2,2137,0,1,1,0,0,0
SYN00032,93,5,2116,1,1,1,0,0,0
SYN00032,94,5,2092,0,2,1,0,0,0
SYN00032,95,5,2086,1,2,1,0,0,0
SYN00032,96,5,2086,1,2,1,0,0,0
SYN00032,97,5,2073,0,2,1,0,0,0
SYN00032,98,5,2073,0,2,1,0,0,0
SYN00032,99,5,2061,1,2,1,0,0,0
SYN00032,100,5,2061,1,2,1,0,0,0
SYN00032,101,5,2050,0,2,1,0,0,0
SYN00032,102,5,2032,1,2,1,0,0,0
SYN00032,103,5,2032,1,2,1,0,0,0
SYN00032,104,5,2021,0,2,1,0,0,0
SYN00032,105,5,2021,0,2,1,0,0,0
SYN00032,106,7,2008,1,2,1,0,0,0
SYN00032,107,7,1985,0,2,1,0,0,0
SYN00032,108,7,1985,0,2,1,0,0,0
SYN00032,109,7,1977,1,2,1,0,0,0
SYN00032,110,7,1977,1,2,1,0,0,0
SYN00032,111,7,1963,0,3,1,0,0,0
SYN00032,112,7,1955,1,3,1,0,0,0
SYN00032,113,7,1955,1,3,1,0,0,0
SYN00032,114,7,1934,0,3,1,0,0,0
SYN00032,115,7,1934,0,3,1,0,0,0
SYN00032,116,7,1915,1,3,1,0,0,0
SYN00032,117,7,1915,1,3,1,0,0,0
SYN00032,118,5,1893,0,3,1,0,0,0
SYN00032,119,5,1869,1,3,1,0,0,0
SYN00032,120,5,1869,1,3,1,0,0,0
SYN00032,121,5,1859,0,3,1,0,0,0
SYN00032,122,5,1859,0,3,1,0,0,0
SYN00032,123,7,1848,1,3,1,0,0,0
SYN00032,124,7,1824,0,3,1,0,0,0
SYN00032,125,7,1824,0,3,1,0,0,0
SYN00032,126,7,1810,1,3,1,0,0,0
SYN00032,127,7,1810,1,3,1,0,0,0
SYN00032,128,5,1804,0,3,1,0,0,0
SYN00032,129,7,1793,1,3,1,0,0,0
SYN00032,130,7,1770,0,3,1,0,0,0
SYN00032,131,7,1758,1,3,1,0,0,0
SYN00032,132,7,1758,1,3,1,0,0,0
SYN00032,133,5,1734,0,3,1,0,0,0
SYN00032,134,5,1712,1,3,1,0,0,0
SYN00032,135,5,1703,0,3,1,0,0,0
SYN00032,136,5,1703,0,3,1,0,0,0
SYN00032,137,7,1683,1,3,1,0,0,0
SYN00032,138,5,1660,0,3,1,0,0,0
SYN00032,139,5,1638,1,3,1,0,0,0
SYN00032,140,3,1633,0,3,1,0,0,0
SYN00032,141,3,1616,1,3,1,0,0,0
SYN00032,142,1,1605,0,3,1,0,0,0
SYN00032,143,4,1583,1,3,1,0,0,0
SYN00032,144,2,1564,0,3,1,0,0,0
SYN00032,145,2,1556,1,3,1,0,0,0
SYN00032,146,2,1556,1,3,1,0,0,0
SYN00032,147,0,1532,0,3,1,0,0,0
SYN00032,148,0,1517,1,3,1,0,0,0
SYN00032,149,0,1517,1,3,1,0,0,0
SYN00032,150,-3,1508,0,3,1,0,0,0
SYN00032,151,-3,1498,1,3,1,0,0,0
SYN00032,152,-3,1488,0,4,1,0,0,0
SYN00032,153,-3,1482,1,4,1,0,0,0
SYN00032,154,-3,1482,1,4,1,0,0,0
SYN00032,155,-5,1472,0,4,1,0,0,0
SYN00032,156,-3,1454,1,4,1,0,0,0
SYN00032,157,-6,1440,0,4,1,0,0,0
SYN00032,158,-6,1440,1,4,1,0,0,0
SYN00032,159,-6,1440,1,4,1,0,0,0
SYN00032,160,-6,1435,1,4,1,0,0,0
SYN00032,161,-6,1435,1,4,1,0,0,0
SYN00032,162,-6,1429,0,4,1,0,0,0
SYN00032,163,-6,1429,0,4,1,0,0,0
SYN00032,164,-6,1416,1,4,1,0,0,0
SYN00032,165,-6,1416,1,4,1,0,0,0
SYN00032,166,-6,1398,0,4,1,0,0,0
SYN00032,167,-6,1398,0,4,1,0,0,0
SYN00032,168,-6,1381,1,4,1,0,0,0
SYN00032,169,-6,1381,1,4,1,0,0,0
SYN00032,170,-6,1371,0,4,1,0,0,0
SYN00032,171,-6,1371,0,4,1,0,0,0
SYN00032,172,-6,1359,1,4,1,0,0,0
SYN00032,173,-6,1359,1,4,1,0,0,0
SYN00032,174,-8,1342,0,4,1,0,0,0
SYN00032,175,-6,1330,1,4,1,0,0,0
SYN00032,176,-6,1308,0,4,1,0,0,0
SYN00032,177,-6,1308,0,4,1,0,0,0
SYN00032,178,-4,1286,1,4,1,0,0,0
SYN00032,179,-6,1265,0,4,1,0,0,0
SYN00032,180,-4,1257,1,4,1,0,0,0
SYN00032,181,-4,1252,0,4,1,0,0,0
SYN00032,182,-4,1252,0,4,1,0,0,0
SYN00032,183,-4,1238,1,4,1,0,0,0
SYN00032,184,-4,1238,1,4,1,0,0,0
SYN00032,185,-4,1223,0,4,1,0,0,0
SYN00032,186,-4,1223,0,4,1,0,0,0
SYN00032,187,-4,1200,1,4,2,0,0,0
SYN00032,188,-6,1178,0,4,2,0,0,0
SYN00032,189,-6,1171,1,4,2,0,0,0
SYN00032,190,-6,1171,1,4,2,0,0,0
SYN00032,191,-9,1159,0,4,2,0,0,0
SYN00032,192,-7,1143,1,4,2,0,0,0
SYN00032,193,-7,1121,0,4,2,0,0,0
SYN00032,194,-7,1121,0,4,2,0,0,0
SYN00032,195,-7,1100,1,4,2,0,0,0
SYN00032,196,-7,1100,1,4,2,0,0,0
SYN00032,197,-9,1082,0,4,2,0,0,0
SYN00032,198,-7,1077,1,4,2,0,0,0
SYN00032,199,-10,1060,0,4,2,0,0,0
SYN00032,200,-10,1051,1,4,2,0,0,0
SYN00032,201,-10,1051,1,4,2,0,0,0
SYN00032,202,-10,1034,0,5,2,1,0,0
SYN00032,203,-10,1024,1,5,2,1,0,0
SYN00032,204,-10,1024,1,5,2,1,0,0
SYN00032,205,-13,1011,0,5,2,1,0,0
SYN00032,206,-11,997,1,5,2,1,0,0
SYN00032,207,-11,990,0,5,2,1,0,0
SYN00032,208,-11,990,0,5,2,1,0,0
SYN00032,209,-11,980,1,5,2,1,0,0
SYN00032,210,-11,980,1,5,2,1,0,0
SYN00032,211,-11,969,0,5,2,1,0,0
SYN00032,212,-11,964,1,5,2,1,0,0
SYN00032,213,-11,964,1,5,2,1,0,0
SYN00032,214,-13,958,0,5,2,1,0,0
SYN00032,215,-13,953,1,5,2,1,0,0
SYN00032,216,-13,953,1,5,2,1,0,0
SYN00032,217,-13,935,0,6,2,1,0,0
SYN00032,218,-10,921,1,6,2,1,0,0
SYN00032,219,-10,915,0,6,2,1,0,0
SYN00032,220,-10,915,0,6,2,1,0,0
SYN00032,221,-8,897,1,6,2,1,0,0
SYN00032,222,-8,889,0,6,2,1,0,0
SYN00032,223,-8,889,0,6,2,1,0,0
SYN00032,224,-8,866,1,6,2,1,0,0
SYN00032,225,-8,866,1,6,2,1,0,0
SYN00032,226,-10,845,0,6,2,1,0,0
SYN00032,227,-10,828,1,6,2,1,0,0
SYN00032,228,-10,828,1,6,2,1,0,0
SYN00032,229,-10,805,0,6,2,1,0,0
SYN00032,230,-10,805,0,6,2,1,0,0
SYN00032,231,-10,797,1,6,2,1,0,0
SYN00032,232,-10,797,1,6,2,1,0,0
SYN00032,233,-12,778,0,6,2,1,0,0
SYN00032,234,-12,754,1,6,2,1,0,0
SYN00032,235,-12,754,1,6,2,1,0,0
SYN00032,236,-12,747,0,7,2,1,0,0
SYN00032,237,-12,737,1,7,2,1,0,0
SYN00032,238,-12,737,1,7,2,1,0,0
SYN00032,239,-12,723,0,7,2,1,0,0
SYN00032,240,-10,720,1,7,2,1,0,0
SYN00032,241,-10,720,0,7,2,1,0,0
SYN00032,242,-10,720,0,7,2,1,0,0
SYN00032,243,-10,714,0,7,2,1,0,0
SYN00032,244,-10,714,0,7,2,1,0,0
SYN00032,245,-10,690,1,7,2,1,0,0
SYN00032,246,-10,672,0,7,2,1,0,0
SYN00032,247,-10,648,1,7,2,1,0,0
SYN00032,248,-10,648,1,7,2,1,0,0
SYN00032,249,-10,628,0,7,2,1,0,0
SYN00032,250,-10,628,0,7,2,1,0,0
SYN00032,251,-8,610,1,7,2,1,0,0
SYN00032,252,-8,598,0,7,2,1,0,0
SYN00032,253,-8,598,0,7,2,1,0,0
SYN00032,254,-8,585,1,7,2,1,0,0
SYN00032,255,-8,585,1,7,2,1,0,0
SYN00032,256,-8,564,0,7,2,1,0,0
SYN00032,257,-8,564,0,7,2,1,0,0
SYN00032,258,-8,545,1,7,2,1,0,0
SYN00032,259,-8,545,1,7,2,1,0,0
SYN00032,260,-8,527,0,7,2,1,0,0
SYN00032,261,-8,527,0,7,2,1,0,0
SYN00032,262,-8,504,1,7,2,1,0,0
SYN00032,263,-8,504,1,7,2,1,0,0
SYN00032,264,-10,499,0,7,2,1,0,0
SYN00032,265,-10,492,1,7,3,1,0,0
SYN00032,266,-10,476,0,7,3,1,0,0
SYN00032,267,-10,476,0,7,3,1,0,0
SYN00032,268,-10,467,1,7,3,1,0,0
SYN00032,269,-10,467,1,7,3,1,0,0
SYN00032,270,-10,460,0,7,3,1,0,0
SYN00032,271,-10,460,0,7,3,1,0,0
SYN00032,272,-10,448,1,7,3,1,0,0
SYN00032,273,-10,448,1,7,3,1,0,0
SYN00032,274,-12,440,0,7,3,1,0,0
SYN00032,275,-10,433,1,7,3,1,0,0
SYN00032,276,-10,419,0,7,3,1,0,0
SYN00032,277,-10,419,0,7,3,1,0,0
SYN00032,278,-8,404,1,7,3,1,0,0
SYN00032,279,-8,386,0,8,3,1,0,0
SYN00032,280,-5,378,1,8,3,1,0,0
SYN00032,281,-5,373,0,8,3,1,0,0
SYN00032,282,-5,373,0,8,3,1,0,0
SYN00032,283,-5,356,1,8,4,1,0,0
SYN00032,284,-5,337,0,8,4,1,0,0
SYN00032,285,-5,337,0,8,4,1,0,0
SYN00032,286,-5,326,1,8,4,1,0,0
SYN00032,287,-5,326,1,8,4,1,0,0
SYN00032,288,-5,316,0,8,4,1,0,0
SYN00032,289,-5,316,0,8,4,1,0,0
SYN00032,290,-5,303,1,8,4,1,0,0
SYN00032,291,-5,303,1,8,4,1,0,0
SYN00032,292,-5,292,0,8,4,1,0,0
SYN00032,293,-5,292,0,8,4,1,0,0
SYN00032,294,-5,273,1,8,4,1,0,0
SYN00032,295,-5,273,1,8,4,1,0,0
SYN00032,296,-7,262,0,8,4,1,0,0
SYN00032,297,-7,255,1,8,4,1,0,0
SYN00032,298,-7,255,1,8,4,1,0,0
SYN00032,299,-7,245,0,8,4,1,0,0
SYN00032,300,-7,245,0,8,4,1,0,0
SYN00032,301,-7,225,1,8,4,1,0,0
SYN00032,302,-7,225,1,8,4,1,0,0
SYN00032,303,-7,204,0,8,4,1,0,0
SYN00032,304,-7,204,0,8,4,1,0,0
SYN00032,305,-5,199,1,8,4,1,0,0
SYN00032,306,-7,190,0,8,4,1,0,0
SYN00032,307,-7,179,1,8,4,1,0,0
SYN00032,308,-7,179,1,8,4,1,0,0
SYN00032,309,-7,163,0,9,4,1,0,0
SYN00032,310,-7,157,1,9,4,1,0,0
SYN00032,311,-7,157,1,9,4,1,0,0
SYN00032,312,-7,148,0,9,4,1,0,0
SYN00032,313,-7,148,0,9,4,1,0,0
SYN00032,314,-5,130,1,9,4,1,0,0
SYN00032,315,-7,119,0,9,4,1,0,0
SYN00032,316,-7,98,1,9,4,1,0,0
SYN00032,317,-7,98,1,9,4,1,0,0
SYN00032,318,-9,82,0,9,4,1,0,0
SYN00032,319,-9,75,1,9,4,1,0,0
SYN00032,320,-9,75,1,9,4,1,0,0
SYN00032,321,-9,57,0,9,4,1,0,0
SYN00032,322,-9,57,0,9,4,1,0,0
SYN00032,323,-9,39,1,9,5,1,1,0
SYN00032,324,-9,33,0,9,5,1,1,0
SYN00032,325,-9,33,0,9,5,1,1,0
SYN00032,326,-7,10,1,9,5,1,1,0
SYN00032,327,-9,3,0,9,5,1,1,0
SYN00032,328,-9,0,1,9,6,1,1,0
SYN00032,329,-9,0,0,9,6,1,1,0
SYN00033,1,0,2880,0,0,0,0,0,1
SYN00033,2,0,2862,0,0,0,0,0,1
SYN00033,3,0,2862,0,0,0,0,0,1
SYN00033,4,2,2846,1,0,0,0,0,1
SYN00033,5,2,2828,0,0,0,0,0,1
SYN00033,6,2,2828,0,0,0,0,0,1
SYN00033,7,4,2805,1,0,0,0,0,1
SYN00033,8,4,2784,0,0,0,0,0,1
SYN00033,9,4,2784,0,0,0,0,0,1
SYN00033,10,4,2774,1,0,0,0,0,1
SYN00033,11,4,2774,1,0,0,0,0,1
SYN00033,12,2,2769,0,0,0,0,0,1
SYN00033,13,5,2759,1,0,0,0,0,1
SYN00033,14,2,2736,0,0,0,0,0,1
SYN00033,15,2,2727,1,0,0,0,0,1
SYN00033,16,2,2727,1,0,0,0,0,1
SYN00033,17,-1,2713,0,0,0,0,0,1
SYN00033,18,1,2693,1,0,0,0,0,1
SYN00033,19,-1,2682,0,0,0,0,0,1
SYN00033,20,1,2660,1,0,0,0,0,1
SYN00033,21,1,2653,0,0,0,0,0,1
SYN00033,22,1,2653,0,0,0,0,0,1
SYN00033,23,1,2641,1,0,0,0,0,1
SYN00033,24,1,2625,0,0,0,0,0,1
SYN00033,25,1,2625,0,0,0,0,0,1
SYN00033,26,1,2616,1,0,0,0,0,1
SYN00033,27,-2,2592,0,0,0,0,0,1
SYN00033,28,1,2573,1,0,0,0,0,1
SYN00033,29,1,2560,0,0,0,0,0,1
SYN00033,30,1,2560,0,0,0,0,0,1
SYN00033,31,1,2552,1,0,0,0,0,1
SYN00033,32,1,2552,1,0,0,0,0,1
SYN00033,33,1,2537,0,0,0,0,0,1
SYN00033,34,1,2537,0,0,0,0,0,1
SYN00033,35,1,2532,1,0,1,0,0,1
SYN00033,36,1,2519,0,0,1,0,0,1
SYN00033,37,1,2519,0,0,1,0,0,1
SYN00033,38,1,2501,1,0,1,0,0,1
SYN00033,39,1,2501,1,0,1,0,0,1
SYN00033,40,-1,2486,0,0,1,0,0,1
SYN00033,41,1,2464,1,0,1,0,0,1
SYN00033,42,1,2445,0,1,1,0,0,1
SYN00033,43,1,2423,1,1,1,0,0,1
SYN00033,44,1,2423,1,1,1,0,0,1
SYN00033,45,1,2416,0,1,1,0,0,1
SYN00033,46,1,2416,0,1,1,0,0,1
SYN00033,47,1,2404,1,1,1,0,0,1
SYN00033,48,1,2404,1,1,1,0,0,1
SYN00033,49,-2,2394,0,1,1,0,0,1
SYN00033,50,-2,2374,1,1,2,0,0,1
SYN00033,51,-4,2363,0,1,2,0,0,1
SYN00033,52,-1,2352,1,1,2,0,0,1
SYN00033,53,-1,2343,0,2,2,0,0,1
SYN00033,54,1,2319,1,2,2,0,0,1
SYN00033,55,1,2314,0,2,2,0,0,1
SYN00033,56,3,2301,1,2,2,0,0,1
SYN00033,57,3,2286,0,2,2,0,0,1
SYN00033,58,3,2286,0,2,2,0,0,1
SYN00033,59,3,2264,1,2,3,0,0,1
SYN00033,60,3,2252,0,2,3,0,0,1
SYN00033,61,3,2252,0,2,3,0,0,1
SYN00033,62,3,2241,1,2,3,0,0,1
SYN00033,63,3,2241,1,2,3,0,0,1
SYN00033,64,1,2217,0,2,3,0,0,1
SYN00033,65,1,2197,1,2,4,0,0,1
SYN00033,66,1,2178,0,3,4,0,0,1
SYN00033,67,1,2165,1,3,4,0,0,1
SYN00033,68,1,2165,1,3,4,0,0,1
SYN00033,69,-2,2160,0,3,4,0,0,1
SYN00033,70,-2,2160,1,3,4,0,0,1
SYN00033,71,-2,2160,1,3,4,0,0,1
SYN00033,72,-2,2145,1,3,4,0,0,1
SYN00033,73,-2,2145,1,3,4,0,0,1
SYN00033,74,-2,2135,0,4,4,0,0,1
SYN00033,75,0,2116,1,4,4,0,0,1
SYN00033,76,0,2110,0,4,4,0,0,1
SYN00033,77,0,2110,0,4,4,0,0,1
SYN00033,78,0,2087,1,4,4,0,0,1
SYN00033,79,0,2087,1,4,4,0,0,1
SYN00033,80,-2,2080,0,4,4,0,0,1
SYN00033,81,-2,2070,1,4,4,0,0,1
SYN00033,82,-2,2070,1,4,4,0,0,1
SYN00033,83,-4,2050,0,4,4,0,0,1
SYN00033,84,-4,2040,1,4,4,0,0,1
SYN00033,85,-4,2040,1,4,4,0,0,1
SYN00033,86,-4,2022,0,4,4,0,0,1
SYN00033,87,-4,2022,0,4,4,0,0,1
SYN00033,88,-4,1999,1,4,4,0,0,1
SYN00033,89,-4,1989,0,4,4,0,0,1
SYN00033,90,-4,1989,0,4,4,0,0,1
SYN00033,91,-4,1970,1,4,4,0,0,1
SYN00033,92,-4,1970,1,4,4,0,0,1
SYN00033,93,-4,1946,0,4,4,0,0,1
SYN00033,94,-4,1946,0,4,4,0,0,1
SYN00033,95,-4,1926,1,4,4,0,0,1
SYN00033,96,-4,1926,1,4,4,0,0,1
SYN00033,97,-4,1921,0,4,4,0,0,1
SYN00033,98,-4,1921,0,4,4,0,0,1
SYN00033,99,-2,1898,1,4,4,0,0,1
SYN00033,100,-2,1878,0,4,4,0,0,1
SYN00033,101,-2,1861,1,4,4,0,0,1
SYN00033,102,-2,1861,1,4,4,0,0,1
SYN00033,103,-2,1853,0,4,4,0,0,1
SYN00033,104,-2,1853,0,4,4,0,0,1
SYN00033,105,-2,1845,1,4,4,0,0,1
SYN00033,106,-2,1845,1,4,4,0,0,1
SYN00033,107,-2,1836,0,4,4,0,0,1
SYN00033,108,-2,1831,1,4,4,0,0,1
SYN00033,109,-2,1831,1,4,4,0,0,1
SYN00033,110,-2,1813,0,4,4,0,0,1
SYN00033,111,-2,1813,0,4,4,0,0,1
SYN00033,112,-2,1794,1,4,4,0,0,1
SYN00033,113,-2,1794,1,4,4,0,0,1
SYN00033,114,-4,1783,0,4,4,0,0,1
SYN00033,115,-2,1768,1,4,4,0,0,1
SYN00033,116,-2,1761,0,4,4,0,0,1
SYN00033,117,-2,1761,0,4,4,0,0,1
SYN00033,118,-2,1756,1,4,5,0,1,1
SYN00033,119,-5,1740,0,4,5,0,1,1
SYN00033,120,-2,1730,1,4,5,0,1,1
SYN00033,121,-2,1709,0,5,5,1,1,1
SYN00033,122,0,1689,1,5,5,1,1,1
SYN00033,123,-2,1675,0,5,5,1,1,1
SYN00033,124,-2,1659,1,5,5,1,1,1
SYN00033,125,-2,1659,1,5,5,1,1,1
SYN00033,126,-2,1641,0,5,5,1,1,1
SYN00033,127,-2,1641,0,5,5,1,1,1
SYN00033,128,-2,1618,1,5,5,1,1,1
SYN00033,129,-2,1618,1,5,5,1,1,1
SYN00033,130,-2,1607,0,5,5,1,1,1
SYN00033,131,-2,1607,0,5,5,1,1,1
SYN00033,132,-2,1585,1,5,5,1,1,1
SYN00033,133,-2,1585,1,5,5,1,1,1
SYN00033,134,-2,1580,0,5,5,1,1,1
SYN00033,135,-2,1580,0,5,5,1,1,1
SYN00033,136,0,1565,1,5,5,1,1,1
SYN00033,137,0,1545,0,5,5,1,1,1
SYN00033,138,0,1545,0,5,5,1,1,1
SYN00033,139,0,1528,1,5,5,1,1,1
SYN00033,140,0,1528,1,5,5,1,1,1
SYN00033,141,0,1513,0,5,5,1,1,1
SYN00033,142,0,1513,0,5,5,1,1,1
SYN00033,143,0,1490,1,5,5,1,1,1
SYN00033,144,0,1490,1,5,5,1,1,1
SYN00033,145,0,1477,0,6,5,1,1,1
SYN00033,146,0,1461,1,6,5,1,1,1
SYN00033,147,0,1445,0,7,5,1,1,1
SYN00033,148,0,1440,1,7,6,1,1,1
SYN00033,149,0,1440,0,7,6,1,1,1
SYN00033,150,0,1440,0,7,6,1,1,1
SYN00033,151,0,1420,0,7,6,1,1,1
SYN00033,152,0,1420,0,7,6,1,1,1
SYN00033,153,0,1409,1,7,6,1,1,1
SYN00033,154,0,1409,1,7,6,1,1,1
SYN00033,155,-2,1404,0,7,6,1,1,1
SYN00033,156,0,1392,1,7,6,1,1,1
SYN00033,157,-2,1384,0,7,6,1,1,1
SYN00033,158,-2,1370,1,7,6,1,1,1
SYN00033,159,-2,1350,0,7,6,1,1,1
SYN00033,160,-2,1350,0,7,6,1,1,1
SYN00033,161,0,1332,1,7,6,1,1,1
SYN00033,162,-2,1312,0,7,6,1,1,1
SYN00033,163,1,1294,1,7,6,1,1,1
SYN00033,164,1,1288,0,7,6,1,1,1
SYN00033,165,1,1288,0,7,6,1,1,1
SYN00033,166,1,1272,1,7,6,1,1,1
SYN00033,167,1,1272,1,7,6,1,1,1
SYN00033,168,-1,1248,0,7,6,1,1,1
SYN00033,169,-1,1239,1,7,6,1,1,1
SYN00033,170,-1,1239,1,7,6,1,1,1
SYN00033,171,-3,1231,0,7,6,1,1,1
SYN00033,172,-1,1211,1,7,6,1,1,1
SYN00033,173,-1,1189,0,7,6,1,1,1
SYN00033,174,-1,1167,1,7,7,1,1,1
SYN00033,175,-3,1143,0,7,7,1,1,1
SYN00033,176,-3,1132,1,7,8,1,1,1
SYN00033,177,-5,1113,0,7,8,1,1,1
SYN00033,178,-5,1100,1,7,8,1,1,1
SYN00033,179,-5,1100,1,7,8,1,1,1
SYN00033,180,-5,1081,0,7,8,1,1,1
SYN00033,181,-5,1081,0,7,8,1,1,1
SYN00033,182,-5,1069,1,7,8,1,1,1
SYN00033,183,-5,1069,1,7,8,1,1,1
SYN00033,184,-5,1062,0,7,8,1,1,1
SYN00033,185,-5,1041,1,7,8,1,1,1
SYN00033,186,-5,1041,1,7,8,1,1,1
SYN00033,187,-5,1018,0,7,8,1,1,1
SYN00033,188,-5,1018,0,7,8,1,1,1
SYN00033,189,-5,1003,1,7,9,1,1,1
SYN00033,190,-7,991,0,7,9,1,1,1
SYN00033,191,-4,981,1,7,9,1,1,1
SYN00033,192,-4,972,0,7,9,1,1,1
SYN00033,193,-4,972,0,7,9,1,1,1
SYN00033,194,-4,952,1,7,9,1,1,1
SYN00033,195,-4,952,1,7,9,1,1,1
SYN00033,196,-4,934,0,7,9,1,1,1
SYN00033,197,-4,934,0,7,9,1,1,1
SYN00033,198,-4,915,1,7,10,1,1,1
SYN00033,199,-4,901,0,7,10,1,1,1
SYN00033,200,-2,894,1,7,10,1,1,1
SYN00033,201,-2,877,0,8,10,1,1,1
SYN00033,202,0,864,1,8,10,1,1,1
SYN00033,203,0,856,0,8,10,1,1,1
SYN00033,204,0,856,0,8,10,1,1,1
SYN00033,205,0,832,1,8,10,1,1,1
SYN00033,206,0,832,1,8,10,1,1,1
SYN00033,207,0,809,0,8,10,1,1,1
SYN00033,208,0,809,0,8,10,1,1,1
SYN00033,209,2,788,1,8,10,1,1,1
SYN00033,210,2,778,0,9,10,1,1,1
SYN00033,211,2,771,1,9,10,1,1,1
SYN00033,212,2,771,1,9,10,1,1,1
SYN00033,213,0,750,0,9,10,1,1,1
SYN00033,214,3,735,1,9,10,1,1,1
SYN00033,215,3,722,0,9,10,1,1,1
SYN00033,216,3,722,0,9,10,1,1,1
SYN00033,217,5,720,1,9,10,1,1,1
SYN00033,218,5,720,0,9,10,1,1,1
SYN00033,219,5,720,0,9,10,1,1,1
SYN00033,220,5,699,0,9,10,1,1,1
SYN00033,221,5,699,0,9,10,1,1,1
SYN00033,222,5,680,1,9,10,1,1,1
SYN00033,223,5,680,1,9,10,1,1,1
SYN00033,224,5,661,0,9,10,1,1,1
SYN00033,225,5,661,0,9,10,1,1,1
SYN00033,226,5,653,1,9,10,1,1,1
SYN00033,227,5,653,1,9,10,1,1,1
SYN00033,228,3,638,0,9,10,1,1,1
SYN00033,229,3,625,1,9,10,1,1,1
SYN00033,230,3,617,0,9,10,1,1,1
SYN00033,231,3,617,0,9,10,1,1,1
SYN00033,232,3,603,1,9,10,1,1,1
SYN00033,233,3,603,1,9,10,1,1,1
SYN00033,234,3,589,0,10,10,1,1,1
SYN00033,235,3,573,1,10,10,1,1,1
SYN00033,236,3,573,1,10,10,1,1,1
SYN00033,237,3,567,0,10,10,1,1,1
SYN00033,238,3,567,0,10,10,1,1,1
SYN00033,239,3,556,1,10,10,1,1,1
SYN00033,240,3,556,1,10,10,1,1,1
SYN00033,241,3,548,0,10,10,1,1,1
SYN00033,242,3,548,0,10,10,1,1,1
SYN00033,243,3,543,1,10,10,1,1,1
SYN00033,244,3,543,1,10,10,1,1,1
SYN00033,245,3,537,0,10,10,1,1,1
SYN00033,246,5,526,1,10,10,1,1,1
SYN00033,247,2,515,0,10,10,1,1,1
SYN00033,248,2,508,1,10,10,1,1,1
SYN00033,249,2,508,1,10,10,1,1,1
SYN00033,250,2,496,0,10,10,1,1,1
SYN00033,251,2,496,0,10,10,1,1,1
SYN00033,252,4,482,1,10,10,1,1,1
SYN00033,253,4,463,0,10,10,1,1,1
SYN00033,254,4,463,0,10,10,1,1,1
SYN00033,255,6,448,1,10,10,1,1,1
SYN00033,256,6,441,0,11,10,1,1,1
SYN00033,257,6,428,1,11,10,1,1,1
SYN00033,258,6,428,1,11,10,1,1,1
SYN00033,259,6,412,0,11,10,1,1,1
SYN00033,260,6,412,0,11,10,1,1,1
SYN00033,261,6,393,1,11,10,1,1,1
SYN00033,262,6,393,1,11,10,1,1,1
SYN00033,263,3,373,0,11,10,1,1,1
SYN00033,264,5,356,1,11,10,1,1,1
SYN00033,265,5,339,0,11,10,1,1,1
SYN00033,266,8,322,1,11,10,1,1,1
SYN00033,267,8,309,0,11,10,1,1,1
SYN00033,268,8,309,0,11,10,1,1,1
SYN00033,269,8,287,1,11,10,1,1,1
SYN00033,270,8,287,1,11,10,1,1,1
SYN00033,271,8,279,0,12,10,1,1,1
SYN00033,272,8,272,1,12,10,1,1,1
SYN00033,273,8,272,1,12,10,1,1,1
SYN00033,274,5,256,0,12,10,1,1,1
SYN00033,275,7,235,1,12,10,1,1,1
SYN00033,276,7,218,0,12,10,1,1,1
SYN00033,277,7,218,0,12,10,1,1,1
SYN00033,278,9,194,1,12,10,1,1,1
SYN00033,279,9,182,0,12,10,1,1,1
SYN00033,280,9,182,0,12,10,1,1,1
SYN00033,281,9,173,1,12,10,1,1,1
SYN00033,282,7,166,0,12,10,1,1,1
SYN00033,283,7,154,1,12,10,1,1,1
SYN00033,284,7,154,1,12,10,1,1,1
SYN00033,285,7,140,0,13,10,1,1,1
SYN00033,286,9,118,1,13,10,1,1,1
SYN00033,287,7,103,0,13,10,1,1,1
SYN00033,288,7,98,1,13,11,1,1,1
SYN00033,289,7,82,0,13,11,1,1,1
SYN00033,290,7,76,1,13,11,1,1,1
SYN00033,291,7,76,1,13,11,1,1,1
SYN00033,292,5,62,0,13,11,1,1,1
SYN00033,293,7,46,1,13,11,1,1,1
SYN00033,294,4,29,0,13,11,1,1,1
SYN00033,295,7,6,1,13,11,1,1,1
SYN00033,296,5,0,0,13,11,1,1,1
SYN00033,297,5,0,1,13,11,1,1,1
SYN00034,1,0,2880,1,0,0,0,0,1
SYN00034,2,2,2874,1,0,0,0,0,1
SYN00034,3,2,2856,0,1,0,0,0,1
SYN00034,4,4,2833,1,1,0,0,0,1
SYN00034,5,4,2812,0,1,0,0,0,1
SYN00034,6,4,2812,0,1,0,0,0,1
SYN00034,7,6,2806,1,1,0,0,0,1
SYN00034,8,6,2783,0,1,0,0,0,1
SYN00034,9,6,2761,1,1,0,0,0,1
SYN00034,10,6,2761,1,1,0,0,0,1
SYN00034,11,4,2749,0,1,0,0,0,1
SYN00034,12,6,2733,1,1,0,0,0,1
SYN00034,13,4,2712,0,1,0,0,0,1
SYN00034,14,4,2698,1,1,0,0,0,1
SYN00034,15,4,2698,1,1,0,0,0,1
SYN00034,16,4,2680,0,1,0,0,0,1
SYN00034,17,4,2680,0,1,0,0,0,1
SYN00034,18,7,2663,1,1,0,0,0,1
SYN00034,19,5,2653,0,1,0,0,0,1
SYN00034,20,5,2646,1,1,1,0,0,1
SYN00034,21,5,2624,0,1,1,0,0,1
SYN00034,22,5,2624,0,1,1,0,0,1
SYN00034,23,5,2608,1,1,1,0,0,1
SYN00034,24,5,2608,1,1,1,0,0,1
SYN00034,25,5,2596,0,1,1,0,0,1
SYN00034,26,5,2596,0,1,1,0,0,1
SYN00034,27,8,2585,1,1,1,0,0,1
SYN00034,28,6,2576,0,1,1,0,0,1
SYN00034,29,9,2562,1,1,1,0,0,1
SYN00034,30,9,2539,0,1,1,0,0,1
SYN00034,31,9,2539,0,1,1,0,0,1
SYN00034,32,12,2526,1,1,1,0,0,1
SYN00034,33,10,2513,0,1,1,0,0,1
SYN00034,34,10,2503,1,1,1,0,0,1
SYN00034,35,10,2503,1,1,1,0,0,1
SYN00034,36,10,2485,0,1,1,0,0,1
SYN00034,37,10,2485,0,1,1,0,0,1
SYN00034,38,10,2475,1,1,1,0,0,1
SYN00034,39,10,2475,1,1,1,0,0,1
SYN00034,40,10,2462,0,1,1,0,0,1
SYN00034,41,10,2462,0,1,1,0,0,1
SYN00034,42,10,2449,1,1,1,0,0,1
SYN00034,43,10,2449,1,1,1,0,0,1
SYN00034,44,10,2428,0,1,1,0,0,1
SYN00034,45,10,2404,1,1,1,0,0,1
SYN00034,46,10,2404,1,1,1,0,0,1
SYN00034,47,10,2382,0,1,1,0,0,1
SYN00034,48,10,2382,0,1,1,0,0,1
SYN00034,49,10,2369,1,1,1,0,0,1
SYN00034,50,10,2369,1,1,1,0,0,1
SYN00034,51,10,2355,0,1,1,0,0,1
SYN00034,52,10,2355,0,1,1,0,0,1
SYN00034,53,10,2338,1,1,1,0,0,1
SYN00034,54,10,2338,1,1,1,0,0,1
SYN00034,55,8,2321,0,1,1,0,0,1
SYN00034,56,10,2304,1,1,1,0,0,1
SYN00034,57,10,2294,0,2,1,0,0,1
SYN00034,58,10,2273,1,2,1,0,0,1
SYN00034,59,10,2273,1,2,1,0,0,1
SYN00034,60,10,2250,0,2,1,0,0,1
SYN00034,61,10,2250,0,2,1,0,0,1
SYN00034,62,10,2234,1,2,1,0,0,1
SYN00034,63,10,2234,1,2,1,0,0,1
SYN00034,64,10,2216,0,2,1,0,0,1
SYN00034,65,10,2216,0,2,1,0,0,1
SYN00034,66,10,2208,1,2,1,0,0,1
SYN00034,67,10,2208,1,2,1,0,0,1
SYN00034,68,10,2188,0,2,1,0,0,1
SYN00034,69,10,2188,0,2,1,0,0,1
SYN00034,70,10,2175,1,2,1,0,0,1
SYN00034,71,10,2175,1,2,1,0,0,1
SYN00034,72,10,2160,0,2,1,0,0,1
SYN00034,73,10,2160,0,2,1,0,0,1
SYN00034,74,10,2160,1,2,1,0,0,1
SYN00034,75,10,2160,1,2,1,0,0,1
SYN00034,76,10,2140,1,2,1,0,0,1
SYN00034,77,10,2140,1,2,1,0,0,1
SYN00034,78,10,2125,0,3,1,0,0,1
SYN00034,79,13,2104,1,3,1,0,0,1
SYN00034,80,13,2085,0,3,1,0,0,1
SYN00034,81,13,2085,0,3,1,0,0,1
SYN00034,82,13,2076,1,3,1,0,0,1
SYN00034,83,13,2076,1,3,1,0,0,1
SYN00034,84,11,2062,0,3,1,0,0,1
SYN00034,85,11,2050,1,3,1,0,0,1
SYN00034,86,11,2050,1,3,1,0,0,1
SYN00034,87,11,2030,0,3,1,0,0,1
SYN00034,88,11,2030,0,3,1,0,0,1
SYN00034,89,11,2018,1,3,1,0,0,1
SYN00034,90,11,2018,1,3,1,0,0,1
SYN00034,91,9,2011,0,3,1,0,0,1
SYN00034,92,9,1989,1,3,1,0,0,1
SYN00034,93,9,1982,0,3,1,0,0,1
SYN00034,94,9,1982,0,3,1,0,0,1
SYN00034,95,11,1975,1,3,1,0,0,1
SYN00034,96,8,1965,0,3,1,0,0,1
SYN00034,97,8,1953,1,3,1,0,0,1
SYN00034,98,8,1953,1,3,1,0,0,1
SYN00034,99,5,1929,0,3,1,0,0,1
SYN00034,100,5,1921,1,3,1,0,0,1
SYN00034,101,5,1921,1,3,1,0,0,1
SYN00034,102,5,1914,0,3,1,0,0,1
SYN00034,103,5,1914,0,3,1,0,0,1
SYN00034,104,5,1895,1,3,1,0,0,1
SYN00034,105,5,1895,1,3,1,0,0,1
SYN00034,106,5,1889,0,3,1,0,0,1
SYN00034,107,5,1889,0,3,1,0,0,1
SYN00034,108,5,1874,1,3,1,0,0,1
SYN00034,109,5,1866,0,3,1,0,0,1
SYN00034,110,5,1850,1,3,1,0,0,1
SYN00034,111,5,1850,1,3,1,0,0,1
SYN00034,112,5,1832,0,3,1,0,0,1
SYN00034,113,5,1832,0,3,1,0,0,1
SYN00034,114,7,1808,1,3,1,0,0,1
SYN00034,115,7,1790,0,3,1,0,0,1
SYN00034,116,7,1790,0,3,1,0,0,1
SYN00034,117,7,1785,1,3,1,0,0,1
SYN00034,118,7,1763,0,3,1,0,0,1
SYN00034,119,7,1755,1,3,1,0,0,1
SYN00034,120,7,1747,0,3,1,0,0,1
SYN00034,121,7,1747,0,3,1,0,0,1
SYN00034,122,9,1732,1,3,1,0,0,1
SYN00034,123,9,1713,0,3,1,0,0,1
SYN00034,124,9,1713,0,3,1,0,0,1
SYN00034,125,9,1708,1,3,1,0,0,1
SYN00034,126,9,1708,1,3,1,0,0,1
SYN00034,127,9,1701,0,3,1,0,0,1
SYN00034,128,9,1690,1,3,1,0,0,1
SYN00034,129,9,1690,1,3,1,0,0,1
SYN00034,130,7,1667,0,3,1,0,0,1
SYN00034,131,9,1662,1,3,1,0,0,1
SYN00034,132,9,1646,0,3,1,0,0,1
SYN00034,133,9,1646,0,3,1,0,0,1
SYN00034,134,9,1625,1,3,1,0,0,1
SYN00034,135,9,1625,1,3,1,0,0,1
SYN00034,136,9,1607,0,3,1,0,0,1
SYN00034,137,9,1607,0,3,1,0,0,1
SYN00034,138,11,1586,1,3,1,0,0,1
SYN00034,139,9,1576,0,3,1,0,0,1
SYN00034,140,9,1569,1,3,1,0,0,1
SYN00034,141,9,1545,0,3,1,0,0,1
SYN00034,142,9,1545,0,3,1,0,0,1
SYN00034,143,9,1525,1,3,1,0,0,1
SYN00034,144,9,1525,1,3,1,0,0,1
SYN00034,145,9,1513,0,3,1,0,0,1
SYN00034,146,9,1513,0,3,1,0,0,1
SYN00034,147,9,1502,1,3,1,0,0,1
SYN00034,148,9,1502,1,3,1,0,0,1
SYN00034,149,7,1496,0,3,1,0,0,1
SYN00034,150,10,1473,1,3,1,0,0,1
SYN00034,151,8,1456,0,3,1,0,0,1
SYN00034,152,11,1440,1,3,1,0,0,1
SYN00034,153,11,1440,0,3,1,0,0,1
SYN00034,154,11,1440,0,3,1,0,0,1
SYN00034,155,9,1423,0,3,1,0,0,1
SYN00034,156,11,1405,1,3,1,0,0,1
SYN00034,157,11,1388,0,3,1,0,0,1
SYN00034,158,11,1388,0,3,1,0,0,1
SYN00034,159,11,1368,1,3,1,0,0,1
SYN00034,160,11,1368,1,3,1,0,0,1
SYN00034,161,11,1361,0,3,1,0,0,1
SYN00034,162,11,1361,0,3,1,0,0,1
SYN00034,163,11,1340,1,3,1,0,0,1
SYN00034,164,11,1340,1,3,1,0,0,1
SYN00034,165,11,1328,0,3,1,0,0,1
SYN00034,166,11,1328,0,3,1,0,0,1
SYN00034,167,11,1309,1,3,1,0,0,1
SYN00034,168,11,1309,1,3,1,0,0,1
SYN00034,169,8,1291,0,3,1,0,0,1
SYN00034,170,8,1273,1,3,1,0,0,1
SYN00034,171,8,1260,0,3,1,0,0,1
SYN00034,172,8,1260,0,3,1,0,0,1
SYN00034,173,8,1241,1,3,1,0,0,1
SYN00034,174,8,1241,1,3,1,0,0,1
SYN00034,175,8,1218,0,3,1,0,0,1
SYN00034,176,8,1198,1,3,1,0,0,1
SYN00034,177,8,1198,1,3,1,0,0,1
SYN00034,178,8,1184,0,3,1,0,0,1
SYN00034,179,8,1184,0,3,1,0,0,1
SYN00034,180,8,1177,1,3,2,0,0,1
SYN00034,181,8,1163,0,3,2,0,0,1
SYN00034,182,8,1163,0,3,2,0,0,1
SYN00034,183,8,1141,1,3,3,0,0,1
SYN00034,184,8,1135,0,3,3,0,0,1
SYN00034,185,10,1128,1,3,3,0,0,1
SYN00034,186,8,1120,0,3,3,0,0,1
SYN00034,187,11,1105,1,3,3,0,0,1
SYN00034,188,8,1081,0,3,3,0,0,1
SYN00034,189,10,1072,1,3,3,0,0,1
SYN00034,190,10,1063,0,3,3,0,0,1
SYN00034,191,10,1063,0,3,3,0,0,1
SYN00034,192,10,1055,1,3,3,0,0,1
SYN00034,193,10,1055,1,3,3,0,0,1
SYN00034,194,8,1039,0,3,3,0,0,1
SYN00034,195,8,1034,1,3,4,0,0,1
SYN00034,196,8,1020,0,3,4,0,0,1
SYN00034,197,8,1020,0,3,4,0,0,1
SYN00034,198,8,1003,1,3,4,0,0,1
SYN00034,199,8,1003,1,3,4,0,0,1
SYN00034,200,8,995,0,3,4,0,0,1
SYN00034,201,8,995,0,3,4,0,0,1
SYN00034,202,8,971,1,3,5,0,1,1
SYN00034,203,6,955,0,3,5,0,1,1
SYN00034,204,8,946,1,3,5,0,1,1
SYN00034,205,6,939,0,3,5,0,1,1
SYN00034,206,6,930,1,3,5,0,1,1
SYN00034,207,6,930,1,3,5,0,1,1
SYN00034,208,6,921,0,3,5,0,1,1
SYN00034,209,6,921,0,3,5,0,1,1
SYN00034,210,8,909,1,3,5,0,1,1
SYN00034,211,8,904,0,3,5,0,1,1
SYN00034,212,8,904,0,3,5,0,1,1
SYN00034,213,8,894,1,3,5,0,1,1
SYN00034,214,6,875,0,3,5,0,1,1
SYN00034,215,8,852,1,3,5,0,1,1
SYN00034,216,6,829,0,3,5,0,1,1
SYN00034,217,6,810,1,3,5,0,1,1
SYN00034,218,4,791,0,3,5,0,1,1
SYN00034,219,4,778,1,3,5,0,1,1
SYN00034,220,4,778,1,3,5,0,1,1
SYN00034,221,4,773,0,3,5,0,1,1
SYN00034,222,4,773,0,3,5,0,1,1
SYN00034,223,4,751,1,3,5,0,1,1
SYN00034,224,4,751,1,3,5,0,1,1
SYN00034,225,1,743,0,3,5,0,1,1
SYN00034,226,1,723,1,3,5,0,1,1
SYN00034,227,1,723,1,3,5,0,1,1
SYN00034,228,1,720,0,3,5,0,1,1
SYN00034,229,1,720,1,3,5,0,1,1
SYN00034,230,1,720,1,3,5,0,1,1
SYN00034,231,3,715,1,3,5,0,1,1
SYN00034,232,1,708,0,3,5,0,1,1
SYN00034,233,1,693,1,3,5,0,1,1
SYN00034,234,1,693,1,3,5,0,1,1
SYN00034,235,1,674,0,3,5,0,1,1
SYN00034,236,1,674,0,3,5,0,1,1
SYN00034,237,3,651,1,3,5,0,1,1
SYN00034,238,1,638,0,3,5,0,1,1
SYN00034,239,3,625,1,3,5,0,1,1
SYN00034,240,1,609,0,3,5,0,1,1
SYN00034,241,1,593,1,3,5,0,1,1
SYN00034,242,1,593,1,3,5,0,1,1
SYN00034,243,1,580,0,3,5,0,1,1
SYN00034,244,1,580,0,3,5,0,1,1
SYN00034,245,1,561,1,3,5,0,1,1
SYN00034,246,1,561,1,3,5,0,1,1
SYN00034,247,1,556,0,3,5,0,1,1
SYN00034,248,1,556,0,3,5,0,1,1
SYN00034,249,4,532,1,3,5,0,1,1
SYN00034,250,4,515,0,4,5,0,1,1
SYN00034,251,4,505,1,4,5,0,1,1
SYN00034,252,4,505,1,4,5,0,1,1
SYN00034,253,4,491,0,4,5,0,1,1
SYN00034,254,4,491,0,4,5,0,1,1
SYN00034,255,6,482,1,4,5,0,1,1
SYN00034,256,6,467,0,5,5,1,1,1
SYN00034,257,6,445,1,5,5,1,1,1
SYN00034,258,6,445,1,5,5,1,1,1
SYN00034,259,6,424,0,5,5,1,1,1
SYN00034,260,6,424,0,5,5,1,1,1
SYN00034,261,6,403,1,5,5,1,1,1
SYN00034,262,6,403,1,5,5,1,1,1
SYN00034,263,4,379,0,5,5,1,1,1
SYN00034,264,6,371,1,5,5,1,1,1
SYN00034,265,3,359,0,5,5,1,1,1
SYN00034,266,3,350,1,5,5,1,1,1
SYN00034,267,3,350,1,5,5,1,1,1
SYN00034,268,3,334,0,5,5,1,1,1
SYN00034,269,3,334,0,5,5,1,1,1
SYN00034,270,3,322,1,5,5,1,1,1
SYN00034,271,3,301,0,5,5,1,1,1
SYN00034,272,3,301,0,5,5,1,1,1
SYN00034,273,3,278,1,5,6,1,1,1
SYN00034,274,3,273,0,5,6,1,1,1
SYN00034,275,3,273,0,5,6,1,1,1
SYN00034,276,3,264,1,5,6,1,1,1
SYN00034,277,3,242,0,5,6,1,1,1
SYN00034,278,3,242,0,5,6,1,1,1
SYN00034,279,3,219,1,5,7,1,1,1
SYN00034,280,3,197,0,5,7,1,1,1
SYN00034,281,3,197,0,5,7,1,1,1
SYN00034,282,5,190,1,5,7,1,1,1
SYN00034,283,5,183,0,5,7,1,1,1
SYN00034,284,5,183,0,5,7,1,1,1
SYN00034,285,5,169,1,5,7,1,1,1
SYN00034,286,5,169,1,5,7,1,1,1
SYN00034,287,3,148,0,5,7,1,1,1
SYN00034,288,6,127,1,5,7,1,1,1
SYN00034,289,4,108,0,5,7,1,1,1
SYN00034,290,6,88,1,5,7,1,1,1
SYN00034,291,6,80,0,5,7,1,1,1
SYN00034,292,6,80,0,5,7,1,1,1
SYN00034,293,8,74,1,5,7,1,1,1
SYN00034,294,8,66,0,5,7,1,1,1
SYN00034,295,8,42,1,5,7,1,1,1
SYN00034,296,8,19,0,5,7,1,1,1
SYN00034,297,8,19,0,5,7,1,1,1
SYN00034,298,8,0,1,5,8,1,1,1
SYN00034,299,8,0,0,5,8,1,1,1
SYN00035,1,0,2880,1,0,0,0,0,0
SYN00035,2,0,2864,1,0,0,0,0,0
SYN00035,3,0,2864,1,0,0,0,0,0
SYN00035,4,0,2843,0,0,0,0,0,0
SYN00035,5,0,2843,0,0,0,0,0,0
SYN00035,6,0,2833,1,0,0,0,0,0
SYN00035,7,0,2833,1,0,0,0,0,0
SYN00035,8,0,2822,0,1,0,0,0,0
SYN00035,9,2,2811,1,1,0,0,0,0
SYN00035,10,2,2792,0,1,0,0,0,0
SYN00035,11,2,2792,0,1,0,0,0,0
SYN00035,12,2,2770,1,1,0,0,0,0
SYN00035,13,2,2770,1,1,0,0,0,0
SYN00035,14,2,2753,0,1,0,0,0,0
SYN00035,15,2,2748,1,1,0,0,0,0
SYN00035,16,2,2748,1,1,0,0,0,0
SYN00035,17,0,2738,0,1,0,0,0,0
SYN00035,18,2,2723,1,1,0,0,0,0
SYN00035,19,0,2700,0,1,0,0,0,0
SYN00035,20,0,2691,1,1,0,0,0,0
SYN00035,21,0,2691,1,1,0,0,0,0
SYN00035,22,0,2679,0,1,0,0,0,0
SYN00035,23,0,2679,0,1,0,0,0,0
SYN00035,24,0,2656,1,1,0,0,0,0
SYN00035,25,0,2646,0,1,0,0,0,0
SYN00035,26,0,2646,0,1,0,0,0,0
SYN00035,27,0,2623,1,1,1,0,0,0
SYN00035,28,0,2604,0,2,1,0,0,0
SYN00035,29,0,2585,1,2,2,0,0,0
SYN00035,30,0,2578,0,2,2,0,0,0
SYN00035,31,0,2578,0,2,2,0,0,0
SYN00035,32,0,2562,1,2,2,0,0,0
SYN00035,33,0,2562,1,2,2,0,0,0
SYN00035,34,-2,2539,0,2,2,0,0,0
SYN00035,35,-2,2518,1,2,2,0,0,0
SYN00035,36,-2,2518,1,2,2,0,0,0
SYN00035,37,-2,2508,0,3,2,0,0,0
SYN00035,38,-2,2485,1,3,3,0,0,0
SYN00035,39,-4,2480,0,3,3,0,0,0
SYN00035,40,-4,2465,1,3,3,0,0,0
SYN00035,41,-4,2465,1,3,3,0,0,0
SYN00035,42,-4,2454,0,3,3,0,0,0
SYN00035,43,-4,2454,0,3,3,0,0,0
SYN00035,44,-4,2441,1,3,3,0,0,0
SYN00035,45,-4,2441,1,3,3,0,0,0
SYN00035,46,-6,2426,0,3,3,0,0,0
SYN00035,47,-3,2412,1,3,3,0,0,0
SYN00035,48,-3,2395,0,3,3,0,0,0
SYN00035,49,-3,2395,0,3,3,0,0,0
SYN00035,50,-1,2388,1,3,3,0,0,0
SYN00035,51,-3,2373,0,3,3,0,0,0
SYN00035,52,-3,2349,1,3,3,0,0,0
SYN00035,53,-3,2349,1,3,3,0,0,0
SYN00035,54,-5,2335,0,3,3,0,0,0
SYN00035,55,-5,2325,1,3,3,0,0,0
SYN00035,56,-5,2325,1,3,3,0,0,0
SYN00035,57,-5,2308,0,3,3,0,0,0
SYN00035,58,-5,2308,0,3,3,0,0,0
SYN00035,59,-5,2286,1,3,4,0,0,0
SYN00035,60,-7,2271,0,3,4,0,0,0
SYN00035,61,-7,2254,1,3,4,0,0,0
SYN00035,62,-7,2254,1,3,4,0,0,0
SYN00035,63,-7,2231,0,3,4,0,0,0
SYN00035,64,-7,2223,1,3,4,0,0,0
SYN00035,65,-7,2223,1,3,4,0,0,0
SYN00035,66,-7,2201,0,3,4,0,0,0
SYN00035,67,-7,2201,0,3,4,0,0,0
SYN00035,68,-7,2190,1,3,4,0,0,0
SYN00035,69,-7,2190,1,3,4,0,0,0
SYN00035,70,-9,2180,0,3,4,0,0,0
SYN00035,71,-9,2170,1,3,4,0,0,0
SYN00035,72,-9,2170,1,3,4,0,0,0
SYN00035,73,-11,2163,0,3,4,0,0,0
SYN00035,74,-11,2160,1,3,4,0,0,0
SYN00035,75,-11,2160,1,3,4,0,0,0
SYN00035,76,-11,2160,0,3,4,0,0,0
SYN00035,77,-11,2160,0,3,4,0,0,0
SYN00035,78,-11,2154,0,3,4,0,0,0
SYN00035,79,-11,2137,1,3,4,0,0,0
SYN00035,80,-11,2137,1,3,4,0,0,0
SYN00035,81,-13,2117,0,3,4,0,0,0
SYN00035,82,-11,2093,1,3,4,0,0,0
SYN00035,83,-11,2085,0,3,4,0,0,0
SYN00035,84,-11,2085,0,3,4,0,0,0
SYN00035,85,-11,2073,1,3,4,0,0,0
SYN00035,86,-11,2073,1,3,4,0,0,0
SYN00035,87,-14,2060,0,3,4,0,0,0
SYN00035,88,-14,2042,1,3,4,0,0,0
SYN00035,89,-14,2042,1,3,4,0,0,0
SYN00035,90,-14,2032,0,3,4,0,0,0
SYN00035,91,-14,2019,1,3,4,0,0,0
SYN00035,92,-14,2019,1,3,4,0,0,0
SYN00035,93,-14,1997,0,3,4,0,0,0
SYN00035,94,-14,1997,0,3,4,0,0,0
SYN00035,95,-14,1985,1,3,4,0,0,0
SYN00035,96,-14,1985,1,3,4,0,0,0
SYN00035,97,-14,1975,0,3,4,0,0,0
SYN00035,98,-14,1975,0,3,4,0,0,0
SYN00035,99,-14,1956,1,3,5,0,1,0
SYN00035,100,-14,1943,0,4,5,0,1,0
SYN00035,101,-12,1922,1,4,5,0,1,0
SYN00035,102,-12,1907,0,4,5,0,1,0
SYN00035,103,-12,1907,0,4,5,0,1,0
SYN00035,104,-12,1886,1,4,6,0,1,0
SYN00035,105,-12,1863,0,4,6,0,1,0
SYN00035,106,-12,1863,0,4,6,0,1,0
SYN00035,107,-10,1842,1,4,6,0,1,0
SYN00035,108,-12,1836,0,4,6,0,1,0
SYN00035,109,-10,1823,1,4,6,0,1,0
SYN00035,110,-10,1802,0,4,6,0,1,0
SYN00035,111,-10,1802,0,4,6,0,1,0
SYN00035,112,-8,1794,1,4,6,0,1,0
SYN00035,113,-8,1781,0,4,6,0,1,0
SYN00035,114,-8,1781,0,4,6,0,1,0
SYN00035,115,-8,1770,1,4,6,0,1,0
SYN00035,116,-8,1770,1,4,6,0,1,0
SYN00035,117,-10,1753,0,4,6,0,1,0
SYN00035,118,-10,1744,1,4,6,0,1,0
SYN00035,119,-13,1730,0,4,6,0,1,0
SYN00035,120,-11,1707,1,4,6,0,1,0
SYN00035,121,-11,1699,0,4,6,0,1,0
SYN00035,122,-11,1699,0,4,6,0,1,0
SYN00035,123,-11,1686,1,4,6,0,1,0
SYN00035,124,-11,1665,0,4,6,0,1,0
SYN00035,125,-11,1665,0,4,6,0,1,0
SYN00035,126,-11,1643,1,4,6,0,1,0
SYN00035,127,-11,1643,1,4,6,0,1,0
SYN00035,128,-13,1622,0,4,6,0,1,0
SYN00035,129,-13,1614,1,4,6,0,1,0
SYN00035,130,-13,1614,1,4,6,0,1,0
SYN00035,131,-13,1604,0,4,6,0,1,0
SYN00035,132,-13,1604,0,4,6,0,1,0
SYN00035,133,-13,1599,1,4,6,0,1,0
SYN00035,134,-13,1599,1,4,6,0,1,0
SYN00035,135,-16,1583,0,4,6,0,1,0
SYN00035,136,-16,1568,1,4,6,0,1,0
SYN00035,137,-16,1568,1,4,6,0,1,0
SYN00035,138,-19,1549,0,4,6,0,1,0
SYN00035,139,-19,1540,1,4,6,0,1,0
SYN00035,140,-19,1540,1,4,6,0,1,0
SYN00035,141,-19,1519,0,4,6,0,1,0
SYN00035,142,-19,1519,0,4,6,0,1,0
SYN00035,143,-19,1508,1,4,6,0,1,0
SYN00035,144,-19,1497,0,4,6,0,1,0
SYN00035,145,-19,1497,0,4,6,0,1,0
SYN00035,146,-19,1482,1,4,6,0,1,0
SYN00035,147,-19,1463,0,4,6,0,1,0
SYN00035,148,-19,1463,0,4,6,0,1,0
SYN00035,149,-19,1456,1,4,6,0,1,0
SYN00035,150,-19,1456,1,4,6,0,1,0
SYN00035,151,-19,1445,0,4,6,0,1,0
SYN00035,152,-19,1445,0,4,6,0,1,0
SYN00035,153,-19,1440,1,4,6,0,1,0
SYN00035,154,-19,1440,1,4,6,0,1,0
SYN00035,155,-19,1440,0,4,6,0,1,0
SYN00035,156,-19,1440,0,4,6,0,1,0
SYN00035,157,-19,1417,0,4,6,0,1,0
SYN00035,158,-19,1417,0,4,6,0,1,0
SYN00035,159,-19,1405,1,4,6,0,1,0
SYN00035,160,-19,1405,1,4,6,0,1,0
SYN00035,161,-21,1385,0,4,6,0,1,0
SYN00035,162,-21,1363,1,4,7,0,1,0
SYN00035,163,-23,1346,0,4,7,0,1,0
SYN00035,164,-23,1340,1,4,8,0,1,0
SYN00035,165,-23,1316,0,4,8,0,1,0
SYN00035,166,-23,1316,0,4,8,0,1,0
SYN00035,167,-21,1298,1,4,8,0,1,0
SYN00035,168,-21,1279,0,4,8,0,1,0
SYN00035,169,-21,1279,0,4,8,0,1,0
SYN00035,170,-19,1262,1,4,8,0,1,0
SYN00035,171,-21,1247,0,4,8,0,1,0
SYN00035,172,-19,1237,1,4,8,0,1,0
SYN00035,173,-19,1226,0,4,8,0,1,0
SYN00035,174,-19,1226,0,4,8,0,1,0
SYN00035,175,-17,1214,1,4,8,0,1,0
SYN00035,176,-17,1190,0,4,8,0,1,0
SYN00035,177,-17,1190,0,4,8,0,1,0
SYN00035,178,-17,1175,1,4,9,0,1,0
SYN00035,179,-17,1159,0,4,9,0,1,0
SYN00035,180,-17,1159,0,4,9,0,1,0
SYN00035,181,-14,1154,1,4,9,0,1,0
SYN00035,182,-14,1134,0,4,9,0,1,0
SYN00035,183,-14,1134,0,4,9,0,1,0
SYN00035,184,-14,1126,1,4,10,0,1,0
SYN00035,185,-16,1110,0,4,10,0,1,0
SYN00035,186,-16,1099,1,4,11,0,1,0
SYN00035,187,-16,1088,0,4,11,0,1,0
SYN00035,188,-16,1088,0,4,11,0,1,0
SYN00035,189,-16,1083,1,4,11,0,1,0
SYN00035,190,-16,1083,1,4,11,0,1,0
SYN00035,191,-19,1070,0,4,11,0,1,0
SYN00035,192,-19,1051,1,4,11,0,1,0
SYN00035,193,-19,1051,1,4,11,0,1,0
SYN00035,194,-19,1035,0,4,11,0,1,0
SYN00035,195,-17,1015,1,4,11,0,1,0
SYN00035,196,-20,1007,0,4,11,0,1,0
SYN00035,197,-20,984,1,4,11,0,1,0
SYN00035,198,-20,984,1,4,11,0,1,0
SYN00035,199,-20,972,0,4,11,0,1,0
SYN00035,200,-20,972,0,4,11,0,1,0
SYN00035,201,-18,959,1,4,11,0,1,0
SYN00035,202,-21,954,0,4,11,0,1,0
SYN00035,203,-21,934,1,4,12,0,1,0
SYN00035,204,-21,922,0,5,12,1,1,0
SYN00035,205,-21,910,1,5,12,1,1,0
SYN00035,206,-21,910,1,5,12,1,1,0
SYN00035,207,-23,887,0,5,12,1,1,0
SYN00035,208,-23,865,1,5,13,1,1,0
SYN00035,209,-23,860,0,5,13,1,1,0
SYN00035,210,-21,839,1,5,13,1,1,0
SYN00035,211,-21,821,0,6,13,1,1,0
SYN00035,212,-19,805,1,6,13,1,1,0
SYN00035,213,-19,790,0,6,13,1,1,0
SYN00035,214,-19,790,0,6,13,1,1,0
SYN00035,215,-19,768,1,6,13,1,1,0
SYN00035,216,-19,768,1,6,13,1,1,0
SYN00035,217,-19,749,0,6,13,1,1,0
SYN00035,218,-19,749,0,6,13,1,1,0
SYN00035,219,-19,732,1,6,13,1,1,0
SYN00035,220,-19,723,0,6,13,1,1,0
SYN00035,221,-19,723,0,6,13,1,1,0
SYN00035,222,-16,720,1,6,13,1,1,0
SYN00035,223,-16,720,0,6,13,1,1,0
SYN00035,224,-16,720,0,6,13,1,1,0
SYN00035,225,-16,700,0,6,13,1,1,0
SYN00035,226,-16,700,0,6,13,1,1,0
SYN00035,227,-16,689,1,6,13,1,1,0
SYN00035,228,-16,689,1,6,13,1,1,0
SYN00035,229,-16,683,0,6,13,1,1,0
SYN00035,230,-16,683,0,6,13,1,1,0
SYN00035,231,-16,673,1,6,13,1,1,0
SYN00035,232,-16,673,1,6,13,1,1,0
SYN00035,233,-16,652,0,7,13,1,1,0
SYN00035,234,-14,637,1,7,13,1,1,0
SYN00035,235,-16,631,0,7,13,1,1,0
SYN00035,236,-16,614,1,7,13,1,1,0
SYN00035,237,-16,599,0,7,13,1,1,0
SYN00035,238,-16,599,0,7,13,1,1,0
SYN00035,239,-13,580,1,7,13,1,1,0
SYN00035,240,-13,562,0,8,13,1,1,0
SYN00035,241,-13,554,1,8,13,1,1,0
SYN00035,242,-13,554,1,8,13,1,1,0
SYN00035,243,-13,538,0,8,13,1,1,0
SYN00035,244,-13,538,0,8,13,1,1,0
SYN00035,245,-13,521,1,8,13,1,1,0
SYN00035,246,-13,521,1,8,13,1,1,0
SYN00035,247,-13,501,0,8,13,1,1,0
SYN00035,248,-13,501,0,8,13,1,1,0
SYN00035,249,-13,494,1,8,14,1,1,0
SYN00035,250,-13,474,0,8,14,1,1,0
SYN00035,251,-13,474,0,8,14,1,1,0
SYN00035,252,-13,456,1,8,14,1,1,0
SYN00035,253,-13,456,1,8,14,1,1,0
SYN00035,254,-13,435,0,8,14,1,1,0
SYN00035,255,-13,435,0,8,14,1,1,0
SYN00035,256,-13,421,1,8,14,1,1,0
SYN00035,257,-13,421,1,8,14,1,1,0
SYN00035,258,-15,411,0,8,14,1,1,0
SYN00035,259,-15,402,1,8,14,1,1,0
SYN00035,260,-15,402,1,8,14,1,1,0
SYN00035,261,-17,396,0,8,14,1,1,0
SYN00035,262,-17,377,1,8,14,1,1,0
SYN00035,263,-19,369,0,8,14,1,1,0
SYN00035,264,-19,350,1,8,15,1,1,0
SYN00035,265,-19,331,0,8,15,1,1,0
SYN00035,266,-19,331,0,8,15,1,1,0
SYN00035,267,-17,321,1,8,15,1,1,0
SYN00035,268,-17,312,0,9,15,1,1,0
SYN00035,269,-17,288,1,9,15,1,1,0
SYN00035,270,-17,288,1,9,15,1,1,0
SYN00035,271,-20,280,0,9,15,1,1,0
SYN00035,272,-20,270,1,9,15,1,1,0
SYN00035,273,-20,270,1,9,15,1,1,0
SYN00035,274,-20,256,0,9,15,1,1,0
SYN00035,275,-20,256,0,9,15,1,1,0
SYN00035,276,-20,246,1,9,15,1,1,0
SYN00035,277,-23,236,0,9,15,1,1,0
SYN00035,278,-23,229,1,9,15,1,1,0
SYN00035,279,-23,229,1,9,15,1,1,0
SYN00035,280,-23,219,0,9,15,1,1,0
SYN00035,281,-23,219,0,9,15,1,1,0
SYN00035,282,-23,213,1,9,16,1,1,0
SYN00035,283,-23,204,0,10,16,1,1,0
SYN00035,284,-23,198,1,10,16,1,1,0
SYN00035,285,-23,198,1,10,16,1,1,0
SYN00035,286,-23,178,0,10,16,1,1,0
SYN00035,287,-23,178,0,10,16,1,1,0
SYN00035,288,-23,168,1,10,16,1,1,0
SYN00035,289,-23,161,0,10,16,1,1,0
SYN00035,290,-23,161,0,10,16,1,1,0
SYN00035,291,-21,156,1,10,16,1,1,0
SYN00035,292,-23,144,0,10,16,1,1,0
SYN00035,293,-20,127,1,10,16,1,1,0
SYN00035,294,-22,112,0,10,16,1,1,0
SYN00035,295,-19,104,1,10,16,1,1,0
SYN00035,296,-19,90,0,11,16,1,1,0
SYN00035,297,-19,84,1,11,17,1,1,0
SYN00035,298,-19,68,0,11,17,1,1,0
SYN00035,299,-19,68,0,11,17,1,1,0
SYN00035,300,-19,55,1,11,17,1,1,0
SYN00035,301,-19,55,1,11,17,1,1,0
SYN00035,302,-19,42,0,11,17,1,1,0
SYN00035,303,-19,42,0,11,17,1,1,0
SYN00035,304,-19,21,1,11,17,1,1,0
SYN00035,305,-19,21,1,11,17,1,1,0
SYN00035,306,-19,4,0,11,17,1,1,0
SYN00035,307,-19,4,0,11,17,1,1,0
SYN00035,308,-17,0,1,11,17,1,1,0
SYN00035,309,-17,0,0,11,17,1,1,0
SYN00036,1,0,2880,1,0,0,0,0,1
SYN00036,2,0,2871,1,0,0,0,0,1
SYN00036,3,0,2871,1,0,0,0,0,1
SYN00036,4,0,2860,0,0,0,0,0,1
SYN00036,5,2,2842,1,0,0,0,0,1
SYN00036,6,0,2831,0,0,0,0,0,1
SYN00036,7,0,2814,1,0,0,0,0,1
SYN00036,8,0,2814,1,0,0,0,0,1
SYN00036,9,0,2808,0,1,0,0,0,1
SYN00036,10,3,2794,1,1,0,0,0,1
SYN00036,11,3,2785,0,1,0,0,0,1
SYN00036,12,3,2761,1,1,0,0,0,1
SYN00036,13,3,2761,1,1,0,0,0,1
SYN00036,14,1,2740,0,1,0,0,0,1
SYN00036,15,1,2718,1,1,0,0,0,1
SYN00036,16,1,2718,1,1,0,0,0,1
SYN00036,17,1,2709,0,1,0,0,0,1
SYN00036,18,1,2709,0,1,0,0,0,1
SYN00036,19,1,2700,1,1,0,0,0,1
SYN00036,20,1,2700,1,1,0,0,0,1
SYN00036,21,1,2693,0,2,0,0,0,1
SYN00036,22,1,2685,1,2,0,0,0,1
SYN00036,23,1,2685,1,2,0,0,0,1
SYN00036,24,1,2668,0,2,0,0,0,1
SYN00036,25,1,2668,0,2,0,0,0,1
SYN00036,26,1,2652,1,2,0,0,0,1
SYN00036,27,1,2638,0,2,0,0,0,1
SYN00036,28,1,2616,1,2,0,0,0,1
SYN00036,29,1,2616,1,2,0,0,0,1
SYN00036,30,-2,2599,0,2,0,0,0,1
SYN00036,31,0,2578,1,2,0,0,0,1
SYN00036,32,0,2573,0,2,0,0,0,1
SYN00036,33,0,2573,0,2,0,0,0,1
SYN00036,34,0,2556,1,2,0,0,0,1
SYN00036,35,0,2556,1,2,0,0,0,1
SYN00036,36,0,2537,0,3,0,0,0,1
SYN00036,37,0,2522,1,3,0,0,0,1
SYN00036,38,0,2522,1,3,0,0,0,1
SYN00036,39,0,2508,0,4,0,0,0,1
SYN00036,40,0,2499,1,4,0,0,0,1
SYN00036,41,0,2499,1,4,0,0,0,1
SYN00036,42,0,2480,0,5,0,1,0,1
SYN00036,43,0,2459,1,5,0,1,0,1
SYN00036,44,0,2459,1,5,0,1,0,1
SYN00036,45,-2,2446,0,5,0,1,0,1
SYN00036,46,1,2429,1,5,0,1,0,1
SYN00036,47,1,2414,0,5,0,1,0,1
SYN00036,48,1,2414,0,5,0,1,0,1
SYN00036,49,1,2408,1,5,0,1,0,1
SYN00036,50,1,2408,1,5,0,1,0,1
SYN00036,51,-2,2403,0,5,0,1,0,1
SYN00036,52,-2,2382,1,5,1,1,0,1
SYN00036,53,-2,2359,0,5,1,1,0,1
SYN00036,54,-2,2359,0,5,1,1,0,1
SYN00036,55,-2,2339,1,5,1,1,0,1
SYN00036,56,-2,2339,1,5,1,1,0,1
SYN00036,57,-2,2329,0,5,1,1,0,1
SYN00036,58,0,2320,1,5,1,1,0,1
SYN00036,59,-2,2300,0,5,1,1,0,1
SYN00036,60,-2,2294,1,5,1,1,0,1
SYN00036,61,-2,2294,1,5,1,1,0,1
SYN00036,62,-2,2288,0,5,1,1,0,1
SYN00036,63,-2,2288,0,5,1,1,0,1
SYN00036,64,1,2268,1,5,1,1,0,1
SYN00036,65,-1,2246,0,5,1,1,0,1
SYN00036,66,-1,2237,1,5,2,1,0,1
SYN00036,67,-1,2219,0,5,2,1,0,1
SYN00036,68,-1,2208,1,5,2,1,0,1
SYN00036,69,-1,2208,1,5,2,1,0,1
SYN00036,70,-4,2190,0,5,2,1,0,1
SYN00036,71,-4,2172,1,5,2,1,0,1
SYN00036,72,-4,2172,1,5,2,1,0,1
SYN00036,73,-4,2160,0,5,2,1,0,1
SYN00036,74,-4,2160,0,5,2,1,0,1
SYN00036,75,-4,2160,1,5,2,1,0,1
SYN00036,76,-4,2160,1,5,2,1,0,1
SYN00036,77,-2,2137,1,5,2,1,0,1
SYN00036,78,-4,2130,0,5,2,1,0,1
SYN00036,79,-4,2124,1,5,2,1,0,1
SYN00036,80,-4,2124,1,5,2,1,0,1
SYN00036,81,-4,2106,0,5,2,1,0,1
SYN00036,82,-4,2106,0,5,2,1,0,1
SYN00036,83,-2,2094,1,5,2,1,0,1
SYN00036,84,-2,2082,0,5,2,1,0,1
SYN00036,85,-2,2082,0,5,2,1,0,1
SYN00036,86,-2,2058,1,5,2,1,0,1
SYN00036,87,-2,2058,1,5,2,1,0,1
SYN00036,88,-2,2045,0,5,2,1,0,1
SYN00036,89,-2,2045,0,5,2,1,0,1
SYN00036,90,0,2027,1,5,2,1,0,1
SYN00036,91,0,2005,0,5,2,1,0,1
SYN00036,92,0,2005,0,5,2,1,0,1
SYN00036,93,2,1988,1,5,2,1,0,1
SYN00036,94,2,1979,0,5,2,1,0,1
SYN00036,95,2,1979,0,5,2,1,0,1
SYN00036,96,2,1964,1,5,3,1,0,1
SYN00036,97,2,1951,0,5,3,1,0,1
SYN00036,98,2,1951,0,5,3,1,0,1
SYN00036,99,2,1931,1,5,3,1,0,1
SYN00036,100,2,1931,1,5,3,1,0,1
SYN00036,101,0,1916,0,5,3,1,0,1
SYN00036,102,0,1899,1,5,3,1,0,1
SYN00036,103,0,1899,1,5,3,1,0,1
SYN00036,104,0,1880,0,5,3,1,0,1
SYN00036,105,0,1880,0,5,3,1,0,1
SYN00036,106,3,1866,1,5,3,1,0,1
SYN00036,107,1,1848,0,5,3,1,0,1
SYN00036,108,1,1827,1,5,3,1,0,1
SYN00036,109,1,1827,1,5,3,1,0,1
SYN00036,110,1,1815,0,5,3,1,0,1
SYN00036,111,1,1815,0,5,3,1,0,1
SYN00036,112,1,1802,1,5,3,1,0,1
SYN00036,113,1,1802,1,5,3,1,0,1
SYN00036,114,1,1794,0,5,3,1,0,1
SYN00036,115,3,1785,1,5,3,1,0,1
SYN00036,116,3,1769,0,5,3,1,0,1
SYN00036,117,3,1756,1,5,3,1,0,1
SYN00036,118,3,1756,1,5,3,1,0,1
SYN00036,119,1,1741,0,5,3,1,0,1
SYN00036,120,1,1733,1,5,3,1,0,1
SYN00036,121,1,1733,1,5,3,1,0,1
SYN00036,122,-1,1727,0,5,3,1,0,1
SYN00036,123,-1,1704,1,5,3,1,0,1
SYN00036,124,-1,1692,0,5,3,1,0,1
SYN00036,125,-1,1680,1,5,3,1,0,1
SYN00036,126,-1,1680,1,5,3,1,0,1
SYN00036,127,-1,1657,0,5,3,1,0,1
SYN00036,128,-1,1657,0,5,3,1,0,1
SYN00036,129,-1,1650,1,5,4,1,0,1
SYN00036,130,-1,1626,0,5,4,1,0,1
SYN00036,131,-1,1626,0,5,4,1,0,1
SYN00036,132,2,1613,1,5,4,1,0,1
SYN00036,133,2,1602,0,5,4,1,0,1
SYN00036,134,2,1602,0,5,4,1,0,1
SYN00036,135,2,1580,1,5,4,1,0,1
SYN00036,136,2,1580,1,5,4,1,0,1
SYN00036,137,2,1568,0,5,4,1,0,1
SYN00036,138,2,1545,1,5,4,1,0,1
SYN00036,139,2,1545,1,5,4,1,0,1
SYN00036,140,2,1538,0,5,4,1,0,1
SYN00036,141,4,1517,1,5,4,1,0,1
SYN00036,142,4,1499,0,5,4,1,0,1
SYN00036,143,4,1499,0,5,4,1,0,1
SYN00036,144,4,1477,1,5,4,1,0,1
SYN00036,145,4,1477,1,5,4,1,0,1
SYN00036,146,4,1453,0,5,4,1,0,1
SYN00036,147,4,1453,0,5,4,1,0,1
SYN00036,148,6,1446,1,5,4,1,0,1
SYN00036,149,6,1440,0,5,4,1,0,1
SYN00036,150,6,1440,0,5,4,1,0,1
SYN00036,151,6,1440,1,5,4,1,0,1
SYN00036,152,6,1440,1,5,4,1,0,1
SYN00036,153,6,1432,1,5,4,1,0,1
SYN00036,154,6,1432,1,5,4,1,0,1
SYN00036,155,6,1410,0,5,4,1,0,1
SYN00036,156,6,1410,0,5,4,1,0,1
SYN00036,157,6,1403,1,5,4,1,0,1
SYN00036,158,6,1381,0,5,4,1,0,1
SYN00036,159,6,1381,0,5,4,1,0,1
SYN00036,160,6,1367,1,5,5,1,1,1
SYN00036,161,4,1360,0,5,5,1,1,1
SYN00036,162,6,1337,1,5,5,1,1,1
SYN00036,163,6,1315,0,5,5,1,1,1
SYN00036,164,6,1315,0,5,5,1,1,1
SYN00036,165,6,1299,1,5,5,1,1,1
SYN00036,166,6,1299,1,5,5,1,1,1
SYN00036,167,6,1275,0,5,5,1,1,1
SYN00036,168,9,1261,1,5,5,1,1,1
SYN00036,169,9,1243,0,5,5,1,1,1
SYN00036,170,9,1243,0,5,5,1,1,1
SYN00036,171,9,1229,1,5,5,1,1,1
SYN00036,172,9,1229,1,5,5,1,1,1
SYN00036,173,9,1213,0,5,5,1,1,1
SYN00036,174,9,1199,1,5,5,1,1,1
SYN00036,175,9,1199,1,5,5,1,1,1
SYN00036,176,9,1180,0,5,5,1,1,1
SYN00036,177,9,1180,0,5,5,1,1,1
SYN00036,178,12,1171,1,5,5,1,1,1
SYN00036,179,12,1148,0,5,5,1,1,1
SYN00036,180,12,1148,0,5,5,1,1,1
SYN00036,181,12,1134,1,5,6,1,1,1
SYN00036,182,9,1129,0,5,6,1,1,1
SYN00036,183,11,1121,1,5,6,1,1,1
SYN00036,184,11,1110,0,5,6,1,1,1
SYN00036,185,11,1110,0,5,6,1,1,1
SYN00036,186,13,1103,1,5,6,1,1,1
SYN00036,187,13,1081,0,5,6,1,1,1
SYN00036,188,13,1081,0,5,6,1,1,1
SYN00036,189,13,1064,1,5,6,1,1,1
SYN00036,190,13,1064,1,5,6,1,1,1
SYN00036,191,10,1052,0,5,6,1,1,1
SYN00036,192,10,1030,1,5,6,1,1,1
SYN00036,193,10,1030,1,5,6,1,1,1
SYN00036,194,8,1010,0,5,6,1,1,1
SYN00036,195,10,997,1,5,6,1,1,1
SYN00036,196,8,974,0,5,6,1,1,1
SYN00036,197,10,969,1,5,6,1,1,1
SYN00036,198,10,950,0,5,6,1,1,1
SYN00036,199,10,950,0,5,6,1,1,1
SYN00036,200,12,927,1,5,6,1,1,1
SYN00036,201,9,920,0,5,6,1,1,1
SYN00036,202,11,901,1,5,6,1,1,1
SYN00036,203,9,891,0,5,6,1,1,1
SYN00036,204,9,874,1,5,6,1,1,1
SYN00036,205,9,874,1,5,6,1,1,1
SYN00036,206,9,862,0,5,6,1,1,1
SYN00036,207,9,862,0,5,6,1,1,1
SYN00036,208,9,842,1,5,6,1,1,1
SYN00036,209,9,842,1,5,6,1,1,1
SYN00036,210,7,827,0,5,6,1,1,1
SYN00036,211,7,804,1,5,6,1,1,1
SYN00036,212,7,804,1,5,6,1,1,1
SYN00036,213,5,785,0,5,6,1,1,1
SYN00036,214,5,780,1,5,6,1,1,1
SYN00036,215,3,771,0,5,6,1,1,1
SYN00036,216,5,764,1,5,6,1,1,1
SYN00036,217,2,743,0,5,6,1,1,1
SYN00036,218,2,732,1,5,7,1,1,1
SYN00036,219,2,724,0,6,7,1,1,1
SYN00036,220,2,720,1,6,8,1,1,1
SYN00036,221,2,720,0,6,8,1,1,1
SYN00036,222,2,720,0,6,8,1,1,1
SYN00036,223,2,706,0,6,8,1,1,1
SYN00036,224,2,706,0,6,8,1,1,1
SYN00036,225,2,693,1,6,8,1,1,1
SYN00036,226,2,693,1,6,8,1,1,1
SYN00036,227,2,684,0,7,8,1,1,1
SYN00036,228,2,677,1,7,8,1,1,1
SYN00036,229,2,677,1,7,8,1,1,1
SYN00036,230,2,669,0,7,8,1,1,1
SYN00036,231,2,669,0,7,8,1,1,1
SYN00036,232,4,661,1,7,8,1,1,1
SYN00036,233,4,646,0,8,8,1,1,1
SYN00036,234,4,627,1,8,9,1,1,1
SYN00036,235,4,622,0,8,9,1,1,1
SYN00036,236,4,622,0,8,9,1,1,1
SYN00036,237,4,600,1,8,9,1,1,1
SYN00036,238,4,600,1,8,9,1,1,1
SYN00036,239,2,590,0,8,9,1,1,1
SYN00036,240,4,567,1,8,9,1,1,1
SYN00036,241,4,553,0,8,9,1,1,1
SYN00036,242,4,553,0,8,9,1,1,1
SYN00036,243,6,540,1,8,9,1,1,1
SYN00036,244,6,523,0,8,9,1,1,1
SYN00036,245,6,523,0,8,9,1,1,1
SYN00036,246,6,502,1,8,9,1,1,1
SYN00036,247,6,502,1,8,9,1,1,1
SYN00036,248,6,496,0,8,9,1,1,1
SYN00036,249,6,496,0,8,9,1,1,1
SYN00036,250,8,473,1,8,9,1,1,1
SYN00036,251,8,462,0,8,9,1,1,1
SYN00036,252,8,462,0,8,9,1,1,1
SYN00036,253,8,446,1,8,9,1,1,1
SYN00036,254,8,446,1,8,9,1,1,1
SYN00036,255,8,425,0,8,9,1,1,1
SYN00036,256,8,425,0,8,9,1,1,1
SYN00036,257,8,414,1,8,9,1,1,1
SYN00036,258,8,403,0,8,9,1,1,1
SYN00036,259,8,403,0,8,9,1,1,1
SYN00036,260,8,395,1,8,9,1,1,1
SYN00036,261,8,395,1,8,9,1,1,1
SYN00036,262,6,383,0,8,9,1,1,1
SYN00036,263,6,371,1,8,9,1,1,1
SYN00036,264,6,360,0,8,9,1,1,1
SYN00036,265,6,350,1,8,9,1,1,1
SYN00036,266,6,350,1,8,9,1,1,1
SYN00036,267,3,331,0,8,9,1,1,1
SYN00036,268,5,322,1,8,9,1,1,1
SYN00036,269,2,317,0,8,9,1,1,1
SYN00036,270,4,303,1,8,9,1,1,1
SYN00036,271,2,297,0,8,9,1,1,1
SYN00036,272,4,279,1,8,9,1,1,1
SYN00036,273,4,274,0,8,9,1,1,1
SYN00036,274,6,264,1,8,9,1,1,1
SYN00036,275,6,245,0,8,9,1,1,1
SYN00036,276,6,245,0,8,9,1,1,1
SYN00036,277,6,229,1,8,10,1,1,1
SYN00036,278,6,205,0,8,10,1,1,1
SYN00036,279,9,192,1,8,10,1,1,1
SYN00036,280,9,171,0,8,10,1,1,1
SYN00036,281,9,171,0,8,10,1,1,1
SYN00036,282,11,147,1,8,10,1,1,1
SYN00036,283,11,134,0,8,10,1,1,1
SYN00036,284,11,134,0,8,10,1,1,1
SYN00036,285,11,116,1,8,10,1,1,1
SYN00036,286,11,116,1,8,10,1,1,1
SYN00036,287,11,94,0,8,10,1,1,1
SYN00036,288,14,89,1,8,10,1,1,1
SYN00036,289,14,68,0,8,10,1,1,1
SYN00036,290,14,68,0,8,10,1,1,1
SYN00036,291,16,51,1,8,10,1,1,1
SYN00036,292,16,28,0,8,10,1,1,1
SYN00036,293,16,28,0,8,10,1,1,1
SYN00036,294,16,7,1,8,10,1,1,1
SYN00036,295,16,7,1,8,10,1,1,1
SYN00036,296,16,0,0,8,10,1,1,1
SYN00036,297,16,0,1,8,10,1,1,1
SYN00037,1,0,2880,0,0,0,0,0,0
SYN00037,2,-2,2856,0,0,0,0,0,0
SYN00037,3,-2,2842,1,0,0,0,0,0
SYN00037,4,-2,2842,1,0,0,0,0,0
SYN00037,5,-2,2825,0,1,0,0,0,0
SYN00037,6,-2,2806,1,1,0,0,0,0
SYN00037,7,-2,2806,1,1,0,0,0,0
SYN00037,8,-2,2800,0,1,0,0,0,0
SYN00037,9,-2,2800,0,1,0,0,0,0
SYN00037,10,-2,2787,1,1,0,0,0,0
SYN00037,11,-2,2787,1,1,0,0,0,0
SYN00037,12,-4,2776,0,1,0,0,0,0
SYN00037,13,-2,2752,1,1,0,0,0,0
SYN00037,14,-4,2734,0,1,0,0,0,0
SYN00037,15,-4,2712,1,1,0,0,0,0
SYN00037,16,-4,2712,1,1,0,0,0,0
SYN00037,17,-4,2699,0,1,0,0,0,0
SYN00037,18,-4,2699,0,1,0,0,0,0
SYN00037,19,-4,2691,1,1,1,0,0,0
SYN00037,20,-4,2681,0,1,1,0,0,0
SYN00037,21,-4,2681,0,1,1,0,0,0
SYN00037,22,-1,2663,1,1,1,0,0,0
SYN00037,23,-1,2649,0,1,1,0,0,0
SYN00037,24,-1,2649,0,1,1,0,0,0
SYN00037,25,-1,2625,1,1,1,0,0,0
SYN00037,26,-1,2625,1,1,1,0,0,0
SYN00037,27,-3,2616,0,1,1,0,0,0
SYN00037,28,-1,2604,1,1,1,0,0,0
SYN00037,29,-4,2594,0,1,1,0,0,0
SYN00037,30,-4,2579,1,1,1,0,0,0
SYN00037,31,-4,2579,1,1,1,0,0,0
SYN00037,32,-4,2566,0,1,1,0,0,0
SYN00037,33,-4,2566,0,1,1,0,0,0
SYN00037,34,-2,2554,1,1,1,0,0,0
SYN00037,35,-2,2547,0,1,1,0,0,0
SYN00037,36,-2,2547,0,1,1,0,0,0
SYN00037,37,-2,2534,1,1,2,0,0,0
SYN00037,38,-4,2521,0,1,2,0,0,0
SYN00037,39,-4,2503,1,1,2,0,0,0
SYN00037,40,-4,2503,1,1,2,0,0,0
SYN00037,41,-4,2487,0,1,2,0,0,0
SYN00037,42,-4,2487,0,1,2,0,0,0
SYN00037,43,-4,2482,1,1,2,0,0,0
SYN00037,44,-4,2482,1,1,2,0,0,0
SYN00037,45,-4,2465,0,1,2,0,0,0
SYN00037,46,-4,2465,0,1,2,0,0,0
SYN00037,47,-4,2444,1,1,2,0,0,0
SYN00037,48,-4,2444,1,1,2,0,0,0
SYN00037,49,-4,2436,0,1,2,0,0,0
SYN00037,50,-4,2436,0,1,2,0,0,0
SYN00037,51,-4,2420,1,1,2,0,0,0
SYN00037,52,-4,2420,1,1,2,0,0,0
SYN00037,53,-4,2413,0,1,2,0,0,0
SYN00037,54,-4,2413,0,1,2,0,0,0
SYN00037,55,-2,2390,1,1,2,0,0,0
SYN00037,56,-5,2382,0,1,2,0,0,0
SYN00037,57,-3,2360,1,1,2,0,0,0
SYN00037,58,-6,2344,0,1,2,0,0,0
SYN00037,59,-4,2334,1,1,2,0,0,0
SYN00037,60,-4,2318,0,1,2,0,0,0
SYN00037,61,-4,2318,0,1,2,0,0,0
SYN00037,62,-4,2306,1,1,2,0,0,0
SYN00037,63,-4,2306,1,1,2,0,0,0
SYN00037,64,-6,2295,0,1,2,0,0,0
SYN00037,65,-6,2288,1,1,2,0,0,0
SYN00037,66,-6,2275,0,1,2,0,0,0
SYN00037,67,-6,2275,0,1,2,0,0,0
SYN00037,68,-6,2260,1,1,2,0,0,0
SYN00037,69,-6,2260,1,1,2,0,0,0
SYN00037,70,-6,2249,0,1,2,0,0,0
SYN00037,71,-6,2249,0,1,2,0,0,0
SYN00037,72,-6,2227,1,1,2,0,0,0
SYN00037,73,-6,2227,1,1,2,0,0,0
SYN00037,74,-8,2215,0,1,2,0,0,0
SYN00037,75,-6,2204,1,1,2,0,0,0
SYN00037,76,-6,2197,0,1,2,0,0,0
SYN00037,77,-6,2197,0,1,2,0,0,0
SYN00037,78,-6,2182,1,1,2,0,0,0
SYN00037,79,-6,2182,1,1,2,0,0,0
SYN00037,80,-6,2165,0,1,2,0,0,0
SYN00037,81,-6,2165,0,1,2,0,0,0
SYN00037,82,-4,2160,1,1,2,0,0,0
SYN00037,83,-4,2160,0,1,2,0,0,0
SYN00037,84,-4,2160,0,1,2,0,0,0
SYN00037,85,-7,2141,0,1,2,0,0,0
SYN00037,86,-5,2120,1,1,2,0,0,0
SYN00037,87,-7,2105,0,1,2,0,0,0
SYN00037,88,-7,2091,1,1,2,0,0,0
SYN00037,89,-7,2091,1,1,2,0,0,0
SYN00037,90,-7,2079,0,2,2,0,0,0
SYN00037,91,-7,2056,1,2,2,0,0,0
SYN00037,92,-7,2056,1,2,2,0,0,0
SYN00037,93,-7,2041,0,2,2,0,0,0
SYN00037,94,-7,2041,0,2,2,0,0,0
SYN00037,95,-4,2022,1,2,2,0,0,0
SYN00037,96,-4,2007,0,2,2,0,0,0
SYN00037,97,-4,2007,0,2,2,0,0,0
SYN00037,98,-4,1998,1,2,2,0,0,0
SYN00037,99,-4,1998,1,2,2,0,0,0
SYN00037,100,-4,1982,0,2,2,0,0,0
SYN00037,101,-4,1982,0,2,2,0,0,0
SYN00037,102,-4,1962,1,2,2,0,0,0
SYN00037,103,-6,1956,0,2,2,0,0,0
SYN00037,104,-6,1941,1,2,2,0,0,0
SYN00037,105,-6,1941,1,2,2,0,0,0
SYN00037,106,-9,1917,0,2,2,0,0,0
SYN00037,107,-9,1902,1,2,2,0,0,0
SYN00037,108,-9,1902,1,2,2,0,0,0
SYN00037,109,-9,1883,0,2,2,0,0,0
SYN00037,110,-9,1883,0,2,2,0,0,0
SYN00037,111,-9,1877,1,2,2,0,0,0
SYN00037,112,-9,1877,1,2,2,0,0,0
SYN00037,113,-11,1865,0,2,2,0,0,0
SYN00037,114,-11,1845,1,2,2,0,0,0
SYN00037,115,-11,1845,1,2,2,0,0,0
SYN00037,116,-13,1825,0,2,2,0,0,0
SYN00037,117,-13,1801,1,2,2,0,0,0
SYN00037,118,-13,1801,1,2,2,0,0,0
SYN00037,119,-13,1789,0,3,2,0,0,0
SYN00037,120,-13,1775,1,3,3,0,0,0
SYN00037,121,-13,1763,0,4,3,0,0,0
SYN00037,122,-13,1746,1,4,3,0,0,0
SYN00037,123,-13,1746,1,4,3,0,0,0
SYN00037,124,-16,1726,0,4,3,0,0,0
SYN00037,125,-13,1715,1,4,3,0,0,0
SYN00037,126,-15,1695,0,4,3,0,0,0
SYN00037,127,-15,1675,1,4,3,0,0,0
SYN00037,128,-15,1675,1,4,3,0,0,0
SYN00037,129,-15,1656,0,5,3,1,0,0
SYN00037,130,-13,1641,1,5,3,1,0,0
SYN00037,131,-13,1632,0,6,3,1,0,0
SYN00037,132,-11,1619,1,6,3,1,0,0
SYN00037,133,-11,1598,0,7,3,1,0,0
SYN00037,134,-9,1586,1,7,3,1,0,0
SYN00037,135,-9,1562,0,8,3,1,0,0
SYN00037,136,-7,1539,1,8,3,1,0,0
SYN00037,137,-7,1516,0,9,3,1,0,0
SYN00037,138,-7,1507,1,9,3,1,0,0
SYN00037,139,-7,1507,1,9,3,1,0,0
SYN00037,140,-7,1493,0,10,3,1,0,0
SYN00037,141,-5,1476,1,10,3,1,0,0
SYN00037,142,-5,1455,0,11,3,1,0,0
SYN00037,143,-5,1440,1,11,3,1,0,0
SYN00037,144,-5,1440,1,11,3,1,0,0
SYN00037,145,-5,1440,0,11,3,1,0,0
SYN00037,146,-5,1440,0,11,3,1,0,0
SYN00037,147,-7,1433,0,11,3,1,0,0
SYN00037,148,-7,1415,1,11,3,1,0,0
SYN00037,149,-7,1415,1,11,3,1,0,0
SYN00037,150,-9,1396,0,11,3,1,0,0
SYN00037,151,-9,1383,1,11,3,1,0,0
SYN00037,152,-9,1383,1,11,3,1,0,0
SYN00037,153,-9,1376,0,11,3,1,0,0
SYN00037,154,-9,1376,0,11,3,1,0,0
SYN00037,155,-7,1359,1,11,3,1,0,0
SYN00037,156,-10,1339,0,11,3,1,0,0
SYN00037,157,-10,1332,1,11,4,1,0,0
SYN00037,158,-13,1319,0,11,4,1,0,0
SYN00037,159,-11,1307,1,11,4,1,0,0
SYN00037,160,-14,1302,0,11,4,1,0,0
SYN00037,161,-14,1288,1,11,5,1,1,0
SYN00037,162,-14,1283,0,11,5,1,1,0
SYN00037,163,-14,1276,1,11,5,1,1,0
SYN00037,164,-14,1276,1,11,5,1,1,0
SYN00037,165,-14,1260,0,11,5,1,1,0
SYN00037,166,-14,1260,0,11,5,1,1,0
SYN00037,167,-12,1250,1,11,5,1,1,0
SYN00037,168,-15,1240,0,11,5,1,1,0
SYN00037,169,-13,1219,1,11,5,1,1,0
SYN00037,170,-15,1196,0,11,5,1,1,0
SYN00037,171,-15,1177,1,11,5,1,1,0
SYN00037,172,-15,1177,1,11,5,1,1,0
SYN00037,173,-17,1159,0,11,5,1,1,0
SYN00037,174,-17,1145,1,11,6,1,1,0
SYN00037,175,-17,1138,0,11,6,1,1,0
SYN00037,176,-17,1138,0,11,6,1,1,0
SYN00037,177,-15,1116,1,11,6,1,1,0
SYN00037,178,-15,1103,0,11,6,1,1,0
SYN00037,179,-13,1091,1,11,6,1,1,0
SYN00037,180,-15,1079,0,11,6,1,1,0
SYN00037,181,-15,1056,1,11,7,1,1,0
SYN00037,182,-17,1050,0,11,7,1,1,0
SYN00037,183,-17,1043,1,11,7,1,1,0
SYN00037,184,-17,1043,1,11,7,1,1,0
SYN00037,185,-17,1037,0,11,7,1,1,0
SYN00037,186,-17,1018,1,11,7,1,1,0
SYN00037,187,-17,1018,1,11,7,1,1,0
SYN00037,188,-17,1004,0,11,7,1,1,0
SYN00037,189,-17,981,1,11,7,1,1,0
SYN00037,190,-17,981,1,11,7,1,1,0
SYN00037,191,-19,961,0,11,7,1,1,0
SYN00037,192,-19,948,1,11,7,1,1,0
SYN00037,193,-19,948,1,11,7,1,1,0
SYN00037,194,-19,927,0,11,7,1,1,0
SYN00037,195,-19,927,0,11,7,1,1,0
SYN00037,196,-17,918,1,11,7,1,1,0
SYN00037,197,-17,895,0,12,7,1,1,0
SYN00037,198,-14,881,1,12,7,1,1,0
SYN00037,199,-14,870,0,12,7,1,1,0
SYN00037,200,-14,849,1,12,7,1,1,0
SYN00037,201,-16,831,0,12,7,1,1,0
SYN00037,202,-16,820,1,12,8,1,1,0
SYN00037,203,-18,806,0,12,8,1,1,0
SYN00037,204,-18,790,1,12,8,1,1,0
SYN00037,205,-18,768,0,12,8,1,1,0
SYN00037,206,-18,768,0,12,8,1,1,0
SYN00037,207,-18,755,1,12,9,1,1,0
SYN00037,208,-20,735,0,12,9,1,1,0
SYN00037,209,-20,720,1,12,9,1,1,0
SYN00037,210,-20,720,1,12,9,1,1,0
SYN00037,211,-20,720,0,12,9,1,1,0
SYN00037,212,-20,720,0,12,9,1,1,0
SYN00037,213,-20,699,0,12,9,1,1,0
SYN00037,214,-20,699,0,12,9,1,1,0
SYN00037,215,-18,676,1,12,9,1,1,0
SYN00037,216,-18,657,0,13,9,1,1,0
SYN00037,217,-16,641,1,13,9,1,1,0
SYN00037,218,-19,632,0,13,9,1,1,0
SYN00037,219,-17,613,1,13,9,1,1,0
SYN00037,220,-17,589,0,13,9,1,1,0
SYN00037,221,-17,589,0,13,9,1,1,0
SYN00037,222,-17,578,1,13,9,1,1,0
SYN00037,223,-17,571,0,13,9,1,1,0
SYN00037,224,-17,548,1,13,9,1,1,0
SYN00037,225,-17,548,1,13,9,1,1,0
SYN00037,226,-17,531,0,13,9,1,1,0
SYN00037,227,-17,531,0,13,9,1,1,0
SYN00037,228,-17,510,1,13,9,1,1,0
SYN00037,229,-17,510,1,13,9,1,1,0
SYN00037,230,-19,502,0,13,9,1,1,0
SYN00037,231,-19,490,1,13,9,1,1,0
SYN00037,232,-19,490,1,13,9,1,1,0
SYN00037,233,-19,476,0,13,9,1,1,0
SYN00037,234,-19,476,0,13,9,1,1,0
SYN00037,235,-19,452,1,13,10,1,1,0
SYN00037,236,-21,444,0,13,10,1,1,0
SYN00037,237,-21,426,1,13,10,1,1,0
SYN00037,238,-21,426,1,13,10,1,1,0
SYN00037,239,-21,406,0,13,10,1,1,0
SYN00037,240,-21,396,1,13,10,1,1,0
SYN00037,241,-21,396,1,13,10,1,1,0
SYN00037,242,-21,379,0,13,10,1,1,0
SYN00037,243,-21,379,0,13,10,1,1,0
SYN00037,244,-21,366,1,13,10,1,1,0
SYN00037,245,-21,366,1,13,10,1,1,0
SYN00037,246,-23,349,0,13,10,1,1,0
SYN00037,247,-23,331,1,13,10,1,1,0
SYN00037,248,-23,331,1,13,10,1,1,0
SYN00037,249,-23,319,0,13,10,1,1,0
SYN00037,250,-23,319,0,13,10,1,1,0
SYN00037,251,-20,307,1,13,10,1,1,0
SYN00037,252,-23,300,0,13,10,1,1,0
SYN00037,253,-21,290,1,13,10,1,1,0
SYN00037,254,-24,277,0,13,10,1,1,0
SYN00037,255,-24,258,1,13,10,1,1,0
SYN00037,256,-24,258,1,13,10,1,1,0
SYN00037,257,-24,243,0,14,10,1,1,0
SYN00037,258,-24,231,1,14,10,1,1,0
SYN00037,259,-24,231,1,14,10,1,1,0
SYN00037,260,-26,222,0,14,10,1,1,0
SYN00037,261,-26,200,1,14,11,1,1,0
SYN00037,262,-29,187,0,14,11,1,1,0
SYN00037,263,-29,171,1,14,11,1,1,0
SYN00037,264,-29,171,1,14,11,1,1,0
SYN00037,265,-29,165,0,14,11,1,1,0
SYN00037,266,-29,165,0,14,11,1,1,0
SYN00037,267,-29,157,1,14,12,1,1,0
SYN00037,268,-29,151,0,14,12,1,1,0
SYN00037,269,-29,151,0,14,12,1,1,0
SYN00037,270,-29,140,1,14,12,1,1,0
SYN00037,271,-29,140,1,14,12,1,1,0
SYN00037,272,-29,130,0,14,12,1,1,0
SYN00037,273,-29,130,0,14,12,1,1,0
SYN00037,274,-29,123,1,14,12,1,1,0
SYN00037,275,-31,116,0,14,12,1,1,0
SYN00037,276,-28,99,1,14,12,1,1,0
SYN00037,277,-28,85,0,14,12,1,1,0
SYN00037,278,-28,85,0,14,12,1,1,0
SYN00037,279,-28,79,1,14,12,1,1,0
SYN00037,280,-28,79,1,14,12,1,1,0
SYN00037,281,-30,69,0,14,12,1,1,0
SYN00037,282,-30,59,1,14,12,1,1,0
SYN00037,283,-30,59,1,14,12,1,1,0
SYN00037,284,-30,44,0,14,12,1,1,0
SYN00037,285,-30,44,0,14,12,1,1,0
SYN00037,286,-30,20,1,14,12,1,1,0
SYN00037,287,-30,20,1,14,12,1,1,0
SYN00037,288,-30,13,0,15,12,1,1,0
SYN00037,289,-30,0,1,15,13,1,1,0
SYN00037,290,-30,0,0,15,13,1,1,0
SYN00038,1,0,2880,0,0,0,0,0,1
SYN00038,2,0,2862,0,0,0,0,0,1
SYN00038,3,0,2862,0,0,0,0,0,1
SYN00038,4,2,2845,1,0,0,0,0,1
SYN00038,5,2,2836,0,0,0,0,0,1
SYN00038,6,2,2836,0,0,0,0,0,1
SYN00038,7,4,2812,1,0,0,0,0,1
SYN00038,8,4,2801,0,0,0,0,0,1
SYN00038,9,4,2801,0,0,0,0,0,1
SYN00038,10,4,2795,1,0,0,0,0,1
SYN00038,11,4,2795,1,0,0,0,0,1
SYN00038,12,4,2775,0,0,0,0,0,1
SYN00038,13,4,2775,0,0,0,0,0,1
SYN00038,14,4,2769,1,0,0,0,0,1
SYN00038,15,4,2769,1,0,0,0,0,1
SYN00038,16,2,2755,0,0,0,0,0,1
SYN00038,17,2,2733,1,0,0,0,0,1
SYN00038,18,2,2733,1,0,0,0,0,1
SYN00038,19,2,2721,0,1,0,0,0,1
SYN00038,20,2,2712,1,1,0,0,0,1
SYN00038,21,2,2712,1,1,0,0,0,1
SYN00038,22,2,2704,0,1,0,0,0,1
SYN00038,23,2,2704,0,1,0,0,0,1
SYN00038,24,2,2686,1,1,0,0,0,1
SYN00038,25,2,2686,1,1,0,0,0,1
SYN00038,26,-1,2681,0,1,0,0,0,1
SYN00038,27,-1,2672,1,1,0,0,0,1
SYN00038,28,-1,2672,1,1,0,0,0,1
SYN00038,29,-1,2657,0,1,0,0,0,1
SYN00038,30,-1,2657,0,1,0,0,0,1
SYN00038,31,-1,2646,1,1,0,0,0,1
SYN00038,32,-1,2646,1,1,0,0,0,1
SYN00038,33,-1,2622,0,1,0,0,0,1
SYN00038,34,-1,2622,0,1,0,0,0,1
SYN00038,35,-1,2600,1,1,0,0,0,1
SYN00038,36,-3,2578,0,1,0,0,0,1
SYN00038,37,-3,2560,1,1,1,0,0,1
SYN00038,38,-3,2548,0,1,1,0,0,1
SYN00038,39,-3,2548,0,1,1,0,0,1
SYN00038,40,-3,2524,1,1,2,0,0,1
SYN00038,41,-3,2504,0,1,2,0,0,1
SYN00038,42,-3,2504,0,1,2,0,0,1
SYN00038,43,-3,2489,1,1,2,0,0,1
SYN00038,44,-3,2489,1,1,2,0,0,1
SYN00038,45,-3,2480,0,1,2,0,0,1
SYN00038,46,-3,2480,0,1,2,0,0,1
SYN00038,47,-1,2467,1,1,2,0,0,1
SYN00038,48,-3,2455,0,1,2,0,0,1
SYN00038,49,-1,2438,1,1,2,0,0,1
SYN00038,50,-3,2430,0,1,2,0,0,1
SYN00038,51,-3,2415,1,1,2,0,0,1
SYN00038,52,-3,2393,0,1,2,0,0,1
SYN00038,53,-3,2393,0,1,2,0,0,1
SYN00038,54,0,2377,1,1,2,0,0,1
SYN00038,55,0,2357,0,1,2,0,0,1
SYN00038,56,0,2357,0,1,2,0,0,1
SYN00038,57,2,2334,1,1,2,0,0,1
SYN00038,58,0,2323,0,1,2,0,0,1
SYN00038,59,0,2318,1,1,2,0,0,1
SYN00038,60,0,2318,1,1,2,0,0,1
SYN00038,61,-2,2295,0,1,2,0,0,1
SYN00038,62,0,2287,1,1,2,0,0,1
SYN00038,63,0,2266,0,2,2,0,0,1
SYN00038,64,0,2251,1,2,2,0,0,1
SYN00038,65,0,2241,0,3,2,0,0,1
SYN00038,66,2,2224,1,3,2,0,0,1
SYN00038,67,2,2217,0,3,2,0,0,1
SYN00038,68,2,2217,0,3,2,0,0,1
SYN00038,69,4,2201,1,3,2,0,0,1
SYN00038,70,4,2184,0,4,2,0,0,1
SYN00038,71,7,2167,1,4,2,0,0,1
SYN00038,72,5,2160,0,4,2,0,0,1
SYN00038,73,5,2160,1,4,2,0,0,1
SYN00038,74,5,2160,1,4,2,0,0,1
SYN00038,75,5,2139,1,4,2,0,0,1
SYN00038,76,5,2139,1,4,2,0,0,1
SYN00038,77,3,2129,0,4,2,0,0,1
SYN00038,78,5,2105,1,4,2,0,0,1
SYN00038,79,3,2098,0,4,2,0,0,1
SYN00038,80,3,2082,1,4,2,0,0,1
SYN00038,81,3,2082,1,4,2,0,0,1
SYN00038,82,1,2067,0,4,2,0,0,1
SYN00038,83,4,2056,1,4,2,0,0,1
SYN00038,84,2,2033,0,4,2,0,0,1
SYN00038,85,4,2023,1,4,2,0,0,1
SYN00038,86,2,2003,0,4,2,0,0,1
SYN00038,87,4,1984,1,4,2,0,0,1
SYN00038,88,1,1972,0,4,2,0,0,1
SYN00038,89,1,1948,1,4,2,0,0,1
SYN00038,90,1,1948,1,4,2,0,0,1
SYN00038,91,1,1932,0,4,2,0,0,1
SYN00038,92,1,1932,0,4,2,0,0,1
SYN00038,93,4,1916,1,4,2,0,0,1
SYN00038,94,4,1906,0,4,2,0,0,1
SYN00038,95,4,1906,0,4,2,0,0,1
SYN00038,96,7,1891,1,4,2,0,0,1
SYN00038,97,5,1872,0,4,2,0,0,1
SYN00038,98,7,1858,1,4,2,0,0,1
SYN00038,99,5,1845,0,4,2,0,0,1
SYN00038,100,8,1832,1,4,2,0,0,1
SYN00038,101,8,1809,0,5,2,1,0,1
SYN00038,102,8,1793,1,5,3,1,0,1
SYN00038,103,8,1785,0,6,3,1,0,1
SYN00038,104,8,1767,1,6,3,1,0,1
SYN00038,105,8,1767,1,6,3,1,0,1
SYN00038,106,5,1746,0,6,3,1,0,1
SYN00038,107,5,1741,1,6,3,1,0,1
SYN00038,108,5,1741,1,6,3,1,0,1
SYN00038,109,3,1726,0,6,3,1,0,1
SYN00038,110,3,1704,1,6,4,1,0,1
SYN00038,111,3,1682,0,6,4,1,0,1
SYN00038,112,3,1682,0,6,4,1,0,1
SYN00038,113,3,1666,1,6,4,1,0,1
SYN00038,114,3,1666,1,6,4,1,0,1
SYN00038,115,1,1652,0,6,4,1,0,1
SYN00038,116,1,1642,1,6,4,1,0,1
SYN00038,117,1,1642,1,6,4,1,0,1
SYN00038,118,1,1632,0,6,4,1,0,1
SYN00038,119,1,1632,0,6,4,1,0,1
SYN00038,120,1,1620,1,6,5,1,1,1
SYN00038,121,-1,1606,0,6,5,1,1,1
SYN00038,122,-1,1591,1,6,5,1,1,1
SYN00038,123,-1,1591,1,6,5,1,1,1
SYN00038,124,-1,1573,0,7,5,1,1,1
SYN00038,125,2,1563,1,7,5,1,1,1
SYN00038,126,0,1542,0,7,5,1,1,1
SYN00038,127,0,1532,1,7,5,1,1,1
SYN00038,128,0,1509,0,8,5,1,1,1
SYN00038,129,0,1488,1,8,5,1,1,1
SYN00038,130,0,1488,1,8,5,1,1,1
SYN00038,131,0,1477,0,8,5,1,1,1
SYN00038,132,0,1477,0,8,5,1,1,1
SYN00038,133,0,1456,1,8,5,1,1,1
SYN00038,134,0,1456,1,8,5,1,1,1
SYN00038,135,0,1443,0,8,5,1,1,1
SYN00038,136,0,1443,0,8,5,1,1,1
SYN00038,137,2,1440,1,8,5,1,1,1
SYN00038,138,2,1440,0,8,5,1,1,1
SYN00038,139,2,1440,0,8,5,1,1,1
SYN00038,140,2,1432,0,8,5,1,1,1
SYN00038,141,2,1432,0,8,5,1,1,1
SYN00038,142,2,1418,1,8,6,1,1,1
SYN00038,143,2,1398,0,8,6,1,1,1
SYN00038,144,2,1398,0,8,6,1,1,1
SYN00038,145,2,1382,1,8,6,1,1,1
SYN00038,146,2,1382,1,8,6,1,1,1
SYN00038,147,2,1366,0,8,6,1,1,1
SYN00038,148,2,1366,0,8,6,1,1,1
SYN00038,149,2,1358,1,8,6,1,1,1
SYN00038,150,2,1358,1,8,6,1,1,1
SYN00038,151,2,1342,0,8,6,1,1,1
SYN00038,152,2,1342,0,8,6,1,1,1
SYN00038,153,2,1327,1,8,6,1,1,1
SYN00038,154,2,1327,1,8,6,1,1,1
SYN00038,155,2,1308,0,8,6,1,1,1
SYN00038,156,2,1308,0,8,6,1,1,1
SYN00038,157,2,1296,1,8,6,1,1,1
SYN00038,158,2,1296,1,8,6,1,1,1
SYN00038,159,0,1288,0,8,6,1,1,1
SYN00038,160,3,1269,1,8,6,1,1,1
SYN00038,161,3,1259,0,8,6,1,1,1
SYN00038,162,3,1236,1,8,6,1,1,1
SYN00038,163,3,1218,0,8,6,1,1,1
SYN00038,164,6,1203,1,8,6,1,1,1
SYN00038,165,4,1188,0,8,6,1,1,1
SYN00038,166,4,1165,1,8,6,1,1,1
SYN00038,167,4,1165,1,8,6,1,1,1
SYN00038,168,4,1147,0,8,6,1,1,1
SYN00038,169,4,1147,0,8,6,1,1,1
SYN00038,170,6,1132,1,8,6,1,1,1
SYN00038,171,4,1116,0,8,6,1,1,1
SYN00038,172,6,1094,1,8,6,1,1,1
SYN00038,173,4,1079,0,8,6,1,1,1
SYN00038,174,4,1057,1,8,6,1,1,1
SYN00038,175,4,1057,1,8,6,1,1,1
SYN00038,176,4,1035,0,8,6,1,1,1
SYN00038,177,6,1021,1,8,6,1,1,1
SYN00038,178,6,997,0,8,6,1,1,1
SYN00038,179,6,997,0,8,6,1,1,1
SYN00038,180,6,990,1,8,6,1,1,1
SYN00038,181,6,990,1,8,6,1,1,1
SYN00038,182,6,983,0,8,6,1,1,1
SYN00038,183,6,983,0,8,6,1,1,1
SYN00038,184,6,972,1,8,6,1,1,1
SYN00038,185,6,972,1,8,6,1,1,1
SYN00038,186,6,951,0,8,6,1,1,1
SYN00038,187,6,951,0,8,6,1,1,1
SYN00038,188,6,936,1,8,6,1,1,1
SYN00038,189,6,936,1,8,6,1,1,1
SYN00038,190,4,915,0,8,6,1,1,1
SYN00038,191,4,903,1,8,6,1,1,1
SYN00038,192,4,903,1,8,6,1,1,1
SYN00038,193,4,880,0,8,6,1,1,1
SYN00038,194,4,880,0,8,6,1,1,1
SYN00038,195,4,873,1,8,6,1,1,1
SYN00038,196,4,873,1,8,6,1,1,1
SYN00038,197,2,858,0,8,6,1,1,1
SYN00038,198,5,848,1,8,6,1,1,1
SYN00038,199,3,833,0,8,6,1,1,1
SYN00038,200,3,813,1,8,6,1,1,1
SYN00038,201,3,813,1,8,6,1,1,1
SYN00038,202,3,808,0,9,6,1,1,1
SYN00038,203,5,798,1,9,6,1,1,1
SYN00038,204,5,790,0,10,6,1,1,1
SYN00038,205,7,769,1,10,6,1,1,1
SYN00038,206,7,747,0,10,6,1,1,1
SYN00038,207,7,747,0,10,6,1,1,1
SYN00038,208,7,729,1,10,6,1,1,1
SYN00038,209,7,729,1,10,6,1,1,1
SYN00038,210,7,723,0,10,6,1,1,1
SYN00038,211,7,723,0,10,6,1,1,1
SYN00038,212,7,720,1,10,6,1,1,1
SYN00038,213,7,720,1,10,6,1,1,1
SYN00038,214,7,720,0,10,6,1,1,1
SYN00038,215,7,720,0,10,6,1,1,1
SYN00038,216,5,708,0,10,6,1,1,1
SYN00038,217,5,703,1,10,6,1,1,1
SYN00038,218,5,680,0,10,6,1,1,1
SYN00038,219,5,680,0,10,6,1,1,1
SYN00038,220,8,662,1,10,6,1,1,1
SYN00038,221,6,656,0,10,6,1,1,1
SYN00038,222,6,644,1,10,6,1,1,1
SYN00038,223,6,644,1,10,6,1,1,1
SYN00038,224,6,625,0,11,6,1,1,1
SYN00038,225,6,601,1,11,6,1,1,1
SYN00038,226,6,601,1,11,6,1,1,1
SYN00038,227,6,591,0,11,6,1,1,1
SYN00038,228,6,591,0,11,6,1,1,1
SYN00038,229,6,585,1,11,6,1,1,1
SYN00038,230,6,585,1,11,6,1,1,1
SYN00038,231,6,562,0,11,6,1,1,1
SYN00038,232,6,562,0,11,6,1,1,1
SYN00038,233,8,551,1,11,6,1,1,1
SYN00038,234,5,535,0,11,6,1,1,1
SYN00038,235,8,516,1,11,6,1,1,1
SYN00038,236,8,508,0,11,6,1,1,1
SYN00038,237,8,508,0,11,6,1,1,1
SYN00038,238,8,489,1,11,6,1,1,1
SYN00038,239,8,489,1,11,6,1,1,1
SYN00038,240,6,472,0,11,6,1,1,1
SYN00038,241,8,448,1,11,6,1,1,1
SYN00038,242,8,440,0,11,6,1,1,1
SYN00038,243,8,440,0,11,6,1,1,1
SYN00038,244,8,423,1,11,7,1,1,1
SYN00038,245,8,399,0,11,7,1,1,1
SYN00038,246,8,399,0,11,7,1,1,1
SYN00038,247,11,389,1,11,7,1,1,1
SYN00038,248,9,366,0,11,7,1,1,1
SYN00038,249,9,355,1,11,7,1,1,1
SYN00038,250,9,355,1,11,7,1,1,1
SYN00038,251,9,337,0,11,7,1,1,1
SYN00038,252,9,337,0,11,7,1,1,1
SYN00038,253,12,327,1,11,7,1,1,1
SYN00038,254,12,313,0,11,7,1,1,1
SYN00038,255,12,313,0,11,7,1,1,1
SYN00038,256,15,304,1,11,7,1,1,1
SYN00038,257,13,289,0,11,7,1,1,1
SYN00038,258,15,280,1,11,7,1,1,1
SYN00038,259,15,270,0,12,7,1,1,1
SYN00038,260,18,257,1,12,7,1,1,1
SYN00038,261,18,245,0,12,7,1,1,1
SYN00038,262,18,245,0,12,7,1,1,1
SYN00038,263,18,228,1,12,8,1,1,1
SYN00038,264,16,211,0,12,8,1,1,1
SYN00038,265,16,194,1,12,9,1,1,1
SYN00038,266,14,177,0,12,9,1,1,1
SYN00038,267,14,157,1,12,9,1,1,1
SYN00038,268,14,157,1,12,9,1,1,1
SYN00038,269,14,151,0,12,9,1,1,1
SYN00038,270,16,134,1,12,9,1,1,1
SYN00038,271,14,110,0,12,9,1,1,1
SYN00038,272,14,103,1,12,9,1,1,1
SYN00038,273,14,103,1,12,9,1,1,1
SYN00038,274,14,90,0,12,9,1,1,1
SYN00038,275,14,90,0,12,9,1,1,1
SYN00038,276,14,74,1,12,9,1,1,1
SYN00038,277,14,74,1,12,9,1,1,1
SYN00038,278,14,67,0,12,9,1,1,1
SYN00038,279,14,67,0,12,9,1,1,1
SYN00038,280,14,55,1,12,10,1,1,1
SYN00038,281,14,34,0,12,10,1,1,1
SYN00038,282,14,34,0,12,10,1,1,1
SYN00038,283,14,20,1,12,10,1,1,1
SYN00038,284,12,5,0,12,10,1,1,1
SYN00038,285,14,0,1,12,10,1,1,1
SYN00038,286,14,0,0,12,10,1,1,1
SYN00039,1,0,2880,0,0,0,0,0,1
SYN00039,2,-2,2865,0,0,0,0,0,1
SYN00039,3,0,2852,1,0,0,0,0,1
SYN00039,4,0,2833,0,0,0,0,0,1
SYN00039,5,0,2833,0,0,0,0,0,1
SYN00039,6,0,2816,1,0,0,0,0,1
SYN00039,7,0,2816,1,0,0,0,0,1
SYN00039,8,0,2800,0,0,0,0,0,1
SYN00039,9,0,2800,0,0,0,0,0,1
SYN00039,10,0,2785,1,0,0,0,0,1
SYN00039,11,0,2785,1,0,0,0,0,1
SYN00039,12,-2,2763,0,0,0,0,0,1
SYN00039,13,0,2755,1,0,0,0,0,1
SYN00039,14,0,2743,0,0,0,0,0,1
SYN00039,15,0,2743,0,0,0,0,0,1
SYN00039,16,0,2726,1,0,0,0,0,1
SYN00039,17,0,2726,1,0,0,0,0,1
SYN00039,18,-2,2706,0,0,0,0,0,1
SYN00039,19,-2,2690,1,0,0,0,0,1
SYN00039,20,-2,2678,0,1,0,0,0,1
SYN00039,21,0,2670,1,1,0,0,0,1
SYN00039,22,0,2651,0,1,0,0,0,1
SYN00039,23,0,2651,0,1,0,0,0,1
SYN00039,24,0,2630,1,1,0,0,0,1
SYN00039,25,0,2630,1,1,0,0,0,1
SYN00039,26,0,2614,0,1,0,0,0,1
SYN00039,27,0,2614,0,1,0,0,0,1
SYN00039,28,0,2609,1,1,1,0,0,1
SYN00039,29,-2,2589,0,1,1,0,0,1
SYN00039,30,-2,2572,1,1,1,0,0,1
SYN00039,31,-2,2572,1,1,1,0,0,1
SYN00039,32,-2,2560,0,1,1,0,0,1
SYN00039,33,-2,2560,0,1,1,0,0,1
SYN00039,34,-2,2538,1,1,1,0,0,1
SYN00039,35,-2,2538,1,1,1,0,0,1
SYN00039,36,-4,2524,0,1,1,0,0,1
SYN00039,37,-2,2517,1,1,1,0,0,1
SYN00039,38,-4,2504,0,1,1,0,0,1
SYN00039,39,-2,2495,1,1,1,0,0,1
SYN00039,40,-4,2481,0,1,1,0,0,1
SYN00039,41,-2,2474,1,1,1,0,0,1
SYN00039,42,-2,2462,0,1,1,0,0,1
SYN00039,43,-2,2462,0,1,1,0,0,1
SYN00039,44,-2,2442,1,1,1,0,0,1
SYN00039,45,-2,2423,0,1,1,0,0,1
SYN00039,46,-2,2423,0,1,1,0,0,1
SYN00039,47,1,2413,1,1,1,0,0,1
SYN00039,48,1,2404,0,1,1,0,0,1
SYN00039,49,1,2404,0,1,1,0,0,1
SYN00039,50,3,2390,1,1,1,0,0,1
SYN00039,51,1,2379,0,1,1,0,0,1
SYN00039,52,4,2357,1,1,1,0,0,1
SYN00039,53,4,2352,0,1,1,0,0,1
SYN00039,54,4,2352,0,1,1,0,0,1
SYN00039,55,4,2343,1,1,1,0,0,1
SYN00039,56,4,2343,1,1,1,0,0,1
SYN00039,57,2,2322,0,1,1,0,0,1
SYN00039,58,2,2315,1,1,1,0,0,1
SYN00039,59,2,2315,1,1,1,0,0,1
SYN00039,60,2,2298,0,1,1,0,0,1
SYN00039,61,5,2276,1,1,1,0,0,1
SYN00039,62,5,2261,0,1,1,0,0,1
SYN00039,63,5,2261,0,1,1,0,0,1
SYN00039,64,5,2247,1,1,1,0,0,1
SYN00039,65,5,2247,1,1,1,0,0,1
SYN00039,66,5,2239,0,1,1,0,0,1
SYN00039,67,5,2239,0,1,1,0,0,1
SYN00039,68,7,2223,1,1,1,0,0,1
SYN00039,69,5,2211,0,1,1,0,0,1
SYN00039,70,5,2201,1,1,1,0,0,1
SYN00039,71,5,2201,1,1,1,0,0,1
SYN00039,72,5,2190,0,2,1,0,0,1
SYN00039,73,7,2169,1,2,1,0,0,1
SYN00039,74,4,2162,0,2,1,0,0,1
SYN00039,75,6,2160,1,2,1,0,0,1
SYN00039,76,6,2160,0,2,1,0,0,1
SYN00039,77,6,2160,0,2,1,0,0,1
SYN00039,78,6,2153,0,2,1,0,0,1
SYN00039,79,6,2153,0,2,1,0,0,1
SYN00039,80,6,2146,1,2,1,0,0,1
SYN00039,81,6,2146,1,2,1,0,0,1
SYN00039,82,6,2141,0,2,1,0,0,1
SYN00039,83,6,2141,0,2,1,0,0,1
SYN00039,84,6,2118,1,2,1,0,0,1
SYN00039,85,4,2097,0,2,1,0,0,1
SYN00039,86,7,2082,1,2,1,0,0,1
SYN00039,87,5,2074,0,2,1,0,0,1
SYN00039,88,7,2066,1,2,1,0,0,1
SYN00039,89,5,2043,0,2,1,0,0,1
SYN00039,90,5,2038,1,2,1,0,0,1
SYN00039,91,5,2038,1,2,1,0,0,1
SYN00039,92,5,2019,0,2,1,0,0,1
SYN00039,93,5,2019,0,2,1,0,0,1
SYN00039,94,8,2003,1,2,1,0,0,1
SYN00039,95,5,1979,0,2,1,0,0,1
SYN00039,96,5,1963,1,2,1,0,0,1
SYN00039,97,5,1963,1,2,1,0,0,1
SYN00039,98,5,1944,0,2,1,0,0,1
SYN00039,99,5,1944,0,2,1,0,0,1
SYN00039,100,5,1929,1,2,1,0,0,1
SYN00039,101,3,1906,0,2,1,0,0,1
SYN00039,102,3,1900,1,2,2,0,0,1
SYN00039,103,0,1878,0,2,2,0,0,1
SYN00039,104,0,1871,1,2,2,0,0,1
SYN00039,105,0,1871,1,2,2,0,0,1
SYN00039,106,0,1861,0,3,2,0,0,1
SYN00039,107,0,1854,1,3,2,0,0,1
SYN00039,108,0,1854,1,3,2,0,0,1
SYN00039,109,0,1832,0,3,2,0,0,1
SYN00039,110,0,1832,0,3,2,0,0,1
SYN00039,111,3,1812,1,3,2,0,0,1
SYN00039,112,3,1790,0,3,2,0,0,1
SYN00039,113,3,1790,0,3,2,0,0,1
SYN00039,114,3,1767,1,3,3,0,0,1
SYN00039,115,1,1757,0,3,3,0,0,1
SYN00039,116,1,1744,1,3,4,0,0,1
SYN00039,117,1,1735,0,3,4,0,0,1
SYN00039,118,1,1735,0,3,4,0,0,1
SYN00039,119,3,1726,1,3,4,0,0,1
SYN00039,120,3,1714,0,3,4,0,0,1
SYN00039,121,3,1714,0,3,4,0,0,1
SYN00039,122,3,1690,1,3,4,0,0,1
SYN00039,123,3,1690,1,3,4,0,0,1
SYN00039,124,3,1672,0,3,4,0,0,1
SYN00039,125,3,1672,0,3,4,0,0,1
SYN00039,126,5,1653,1,3,4,0,0,1
SYN00039,127,5,1631,0,3,4,0,0,1
SYN00039,128,5,1631,0,3,4,0,0,1
SYN00039,129,7,1609,1,3,4,0,0,1
SYN00039,130,4,1595,0,3,4,0,0,1
SYN00039,131,7,1572,1,3,4,0,0,1
SYN00039,132,7,1549,0,3,4,0,0,1
SYN00039,133,7,1549,0,3,4,0,0,1
SYN00039,134,9,1535,1,3,4,0,0,1
SYN00039,135,9,1519,0,4,4,0,0,1
SYN00039,136,9,1498,1,4,4,0,0,1
SYN00039,137,9,1498,1,4,4,0,0,1
SYN00039,138,7,1481,0,4,4,0,0,1
SYN00039,139,7,1468,1,4,4,0,0,1
SYN00039,140,7,1468,1,4,4,0,0,1
SYN00039,141,7,1449,0,4,4,0,0,1
SYN00039,142,7,1449,0,4,4,0,0,1
SYN00039,143,9,1440,1,4,4,0,0,1
SYN00039,144,9,1440,0,4,4,0,0,1
SYN00039,145,9,1440,0,4,4,0,0,1
SYN00039,146,9,1435,0,4,4,0,0,1
SYN00039,147,9,1435,0,4,4,0,0,1
SYN00039,148,9,1419,1,4,4,0,0,1
SYN00039,149,9,1419,1,4,4,0,0,1
SYN00039,150,9,1406,0,4,4,0,0,1
SYN00039,151,9,1406,0,4,4,0,0,1
SYN00039,152,9,1383,1,4,4,0,0,1
SYN00039,153,9,1383,1,4,4,0,0,1
SYN00039,154,9,1362,0,4,4,0,0,1
SYN00039,155,9,1362,0,4,4,0,0,1
SYN00039,156,9,1339,1,4,4,0,0,1
SYN00039,157,9,1339,1,4,4,0,0,1
SYN00039,158,7,1332,0,4,4,0,0,1
SYN00039,159,7,1308,1,4,4,0,0,1
SYN00039,160,7,1308,1,4,4,0,0,1
SYN00039,161,7,1303,0,4,4,0,0,1
SYN00039,162,7,1303,0,4,4,0,0,1
SYN00039,163,7,1290,1,4,5,0,1,1
SYN00039,164,7,1276,0,4,5,0,1,1
SYN00039,165,7,1276,0,4,5,0,1,1
SYN00039,166,7,1261,1,4,5,0,1,1
SYN00039,167,7,1261,1,4,5,0,1,1
SYN00039,168,7,1243,0,4,5,0,1,1
SYN00039,169,7,1243,0,4,5,0,1,1
SYN00039,170,7,1233,1,4,5,0,1,1
SYN00039,171,7,1215,0,4,5,0,1,1
SYN00039,172,7,1215,0,4,5,0,1,1
SYN00039,173,9,1205,1,4,5,0,1,1
SYN00039,174,9,1195,0,4,5,0,1,1
SYN00039,175,9,1181,1,4,5,0,1,1
SYN00039,176,9,1181,1,4,5,0,1,1
SYN00039,177,9,1165,0,4,5,0,1,1
SYN00039,178,9,1157,1,4,5,0,1,1
SYN00039,179,9,1157,1,4,5,0,1,1
SYN00039,180,9,1147,0,4,5,0,1,1
SYN00039,181,9,1147,0,4,5,0,1,1
SYN00039,182,9,1131,1,4,6,0,1,1
SYN00039,183,9,1108,0,4,6,0,1,1
SYN00039,184,9,1108,0,4,6,0,1,1
SYN00039,185,12,1101,1,4,6,0,1,1
SYN00039,186,12,1083,0,4,6,0,1,1
SYN00039,187,12,1083,0,4,6,0,1,1
SYN00039,188,14,1073,1,4,6,0,1,1
SYN00039,189,12,1055,0,4,6,0,1,1
SYN00039,190,12,1048,1,4,6,0,1,1
SYN00039,191,12,1048,1,4,6,0,1,1
SYN00039,192,9,1041,0,4,6,0,1,1
SYN00039,193,11,1022,1,4,6,0,1,1
SYN00039,194,11,1007,0,4,6,0,1,1
SYN00039,195,11,1007,0,4,6,0,1,1
SYN00039,196,11,988,1,4,6,0,1,1
SYN00039,197,11,982,0,4,6,0,1,1
SYN00039,198,11,982,0,4,6,0,1,1
SYN00039,199,11,962,1,4,6,0,1,1
SYN00039,200,11,962,1,4,6,0,1,1
SYN00039,201,11,939,0,4,6,0,1,1
SYN00039,202,11,939,0,4,6,0,1,1
SYN00039,203,11,922,1,4,6,0,1,1
SYN00039,204,11,922,1,4,6,0,1,1
SYN00039,205,11,909,0,4,6,0,1,1
SYN00039,206,11,909,0,4,6,0,1,1
SYN00039,207,11,902,1,4,6,0,1,1
SYN00039,208,11,902,1,4,6,0,1,1
SYN00039,209,11,883,0,4,6,0,1,1
SYN00039,210,11,883,0,4,6,0,1,1
SYN00039,211,11,878,1,4,6,0,1,1
SYN00039,212,11,878,1,4,6,0,1,1
SYN00039,213,11,858,0,4,6,0,1,1
SYN00039,214,11,858,0,4,6,0,1,1
SYN00039,215,11,850,1,4,6,0,1,1
SYN00039,216,11,850,1,4,6,0,1,1
SYN00039,217,11,834,0,4,6,0,1,1
SYN00039,218,11,834,0,4,6,0,1,1
SYN00039,219,13,815,1,4,6,0,1,1
SYN00039,220,11,808,0,4,6,0,1,1
SYN00039,221,11,798,1,4,6,0,1,1
SYN00039,222,11,798,1,4,6,0,1,1
SYN00039,223,11,793,0,4,6,0,1,1
SYN00039,224,11,793,0,4,6,0,1,1
SYN00039,225,13,787,1,4,6,0,1,1
SYN00039,226,13,775,0,4,6,0,1,1
SYN00039,227,13,775,0,4,6,0,1,1
SYN00039,228,13,759,1,4,6,0,1,1
SYN00039,229,13,759,1,4,6,0,1,1
SYN00039,230,11,735,0,4,6,0,1,1
SYN00039,231,13,727,1,4,6,0,1,1
SYN00039,232,13,721,0,4,6,0,1,1
SYN00039,233,13,721,0,4,6,0,1,1
SYN00039,234,13,720,1,4,6,0,1,1
SYN00039,235,13,720,1,4,6,0,1,1
SYN00039,236,13,720,0,4,6,0,1,1
SYN00039,237,13,720,0,4,6,0,1,1
SYN00039,238,13,701,0,4,6,0,1,1
SYN00039,239,13,680,1,4,6,0,1,1
SYN00039,240,13,680,1,4,6,0,1,1
SYN00039,241,11,670,0,4,6,0,1,1
SYN00039,242,11,659,1,4,7,0,1,1
SYN00039,243,11,643,0,4,7,0,1,1
SYN00039,244,11,643,0,4,7,0,1,1
SYN00039,245,14,632,1,4,7,0,1,1
SYN00039,246,14,611,0,4,7,0,1,1
SYN00039,247,14,611,0,4,7,0,1,1
SYN00039,248,14,598,1,4,7,0,1,1
SYN00039,249,14,598,1,4,7,0,1,1
SYN00039,250,14,586,0,4,7,0,1,1
SYN00039,251,14,586,0,4,7,0,1,1
SYN00039,252,14,573,1,4,7,0,1,1
SYN00039,253,14,573,1,4,7,0,1,1
SYN00039,254,12,565,0,4,7,0,1,1
SYN00039,255,12,552,1,4,8,0,1,1
SYN00039,256,12,542,0,5,8,1,1,1
SYN00039,257,12,536,1,5,8,1,1,1
SYN00039,258,12,536,1,5,8,1,1,1
SYN00039,259,9,514,0,5,8,1,1,1
SYN00039,260,9,496,1,5,8,1,1,1
SYN00039,261,9,496,1,5,8,1,1,1
SYN00039,262,7,481,0,5,8,1,1,1
SYN00039,263,7,457,1,5,9,1,1,1
SYN00039,264,5,443,0,5,9,1,1,1
SYN00039,265,5,421,1,5,10,1,1,1
SYN00039,266,5,407,0,5,10,1,1,1
SYN00039,267,5,407,0,5,10,1,1,1
SYN00039,268,5,398,1,5,10,1,1,1
SYN00039,269,5,398,1,5,10,1,1,1
SYN00039,270,3,393,0,5,10,1,1,1
SYN00039,271,5,382,1,5,10,1,1,1
SYN00039,272,3,362,0,5,10,1,1,1
SYN00039,273,3,347,1,5,10,1,1,1
SYN00039,274,3,347,1,5,10,1,1,1
SYN00039,275,1,329,0,5,10,1,1,1
SYN00039,276,3,306,1,5,10,1,1,1
SYN00039,277,3,299,0,5,10,1,1,1
SYN00039,278,3,299,0,5,10,1,1,1
SYN00039,279,6,280,1,5,10,1,1,1
SYN00039,280,6,275,0,6,10,1,1,1
SYN00039,281,6,266,1,6,11,1,1,1
SYN00039,282,6,251,0,6,11,1,1,1
SYN00039,283,6,251,0,6,11,1,1,1
SYN00039,284,6,230,1,6,11,1,1,1
SYN00039,285,6,230,1,6,11,1,1,1
SYN00039,286,6,216,0,7,11,1,1,1
SYN00039,287,6,208,1,7,12,1,1,1
SYN00039,288,6,187,0,7,12,1,1,1
SYN00039,289,6,187,0,7,12,1,1,1
SYN00039,290,6,175,1,7,12,1,1,1
SYN00039,291,6,175,1,7,12,1,1,1
SYN00039,292,3,162,0,7,12,1,1,1
SYN00039,293,3,157,1,7,12,1,1,1
SYN00039,294,3,157,1,7,12,1,1,1
SYN00039,295,3,147,0,7,12,1,1,1
SYN00039,296,3,147,0,7,12,1,1,1
SYN00039,297,5,139,1,7,12,1,1,1
SYN00039,298,5,123,0,7,12,1,1,1
SYN00039,299,5,123,0,7,12,1,1,1
SYN00039,300,5,115,1,7,12,1,1,1
SYN00039,301,5,115,1,7,12,1,1,1
SYN00039,302,5,102,0,7,12,1,1,1
SYN00039,303,5,102,0,7,12,1,1,1
SYN00039,304,5,95,1,7,12,1,1,1
SYN00039,305,5,95,1,7,12,1,1,1
SYN00039,306,3,79,0,7,12,1,1,1
SYN00039,307,5,56,1,7,12,1,1,1
SYN00039,308,3,43,0,7,12,1,1,1
SYN00039,309,6,22,1,7,12,1,1,1
SYN00039,310,4,12,0,7,12,1,1,1
SYN00039,311,4,0,1,7,12,1,1,1
SYN00039,312,4,0,1,7,12,1,1,1
SYN00039,313,4,0,0,7,12,1,1,1
SYN00040,1,0,2880,0,0,0,0,0,1
SYN00040,2,0,2870,0,0,0,0,0,1
SYN00040,3,0,2870,0,0,0,0,0,1
SYN00040,4,0,2851,1,0,0,0,0,1
SYN00040,5,0,2851,1,0,0,0,0,1
SYN00040,6,0,2835,0,0,0,0,0,1
SYN00040,7,0,2835,0,0,0,0,0,1
SYN00040,8,0,2824,1,0,0,0,0,1
SYN00040,9,0,2824,1,0,0,0,0,1
SYN00040,10,0,2812,0,0,0,0,0,1
SYN00040,11,0,2812,0,0,0,0,0,1
SYN00040,12,2,2799,1,0,0,0,0,1
SYN00040,13,2,2792,0,0,0,0,0,1
SYN00040,14,2,2792,0,0,0,0,0,1
SYN00040,15,2,2785,1,0,0,0,0,1
SYN00040,16,2,2785,1,0,0,0,0,1
SYN00040,17,2,2768,0,0,0,0,0,1
SYN00040,18,2,2768,0,0,0,0,0,1
SYN00040,19,2,2746,1,0,0,0,0,1
SYN00040,20,2,2746,1,0,0,0,0,1
SYN00040,21,2,2725,0,0,0,0,0,1
SYN00040,22,2,2707,1,0,0,0,0,1
SYN00040,23,2,2707,1,0,0,0,0,1
SYN00040,24,-1,2693,0,0,0,0,0,1
SYN00040,25,-1,2684,1,0,1,0,0,1
SYN00040,26,-1,2660,0,0,1,0,0,1
SYN00040,27,-1,2660,0,0,1,0,0,1
SYN00040,28,-1,2645,1,0,1,0,0,1
SYN00040,29,-1,2645,1,0,1,0,0,1
SYN00040,30,-1,2625,0,0,1,0,0,1
SYN00040,31,-1,2625,0,0,1,0,0,1
SYN00040,32,1,2603,1,0,1,0,0,1
SYN00040,33,-1,2587,0,0,1,0,0,1
SYN00040,34,1,2563,1,0,1,0,0,1
SYN00040,35,-1,2548,0,0,1,0,0,1
SYN00040,36,1,2527,1,0,1,0,0,1
SYN00040,37,1,2507,0,0,1,0,0,1
SYN00040,38,1,2507,0,0,1,0,0,1
SYN00040,39,3,2486,1,0,1,0,0,1
SYN00040,40,3,2480,0,0,1,0,0,1
SYN00040,41,3,2480,0,0,1,0,0,1
SYN00040,42,5,2457,1,0,1,0,0,1
SYN00040,43,5,2438,0,0,1,0,0,1
SYN00040,44,5,2438,0,0,1,0,0,1
SYN00040,45,5,2414,1,0,1,0,0,1
SYN00040,46,5,2414,1,0,1,0,0,1
SYN00040,47,5,2399,0,1,1,0,0,1
SYN00040,48,5,2385,1,1,1,0,0,1
SYN00040,49,2,2376,0,1,1,0,0,1
SYN00040,50,2,2354,1,1,2,0,0,1
SYN00040,51,2,2347,0,1,2,0,0,1
SYN00040,52,2,2347,0,1,2,0,0,1
SYN00040,53,2,2334,1,1,3,0,0,1
SYN00040,54,-1,2326,0,1,3,0,0,1
SYN00040,55,-1,2309,1,1,3,0,0,1
SYN00040,56,-1,2309,1,1,3,0,0,1
SYN00040,57,-1,2297,0,1,3,0,0,1
SYN00040,58,-1,2285,1,1,3,0,0,1
SYN00040,59,-1,2285,1,1,3,0,0,1
SYN00040,60,-1,2272,0,1,3,0,0,1
SYN00040,61,-1,2254,1,1,3,0,0,1
SYN00040,62,-1,2254,1,1,3,0,0,1
SYN00040,63,-1,2239,0,1,3,0,0,1
SYN00040,64,-1,2239,0,1,3,0,0,1
SYN00040,65,-1,2228,1,1,3,0,0,1
SYN00040,66,-3,2212,0,1,3,0,0,1
SYN00040,67,-3,2191,1,1,3,0,0,1
SYN00040,68,-3,2178,0,1,3,0,0,1
SYN00040,69,-3,2178,0,1,3,0,0,1
SYN00040,70,-3,2160,1,1,3,0,0,1
SYN00040,71,-3,2160,1,1,3,0,0,1
SYN00040,72,-3,2160,0,1,3,0,0,1
SYN00040,73,-3,2160,0,1,3,0,0,1
SYN00040,74,-3,2142,0,1,3,0,0,1
SYN00040,75,-3,2142,0,1,3,0,0,1
SYN00040,76,-3,2126,1,1,3,0,0,1
SYN00040,77,-3,2126,1,1,3,0,0,1
SYN00040,78,-5,2104,0,1,3,0,0,1
SYN00040,79,-3,2084,1,1,3,0,0,1
SYN00040,80,-5,2072,0,1,3,0,0,1
SYN00040,81,-5,2057,1,1,4,0,0,1
SYN00040,82,-5,2034,0,1,4,0,0,1
SYN00040,83,-5,2034,0,1,4,0,0,1
SYN00040,84,-3,2021,1,1,4,0,0,1
SYN00040,85,-3,2004,0,1,4,0,0,1
SYN00040,86,-3,2004,0,1,4,0,0,1
SYN00040,87,-3,1996,1,1,4,0,0,1
SYN00040,88,-3,1996,1,1,4,0,0,1
SYN00040,89,-3,1984,0,1,4,0,0,1
SYN00040,90,-3,1984,0,1,4,0,0,1
SYN00040,91,-1,1960,1,1,4,0,0,1
SYN00040,92,-1,1939,0,1,4,0,0,1
SYN00040,93,-1,1939,0,1,4,0,0,1
SYN00040,94,1,1920,1,1,4,0,0,1
SYN00040,95,1,1911,0,1,4,0,0,1
SYN00040,96,1,1911,0,1,4,0,0,1
SYN00040,97,1,1892,1,1,4,0,0,1
SYN00040,98,1,1892,1,1,4,0,0,1
SYN00040,99,-1,1873,0,1,4,0,0,1
SYN00040,100,-1,1849,1,1,5,0,1,1
SYN00040,101,-1,1835,0,1,5,0,1,1
SYN00040,102,-1,1835,0,1,5,0,1,1
SYN00040,103,-1,1816,1,1,5,0,1,1
SYN00040,104,-1,1816,1,1,5,0,1,1
SYN00040,105,-4,1809,0,1,5,0,1,1
SYN00040,106,-2,1801,1,1,5,0,1,1
SYN00040,107,-4,1783,0,1,5,0,1,1
SYN00040,108,-4,1769,1,1,5,0,1,1
SYN00040,109,-4,1769,1,1,5,0,1,1
SYN00040,110,-4,1758,0,1,5,0,1,1
SYN00040,111,-4,1758,0,1,5,0,1,1
SYN00040,112,-4,1748,1,1,5,0,1,1
SYN00040,113,-4,1748,1,1,5,0,1,1
SYN00040,114,-6,1741,0,1,5,0,1,1
SYN00040,115,-6,1733,1,1,5,0,1,1
SYN00040,116,-6,1733,1,1,5,0,1,1
SYN00040,117,-6,1712,0,1,5,0,1,1
SYN00040,118,-6,1706,1,1,5,0,1,1
SYN00040,119,-6,1706,1,1,5,0,1,1
SYN00040,120,-6,1683,0,1,5,0,1,1
SYN00040,121,-6,1683,0,1,5,0,1,1
SYN00040,122,-4,1669,1,1,5,0,1,1
SYN00040,123,-4,1661,0,1,5,0,1,1
SYN00040,124,-4,1661,0,1,5,0,1,1
SYN00040,125,-2,1644,1,1,5,0,1,1
SYN00040,126,-2,1638,0,1,5,0,1,1
SYN00040,127,-2,1638,0,1,5,0,1,1
SYN00040,128,-2,1628,1,1,5,0,1,1
SYN00040,129,-2,1628,1,1,5,0,1,1
SYN00040,130,-2,1609,0,1,5,0,1,1
SYN00040,131,-2,1609,0,1,5,0,1,1
SYN00040,132,0,1589,1,1,5,0,1,1
SYN00040,133,0,1584,0,2,5,0,1,1
SYN00040,134,0,1566,1,2,5,0,1,1
SYN00040,135,0,1566,1,2,5,0,1,1
SYN00040,136,0,1555,0,3,5,0,1,1
SYN00040,137,2,1531,1,3,5,0,1,1
SYN00040,138,2,1515,0,3,5,0,1,1
SYN00040,139,2,1515,0,3,5,0,1,1
SYN00040,140,4,1510,1,3,5,0,1,1
SYN00040,141,2,1492,0,3,5,0,1,1
SYN00040,142,4,1469,1,3,5,0,1,1
SYN00040,143,4,1461,0,3,5,0,1,1
SYN00040,144,4,1461,0,3,5,0,1,1
SYN00040,145,4,1456,1,3,5,0,1,1
SYN00040,146,4,1456,1,3,5,0,1,1
SYN00040,147,4,1440,0,3,5,0,1,1
SYN00040,148,4,1440,0,3,5,0,1,1
SYN00040,149,4,1440,1,3,5,0,1,1
SYN00040,150,4,1440,1,3,5,0,1,1
SYN00040,151,4,1429,1,3,6,0,1,1
SYN00040,152,2,1407,0,3,6,0,1,1
SYN00040,153,5,1402,1,3,6,0,1,1
SYN00040,154,3,1392,0,3,6,0,1,1
SYN00040,155,6,1375,1,3,6,0,1,1
SYN00040,156,6,1354,0,3,6,0,1,1
SYN00040,157,6,1354,0,3,6,0,1,1
SYN00040,158,8,1335,1,3,6,0,1,1
SYN00040,159,5,1330,0,3,6,0,1,1
SYN00040,160,5,1318,1,3,6,0,1,1
SYN00040,161,3,1297,0,3,6,0,1,1
SYN00040,162,3,1279,1,3,6,0,1,1
SYN00040,163,3,1279,1,3,6,0,1,1
SYN00040,164,3,1268,0,4,6,0,1,1
SYN00040,165,3,1245,1,4,6,0,1,1
SYN00040,166,3,1236,0,4,6,0,1,1
SYN00040,167,3,1236,0,4,6,0,1,1
SYN00040,168,3,1216,1,4,6,0,1,1
SYN00040,169,3,1216,1,4,6,0,1,1
SYN00040,170,1,1205,0,4,6,0,1,1
SYN00040,171,1,1197,1,4,6,0,1,1
SYN00040,172,1,1197,1,4,6,0,1,1
SYN00040,173,1,1181,0,4,6,0,1,1
SYN00040,174,1,1165,1,4,6,0,1,1
SYN00040,175,1,1165,1,4,6,0,1,1
SYN00040,176,1,1146,0,4,6,0,1,1
SYN00040,177,1,1146,0,4,6,0,1,1
SYN00040,178,4,1138,1,4,6,0,1,1
SYN00040,179,2,1130,0,4,6,0,1,1
SYN00040,180,2,1121,1,4,6,0,1,1
SYN00040,181,2,1113,0,4,6,0,1,1
SYN00040,182,2,1113,0,4,6,0,1,1
SYN00040,183,2,1104,1,4,6,0,1,1
SYN00040,184,2,1104,1,4,6,0,1,1
SYN00040,185,0,1098,0,4,6,0,1,1
SYN00040,186,0,1083,1,4,6,0,1,1
SYN00040,187,0,1083,1,4,6,0,1,1
SYN00040,188,-2,1076,0,4,6,0,1,1
SYN00040,189,-2,1060,1,4,6,0,1,1
SYN00040,190,-2,1060,1,4,6,0,1,1
SYN00040,191,-2,1036,0,4,6,0,1,1
SYN00040,192,-2,1036,0,4,6,0,1,1
SYN00040,193,0,1020,1,4,6,0,1,1
SYN00040,194,0,1010,0,4,6,0,1,1
SYN00040,195,0,996,1,4,6,0,1,1
SYN00040,196,0,996,1,4,6,0,1,1
SYN00040,197,0,987,0,4,6,0,1,1
SYN00040,198,0,978,1,4,7,0,1,1
SYN00040,199,0,965,0,5,7,1,1,1
SYN00040,200,0,959,1,5,7,1,1,1
SYN00040,201,0,959,1,5,7,1,1,1
SYN00040,202,0,939,0,5,7,1,1,1
SYN00040,203,0,939,0,5,7,1,1,1
SYN00040,204,0,929,1,5,7,1,1,1
SYN00040,205,-2,913,0,5,7,1,1,1
SYN00040,206,1,897,1,5,7,1,1,1
SYN00040,207,1,876,0,6,7,1,1,1
SYN00040,208,4,852,1,6,7,1,1,1
SYN00040,209,2,847,0,6,7,1,1,1
SYN00040,210,4,826,1,6,7,1,1,1
SYN00040,211,2,802,0,6,7,1,1,1
SYN00040,212,2,792,1,6,7,1,1,1
SYN00040,213,2,792,1,6,7,1,1,1
SYN00040,214,2,770,0,6,7,1,1,1
SYN00040,215,2,770,0,6,7,1,1,1
SYN00040,216,4,756,1,6,7,1,1,1
SYN00040,217,1,748,0,6,7,1,1,1
SYN00040,218,1,732,1,6,8,1,1,1
SYN00040,219,1,724,0,7,8,1,1,1
SYN00040,220,1,720,1,7,8,1,1,1
SYN00040,221,1,720,1,7,8,1,1,1
SYN00040,222,1,720,0,7,8,1,1,1
SYN00040,223,1,720,0,7,8,1,1,1
SYN00040,224,-1,696,0,7,8,1,1,1
SYN00040,225,-1,686,1,7,9,1,1,1
SYN00040,226,-3,673,0,7,9,1,1,1
SYN00040,227,-1,661,1,7,9,1,1,1
SYN00040,228,-1,654,0,7,9,1,1,1
SYN00040,229,-1,654,0,7,9,1,1,1
SYN00040,230,-1,633,1,7,9,1,1,1
SYN00040,231,-1,624,0,7,9,1,1,1
SYN00040,232,-1,624,0,7,9,1,1,1
SYN00040,233,-1,600,1,7,9,1,1,1
SYN00040,234,-1,600,1,7,9,1,1,1
SYN00040,235,-3,584,0,7,9,1,1,1
SYN00040,236,-3,577,1,7,9,1,1,1
SYN00040,237,-3,577,1,7,9,1,1,1
SYN00040,238,-3,554,0,7,9,1,1,1
SYN00040,239,-3,554,0,7,9,1,1,1
SYN00040,240,-3,539,1,7,9,1,1,1
SYN00040,241,-3,539,1,7,9,1,1,1
SYN00040,242,-5,524,0,7,9,1,1,1
SYN00040,243,-5,504,1,7,9,1,1,1
SYN00040,244,-5,504,1,7,9,1,1,1
SYN00040,245,-5,490,0,7,9,1,1,1
SYN00040,246,-5,475,1,7,9,1,1,1
SYN00040,247,-5,475,1,7,9,1,1,1
SYN00040,248,-5,454,0,7,9,1,1,1
SYN00040,249,-5,454,0,7,9,1,1,1
SYN00040,250,-5,447,1,7,9,1,1,1
SYN00040,251,-5,434,0,7,9,1,1,1
SYN00040,252,-5,434,0,7,9,1,1,1
SYN00040,253,-5,428,1,7,9,1,1,1
SYN00040,254,-5,428,1,7,9,1,1,1
SYN00040,255,-5,404,0,7,9,1,1,1
SYN00040,256,-5,397,1,7,9,1,1,1
SYN00040,257,-5,397,1,7,9,1,1,1
SYN00040,258,-5,385,0,7,9,1,1,1
SYN00040,259,-5,385,0,7,9,1,1,1
SYN00040,260,-3,376,1,7,9,1,1,1
SYN00040,261,-3,356,0,8,9,1,1,1
SYN00040,262,-3,338,1,8,9,1,1,1
SYN00040,263,-3,338,1,8,9,1,1,1
SYN00040,264,-3,322,0,8,9,1,1,1
SYN00040,265,-3,322,0,8,9,1,1,1
SYN00040,266,-1,312,1,8,9,1,1,1
SYN00040,267,-3,298,0,8,9,1,1,1
SYN00040,268,-1,283,1,8,9,1,1,1
SYN00040,269,-1,269,0,8,9,1,1,1
SYN00040,270,-1,269,0,8,9,1,1,1
SYN00040,271,-1,257,1,8,9,1,1,1
SYN00040,272,-1,257,1,8,9,1,1,1
SYN00040,273,-1,242,0,8,9,1,1,1
SYN00040,274,-1,242,0,8,9,1,1,1
SYN00040,275,1,226,1,8,9,1,1,1
SYN00040,276,1,216,0,8,9,1,1,1
SYN00040,277,1,216,0,8,9,1,1,1
SYN00040,278,4,193,1,8,9,1,1,1
SYN00040,279,4,187,0,8,9,1,1,1
SYN00040,280,4,187,0,8,9,1,1,1
SYN00040,281,4,182,1,8,9,1,1,1
SYN00040,282,4,182,1,8,9,1,1,1
SYN00040,283,4,175,0,8,9,1,1,1
SYN00040,284,4,175,0,8,9,1,1,1
SYN00040,285,4,152,1,8,9,1,1,1
SYN00040,286,4,152,1,8,9,1,1,1
SYN00040,287,4,133,0,8,9,1,1,1
SYN00040,288,4,133,0,8,9,1,1,1
SYN00040,289,7,128,1,8,9,1,1,1
SYN00040,290,4,122,0,8,9,1,1,1
SYN00040,291,4,102,1,8,9,1,1,1
SYN00040,292,4,102,1,8,9,1,1,1
SYN00040,293,2,92,0,8,9,1,1,1
SYN00040,294,4,79,1,8,9,1,1,1
SYN00040,295,4,63,0,8,9,1,1,1
SYN00040,296,4,63,0,8,9,1,1,1
SYN00040,297,4,57,1,8,9,1,1,1
SYN00040,298,4,57,1,8,9,1,1,1
SYN00040,299,4,43,0,8,9,1,1,1
SYN00040,300,4,43,0,8,9,1,1,1
SYN00040,301,4,35,1,8,9,1,1,1
SYN00040,302,4,35,1,8,9,1,1,1
SYN00040,303,4,16,0,8,9,1,1,1
SYN00040,304,6,6,1,8,9,1,1,1
SYN00040,305,4,0,0,8,9,1,1,1
SYN00040,306,4,0,1,8,9,1,1,1
SYN00041,1,0,2880,0,0,0,0,0,1
SYN00041,2,-3,2862,0,0,0,0,0,1
SYN00041,3,-3,2856,1,0,0,0,0,1
SYN00041,4,-3,2856,1,0,0,0,0,1
SYN00041,5,-3,2851,0,1,0,0,0,1
SYN00041,6,-1,2840,1,1,0,0,0,1
SYN00041,7,-4,2821,0,1,0,0,0,1
SYN00041,8,-4,2814,1,1,0,0,0,1
SYN00041,9,-4,2814,1,1,0,0,0,1
SYN00041,10,-4,2803,0,1,0,0,0,1
SYN00041,11,-4,2803,0,1,0,0,0,1
SYN00041,12,-4,2794,1,1,0,0,0,1
SYN00041,13,-4,2783,0,1,0,0,0,1
SYN00041,14,-4,2783,0,1,0,0,0,1
SYN00041,15,-1,2778,1,1,0,0,0,1
SYN00041,16,-1,2756,0,1,0,0,0,1
SYN00041,17,-1,2756,0,1,0,0,0,1
SYN00041,18,2,2740,1,1,0,0,0,1
SYN00041,19,2,2717,0,1,0,0,0,1
SYN00041,20,2,2717,0,1,0,0,0,1
SYN00041,21,5,2699,1,1,0,0,0,1
SYN00041,22,5,2693,0,1,0,0,0,1
SYN00041,23,5,2676,1,1,1,0,0,1
SYN00041,24,3,2662,0,1,1,0,0,1
SYN00041,25,5,2638,1,1,1,0,0,1
SYN00041,26,3,2624,0,1,1,0,0,1
SYN00041,27,6,2605,1,1,1,0,0,1
SYN00041,28,6,2581,0,2,1,0,0,1
SYN00041,29,6,2565,1,2,1,0,0,1
SYN00041,30,6,2552,0,2,1,0,0,1
SYN00041,31,6,2552,0,2,1,0,0,1
SYN00041,32,6,2536,1,2,2,0,0,1
SYN00041,33,3,2526,0,2,2,0,0,1
SYN00041,34,5,2510,1,2,2,0,0,1
SYN00041,35,5,2493,0,3,2,0,0,1
SYN00041,36,5,2469,1,3,3,0,0,1
SYN00041,37,5,2464,0,3,3,0,0,1
SYN00041,38,5,2464,0,3,3,0,0,1
SYN00041,39,5,2444,1,3,4,0,0,1
SYN00041,40,3,2438,0,3,4,0,0,1
SYN00041,41,5,2415,1,3,4,0,0,1
SYN00041,42,2,2405,0,3,4,0,0,1
SYN00041,43,4,2395,1,3,4,0,0,1
SYN00041,44,4,2386,0,3,4,0,0,1
SYN00041,45,4,2386,0,3,4,0,0,1
SYN00041,46,6,2379,1,3,4,0,0,1
SYN00041,47,6,2363,0,3,4,0,0,1
SYN00041,48,6,2363,0,3,4,0,0,1
SYN00041,49,6,2345,1,3,5,0,1,1
SYN00041,50,6,2340,0,4,5,0,1,1
SYN00041,51,8,2333,1,4,5,0,1,1
SYN00041,52,8,2315,0,4,5,0,1,1
SYN00041,53,8,2315,0,4,5,0,1,1
SYN00041,54,10,2291,1,4,5,0,1,1
SYN00041,55,8,2285,0,4,5,0,1,1
SYN00041,56,8,2277,1,4,5,0,1,1
SYN00041,57,8,2277,1,4,5,0,1,1
SYN00041,58,5,2254,0,4,5,0,1,1
SYN00041,59,7,2248,1,4,5,0,1,1
SYN00041,60,4,2242,0,4,5,0,1,1
SYN00041,61,4,2237,1,4,5,0,1,1
SYN00041,62,4,2215,0,4,5,0,1,1
SYN00041,63,4,2215,0,4,5,0,1,1
SYN00041,64,4,2198,1,4,5,0,1,1
SYN00041,65,4,2198,1,4,5,0,1,1
SYN00041,66,4,2184,0,4,5,0,1,1
SYN00041,67,4,2184,0,4,5,0,1,1
SYN00041,68,4,2167,1,4,5,0,1,1
SYN00041,69,4,2167,1,4,5,0,1,1
SYN00041,70,2,2160,0,4,5,0,1,1
SYN00041,71,2,2160,1,4,5,0,1,1
SYN00041,72,2,2160,1,4,5,0,1,1
SYN00041,73,2,2142,1,4,5,0,1,1
SYN00041,74,2,2137,0,4,5,0,1,1
SYN00041,75,2,2137,0,4,5,0,1,1
SYN00041,76,2,2120,1,4,5,0,1,1
SYN00041,77,2,2120,1,4,5,0,1,1
SYN00041,78,2,2102,0,4,5,0,1,1
SYN00041,79,2,2102,0,4,5,0,1,1
SYN00041,80,2,2092,1,4,5,0,1,1
SYN00041,81,2,2092,1,4,5,0,1,1
SYN00041,82,2,2082,0,4,5,0,1,1
SYN00041,83,4,2074,1,4,5,0,1,1
SYN00041,84,4,2059,0,4,5,0,1,1
SYN00041,85,4,2059,0,4,5,0,1,1
SYN00041,86,4,2051,1,4,5,0,1,1
SYN00041,87,4,2051,1,4,5,0,1,1
SYN00041,88,4,2038,0,4,5,0,1,1
SYN00041,89,4,2038,0,4,5,0,1,1
SYN00041,90,4,2021,1,4,5,0,1,1
SYN00041,91,4,2021,1,4,5,0,1,1
SYN00041,92,1,2005,0,4,5,0,1,1
SYN00041,93,1,1997,1,4,5,0,1,1
SYN00041,94,1,1992,0,4,5,0,1,1
SYN00041,95,1,1976,1,4,5,0,1,1
SYN00041,96,1,1976,1,4,5,0,1,1
SYN00041,97,-1,1966,0,4,5,0,1,1
SYN00041,98,1,1943,1,4,5,0,1,1
SYN00041,99,1,1929,0,4,5,0,1,1
SYN00041,100,1,1929,0,4,5,0,1,1
SYN00041,101,1,1914,1,4,5,0,1,1
SYN00041,102,1,1914,1,4,5,0,1,1
SYN00041,103,-2,1896,0,4,5,0,1,1
SYN00041,104,-2,1884,1,4,5,0,1,1
SYN00041,105,-2,1884,1,4,5,0,1,1
SYN00041,106,-2,1864,0,4,5,0,1,1
SYN00041,107,-2,1864,0,4,5,0,1,1
SYN00041,108,-2,1849,1,4,5,0,1,1
SYN00041,109,-2,1849,1,4,5,0,1,1
SYN00041,110,-2,1835,0,4,5,0,1,1
SYN00041,111,-2,1835,0,4,5,0,1,1
SYN00041,112,0,1825,1,4,5,0,1,1
SYN00041,113,-2,1804,0,4,5,0,1,1
SYN00041,114,0,1790,1,4,5,0,1,1
SYN00041,115,0,1781,0,4,5,0,1,1
SYN00041,116,0,1781,0,4,5,0,1,1
SYN00041,117,3,1765,1,4,5,0,1,1
SYN00041,118,1,1754,0,4,5,0,1,1
SYN00041,119,1,1748,1,4,5,0,1,1
SYN00041,120,1,1748,1,4,5,0,1,1
SYN00041,121,1,1733,0,4,5,0,1,1
SYN00041,122,1,1713,1,4,5,0,1,1
SYN00041,123,1,1713,1,4,5,0,1,1
SYN00041,124,-1,1689,0,4,5,0,1,1
SYN00041,125,-1,1669,1,4,5,0,1,1
SYN00041,126,-1,1669,1,4,5,0,1,1
SYN00041,127,-1,1663,0,5,5,1,1,1
SYN00041,128,-1,1640,1,5,5,1,1,1
SYN00041,129,-1,1640,1,5,5,1,1,1
SYN00041,130,-3,1618,0,5,5,1,1,1
SYN00041,131,0,1604,1,5,5,1,1,1
SYN00041,132,0,1582,0,5,5,1,1,1
SYN00041,133,0,1582,0,5,5,1,1,1
SYN00041,134,2,1567,1,5,5,1,1,1
SYN00041,135,0,1547,0,5,5,1,1,1
SYN00041,136,0,1529,1,5,5,1,1,1
SYN00041,137,0,1523,0,5,5,1,1,1
SYN00041,138,0,1523,0,5,5,1,1,1
SYN00041,139,0,1504,1,5,6,1,1,1
SYN00041,140,-2,1491,0,5,6,1,1,1
SYN00041,141,1,1476,1,5,6,1,1,1
SYN00041,142,-1,1462,0,5,6,1,1,1
SYN00041,143,1,1450,1,5,6,1,1,1
SYN00041,144,1,1440,0,5,6,1,1,1
SYN00041,145,1,1440,0,5,6,1,1,1
SYN00041,146,1,1440,1,5,6,1,1,1
SYN00041,147,1,1440,1,5,6,1,1,1
SYN00041,148,4,1427,1,5,6,1,1,1
SYN00041,149,4,1413,0,6,6,1,1,1
SYN00041,150,6,1406,1,6,6,1,1,1
SYN00041,151,4,1383,0,6,6,1,1,1
SYN00041,152,7,1374,1,6,6,1,1,1
SYN00041,153,5,1356,0,6,6,1,1,1
SYN00041,154,5,1334,1,6,6,1,1,1
SYN00041,155,3,1319,0,6,6,1,1,1
SYN00041,156,3,1299,1,6,7,1,1,1
SYN00041,157,3,1283,0,7,7,1,1,1
SYN00041,158,6,1277,1,7,7,1,1,1
SYN00041,159,4,1258,0,7,7,1,1,1
SYN00041,160,6,1252,1,7,7,1,1,1
SYN00041,161,6,1241,0,7,7,1,1,1
SYN00041,162,8,1236,1,7,7,1,1,1
SYN00041,163,8,1212,0,7,7,1,1,1
SYN00041,164,8,1212,0,7,7,1,1,1
SYN00041,165,8,1204,1,7,7,1,1,1
SYN00041,166,8,1204,1,7,7,1,1,1
SYN00041,167,6,1181,0,7,7,1,1,1
SYN00041,168,8,1169,1,7,7,1,1,1
SYN00041,169,5,1157,0,7,7,1,1,1
SYN00041,170,8,1142,1,7,7,1,1,1
SYN00041,171,8,1135,0,7,7,1,1,1
SYN00041,172,8,1135,0,7,7,1,1,1
SYN00041,173,10,1128,1,7,7,1,1,1
SYN00041,174,8,1108,0,7,7,1,1,1
SYN00041,175,8,1101,1,7,7,1,1,1
SYN00041,176,8,1101,1,7,7,1,1,1
SYN00041,177,8,1080,0,7,7,1,1,1
SYN00041,178,8,1080,0,7,7,1,1,1
SYN00041,179,8,1068,1,7,7,1,1,1
SYN00041,180,8,1068,1,7,7,1,1,1
SYN00041,181,8,1045,0,8,7,1,1,1
SYN00041,182,8,1035,1,8,7,1,1,1
SYN00041,183,8,1035,1,8,7,1,1,1
SYN00041,184,6,1029,0,8,7,1,1,1
SYN00041,185,6,1017,1,8,7,1,1,1
SYN00041,186,6,1017,1,8,7,1,1,1
SYN00041,187,6,1001,0,8,7,1,1,1
SYN00041,188,6,1001,0,8,7,1,1,1
SYN00041,189,6,982,1,8,7,1,1,1
SYN00041,190,6,982,1,8,7,1,1,1
SYN00041,191,6,968,0,8,7,1,1,1
SYN00041,192,6,968,0,8,7,1,1,1
SYN00041,193,9,961,1,8,7,1,1,1
SYN00041,194,9,951,0,8,7,1,1,1
SYN00041,195,9,951,0,8,7,1,1,1
SYN00041,196,9,927,1,8,7,1,1,1
SYN00041,197,9,927,1,8,7,1,1,1
SYN00041,198,9,914,0,9,7,1,1,1
SYN00041,199,9,906,1,9,7,1,1,1
SYN00041,200,9,894,0,9,7,1,1,1
SYN00041,201,9,894,0,9,7,1,1,1
SYN00041,202,9,879,1,9,7,1,1,1
SYN00041,203,9,879,1,9,7,1,1,1
SYN00041,204,9,860,0,9,7,1,1,1
SYN00041,205,9,860,0,9,7,1,1,1
SYN00041,206,12,836,1,9,7,1,1,1
SYN00041,207,12,813,0,9,7,1,1,1
SYN00041,208,12,813,0,9,7,1,1,1
SYN00041,209,15,790,1,9,7,1,1,1
SYN00041,210,13,771,0,9,7,1,1,1
SYN00041,211,13,757,1,9,7,1,1,1
SYN00041,212,13,757,1,9,7,1,1,1
SYN00041,213,13,750,0,9,7,1,1,1
SYN00041,214,13,750,0,9,7,1,1,1
SYN00041,215,13,743,1,9,8,1,1,1
SYN00041,216,13,721,0,9,8,1,1,1
SYN00041,217,13,721,0,9,8,1,1,1
SYN00041,218,13,720,1,9,9,1,1,1
SYN00041,219,13,720,0,9,9,1,1,1
SYN00041,220,13,720,0,9,9,1,1,1
SYN00041,221,13,701,0,9,9,1,1,1
SYN00041,222,13,701,0,9,9,1,1,1
SYN00041,223,15,692,1,9,9,1,1,1
SYN00041,224,13,674,0,9,9,1,1,1
SYN00041,225,13,664,1,9,10,1,1,1
SYN00041,226,13,644,0,9,10,1,1,1
SYN00041,227,13,644,0,9,10,1,1,1
SYN00041,228,15,629,1,9,10,1,1,1
SYN00041,229,15,616,0,9,10,1,1,1
SYN00041,230,15,616,0,9,10,1,1,1
SYN00041,231,17,603,1,9,10,1,1,1
SYN00041,232,15,593,0,9,10,1,1,1
SYN00041,233,15,577,1,9,10,1,1,1
SYN00041,234,15,577,1,9,10,1,1,1
SYN00041,235,15,563,0,9,10,1,1,1
SYN00041,236,15,563,0,9,10,1,1,1
SYN00041,237,15,542,1,9,10,1,1,1
SYN00041,238,15,542,1,9,10,1,1,1
SYN00041,239,15,524,0,9,10,1,1,1
SYN00041,240,18,500,1,9,10,1,1,1
SYN00041,241,18,495,0,9,10,1,1,1
SYN00041,242,18,495,0,9,10,1,1,1
SYN00041,243,20,474,1,9,10,1,1,1
SYN00041,244,18,455,0,9,10,1,1,1
SYN00041,245,20,442,1,9,10,1,1,1
SYN00041,246,18,423,0,9,10,1,1,1
SYN00041,247,18,405,1,9,10,1,1,1
SYN00041,248,18,405,1,9,10,1,1,1
SYN00041,249,18,397,0,10,10,1,1,1
SYN00041,250,18,390,1,10,10,1,1,1
SYN00041,251,18,390,1,10,10,1,1,1
SYN00041,252,18,378,0,10,10,1,1,1
SYN00041,253,18,378,0,10,10,1,1,1
SYN00041,254,18,358,1,10,11,1,1,1
SYN00041,255,18,349,0,10,11,1,1,1
SYN00041,256,18,349,0,10,11,1,1,1
SYN00041,257,18,342,1,10,11,1,1,1
SYN00041,258,18,342,1,10,11,1,1,1
SYN00041,259,18,337,0,10,11,1,1,1
SYN00041,260,18,337,0,10,11,1,1,1
SYN00041,261,18,313,1,10,11,1,1,1
SYN00041,262,18,313,1,10,11,1,1,1
SYN00041,263,16,292,0,10,11,1,1,1
SYN00041,264,16,287,1,10,11,1,1,1
SYN00041,265,16,287,1,10,11,1,1,1
SYN00041,266,13,265,0,10,11,1,1,1
SYN00041,267,13,245,1,10,11,1,1,1
SYN00041,268,13,245,1,10,11,1,1,1
SYN00041,269,13,234,0,10,11,1,1,1
SYN00041,270,13,234,0,10,11,1,1,1
SYN00041,271,13,223,1,10,12,1,1,1
SYN00041,272,13,202,0,10,12,1,1,1
SYN00041,273,13,202,0,10,12,1,1,1
SYN00041,274,13,182,1,10,12,1,1,1
SYN00041,275,13,182,1,10,12,1,1,1
SYN00041,276,13,167,0,10,12,1,1,1
SYN00041,277,15,156,1,10,12,1,1,1
SYN00041,278,15,147,0,10,12,1,1,1
SYN00041,279,15,147,0,10,12,1,1,1
SYN00041,280,15,124,1,10,12,1,1,1
SYN00041,281,15,124,1,10,12,1,1,1
SYN00041,282,13,117,0,10,12,1,1,1
SYN00041,283,13,101,1,10,13,1,1,1
SYN00041,284,10,87,0,10,13,1,1,1
SYN00041,285,10,79,1,10,13,1,1,1
SYN00041,286,10,79,1,10,13,1,1,1
SYN00041,287,10,73,0,10,13,1,1,1
SYN00041,288,10,73,0,10,13,1,1,1
SYN00041,289,10,52,1,10,13,1,1,1
SYN00041,290,10,52,1,10,13,1,1,1
SYN00041,291,10,31,0,11,13,1,1,1
SYN00041,292,10,22,1,11,13,1,1,1
SYN00041,293,10,22,1,11,13,1,1,1
SYN00041,294,10,16,0,11,13,1,1,1
SYN00041,295,10,16,0,11,13,1,1,1
SYN00041,296,12,0,1,11,13,1,1,1
SYN00041,297,12,0,0,11,13,1,1,1
SYN00042,1,0,2880,0,0,0,0,0,0
SYN00042,2,-2,2869,0,0,0,0,0,0
SYN00042,3,-2,2856,1,0,0,0,0,0
SYN00042,4,-2,2856,1,0,0,0,0,0
SYN00042,5,-2,2846,0,0,0,0,0,0
SYN00042,6,-2,2846,0,0,0,0,0,0
SYN00042,7,-2,2834,1,0,0,0,0,0
SYN00042,8,-2,2810,0,1,0,0,0,0
SYN00042,9,-2,2794,1,1,0,0,0,0
SYN00042,10,-2,2794,1,1,0,0,0,0
SYN00042,11,-2,2771,0,2,0,0,0,0
SYN00042,12,-2,2755,1,2,0,0,0,0
SYN00042,13,-2,2755,1,2,0,0,0,0
SYN00042,14,-2,2749,0,3,0,0,0,0
SYN00042,15,1,2734,1,3,0,0,0,0
SYN00042,16,-2,2724,0,3,0,0,0,0
SYN00042,17,1,2703,1,3,0,0,0,0
SYN00042,18,-1,2688,0,3,0,0,0,0
SYN00042,19,-1,2681,1,3,0,0,0,0
SYN00042,20,-1,2681,1,3,0,0,0,0
SYN00042,21,-3,2658,0,3,0,0,0,0
SYN00042,22,-3,2635,1,3,0,0,0,0
SYN00042,23,-3,2635,1,3,0,0,0,0
SYN00042,24,-3,2630,0,3,0,0,0,0
SYN00042,25,-3,2630,0,3,0,0,0,0
SYN00042,26,-3,2619,1,3,1,0,0,0
SYN00042,27,-5,2601,0,3,1,0,0,0
SYN00042,28,-3,2588,1,3,1,0,0,0
SYN00042,29,-5,2570,0,3,1,0,0,0
SYN00042,30,-5,2552,1,3,1,0,0,0
SYN00042,31,-5,2552,1,3,1,0,0,0
SYN00042,32,-5,2532,0,3,1,0,0,0
SYN00042,33,-5,2509,1,3,1,0,0,0
SYN00042,34,-5,2509,1,3,1,0,0,0
SYN00042,35,-8,2497,0,3,1,0,0,0
SYN00042,36,-8,2475,1,3,1,0,0,0
SYN00042,37,-8,2475,1,3,1,0,0,0
SYN00042,38,-10,2456,0,3,1,0,0,0
SYN00042,39,-10,2435,1,3,1,0,0,0
SYN00042,40,-10,2435,1,3,1,0,0,0
SYN00042,41,-10,2412,0,3,1,0,0,0
SYN00042,42,-10,2402,1,3,1,0,0,0
SYN00042,43,-10,2402,1,3,1,0,0,0
SYN00042,44,-12,2388,0,3,1,0,0,0
SYN00042,45,-12,2380,1,3,2,0,0,0
SYN00042,46,-12,2372,0,3,2,0,0,0
SYN00042,47,-12,2372,0,3,2,0,0,0
SYN00042,48,-10,2352,1,3,2,0,0,0
SYN00042,49,-10,2344,0,3,2,0,0,0
SYN00042,50,-10,2344,0,3,2,0,0,0
SYN00042,51,-8,2335,1,3,2,0,0,0
SYN00042,52,-10,2312,0,3,2,0,0,0
SYN00042,53,-10,2305,1,3,2,0,0,0
SYN00042,54,-10,2305,1,3,2,0,0,0
SYN00042,55,-12,2286,0,3,2,0,0,0
SYN00042,56,-12,2271,1,3,2,0,0,0
SYN00042,57,-12,2271,1,3,2,0,0,0
SYN00042,58,-12,2253,0,3,2,0,0,0
SYN00042,59,-12,2253,0,3,2,0,0,0
SYN00042,60,-9,2242,1,3,2,0,0,0
SYN00042,61,-9,2229,0,3,2,0,0,0
SYN00042,62,-9,2229,0,3,2,0,0,0
SYN00042,63,-9,2210,1,3,3,0,0,0
SYN00042,64,-11,2200,0,3,3,0,0,0
SYN00042,65,-11,2184,1,3,3,0,0,0
SYN00042,66,-11,2184,1,3,3,0,0,0
SYN00042,67,-11,2176,0,3,3,0,0,0
SYN00042,68,-11,2176,0,3,3,0,0,0
SYN00042,69,-11,2160,1,3,3,0,0,0
SYN00042,70,-11,2160,1,3,3,0,0,0
SYN00042,71,-11,2160,0,3,3,0,0,0
SYN00042,72,-11,2160,0,3,3,0,0,0
SYN00042,73,-13,2155,0,3,3,0,0,0
SYN00042,74,-13,2138,1,3,3,0,0,0
SYN00042,75,-13,2138,1,3,3,0,0,0
SYN00042,76,-13,2119,0,3,3,0,0,0
SYN00042,77,-13,2119,0,3,3,0,0,0
SYN00042,78,-13,2096,1,3,3,0,0,0
SYN00042,79,-13,2096,1,3,3,0,0,0
SYN00042,80,-13,2091,0,3,3,0,0,0
SYN00042,81,-13,2091,0,3,3,0,0,0
SYN00042,82,-13,2080,1,3,4,0,0,0
SYN00042,83,-15,2058,0,3,4,0,0,0
SYN00042,84,-15,2050,1,3,5,0,1,0
SYN00042,85,-18,2034,0,3,5,0,1,0
SYN00042,86,-16,2020,1,3,5,0,1,0
SYN00042,87,-16,1996,0,4,5,0,1,0
SYN00042,88,-16,1990,1,4,5,0,1,0
SYN00042,89,-16,1990,1,4,5,0,1,0
SYN00042,90,-16,1973,0,4,5,0,1,0
SYN00042,91,-16,1973,0,4,5,0,1,0
SYN00042,92,-14,1957,1,4,5,0,1,0
SYN00042,93,-17,1941,0,4,5,0,1,0
SYN00042,94,-17,1929,1,4,5,0,1,0
SYN00042,95,-17,1929,1,4,5,0,1,0
SYN00042,96,-19,1920,0,4,5,0,1,0
SYN00042,97,-16,1898,1,4,5,0,1,0
SYN00042,98,-18,1890,0,4,5,0,1,0
SYN00042,99,-18,1882,1,4,5,0,1,0
SYN00042,100,-18,1882,1,4,5,0,1,0
SYN00042,101,-20,1862,0,4,5,0,1,0
SYN00042,102,-20,1842,1,4,5,0,1,0
SYN00042,103,-20,1842,1,4,5,0,1,0
SYN00042,104,-20,1835,0,4,5,0,1,0
SYN00042,105,-20,1835,0,4,5,0,1,0
SYN00042,106,-20,1823,1,4,5,0,1,0
SYN00042,107,-20,1823,1,4,5,0,1,0
SYN00042,108,-20,1810,0,4,5,0,1,0
SYN00042,109,-20,1810,0,4,5,0,1,0
SYN00042,110,-18,1798,1,4,5,0,1,0
SYN00042,111,-20,1791,0,4,5,0,1,0
SYN00042,112,-17,1783,1,4,5,0,1,0
SYN00042,113,-19,1778,0,4,5,0,1,0
SYN00042,114,-17,1768,1,4,5,0,1,0
SYN00042,115,-17,1751,0,4,5,0,1,0
SYN00042,116,-17,1751,0,4,5,0,1,0
SYN00042,117,-17,1727,1,4,5,0,1,0
SYN00042,118,-17,1727,1,4,5,0,1,0
SYN00042,119,-19,1715,0,4,5,0,1,0
SYN00042,120,-17,1695,1,4,5,0,1,0
SYN00042,121,-20,1683,0,4,5,0,1,0
SYN00042,122,-17,1669,1,4,5,0,1,0
SYN00042,123,-17,1651,0,4,5,0,1,0
SYN00042,124,-17,1651,0,4,5,0,1,0
SYN00042,125,-17,1640,1,4,5,0,1,0
SYN00042,126,-17,1640,1,4,5,0,1,0
SYN00042,127,-17,1629,0,4,5,0,1,0
SYN00042,128,-17,1629,0,4,5,0,1,0
SYN00042,129,-15,1610,1,4,5,0,1,0
SYN00042,130,-17,1594,0,4,5,0,1,0
SYN00042,131,-17,1588,1,4,5,0,1,0
SYN00042,132,-19,1577,0,4,5,0,1,0
SYN00042,133,-19,1568,1,4,5,0,1,0
SYN00042,134,-19,1568,1,4,5,0,1,0
SYN00042,135,-19,1561,0,4,5,0,1,0
SYN00042,136,-16,1553,1,4,5,0,1,0
SYN00042,137,-18,1536,0,4,5,0,1,0
SYN00042,138,-16,1521,1,4,5,0,1,0
SYN00042,139,-16,1510,0,5,5,1,1,0
SYN00042,140,-14,1487,1,5,5,1,1,0
SYN00042,141,-14,1470,0,5,5,1,1,0
SYN00042,142,-14,1470,0,5,5,1,1,0
SYN00042,143,-14,1457,1,5,5,1,1,0
SYN00042,144,-14,1457,1,5,5,1,1,0
SYN00042,145,-17,1440,0,5,5,1,1,0
SYN00042,146,-17,1440,1,5,5,1,1,0
SYN00042,147,-17,1440,1,5,5,1,1,0
SYN00042,148,-17,1434,1,5,5,1,1,0
SYN00042,149,-17,1410,0,5,5,1,1,0
SYN00042,150,-17,1410,0,5,5,1,1,0
SYN00042,151,-17,1402,1,5,5,1,1,0
SYN00042,152,-17,1402,1,5,5,1,1,0
SYN00042,153,-19,1397,0,5,5,1,1,0
SYN00042,154,-19,1377,1,5,5,1,1,0
SYN00042,155,-19,1377,1,5,5,1,1,0
SYN00042,156,-19,1367,0,5,5,1,1,0
SYN00042,157,-19,1367,0,5,5,1,1,0
SYN00042,158,-19,1346,1,5,6,1,1,0
SYN00042,159,-19,1326,0,5,6,1,1,0
SYN00042,160,-19,1326,0,5,6,1,1,0
SYN00042,161,-19,1308,1,5,7,1,1,0
SYN00042,162,-21,1298,0,5,7,1,1,0
SYN00042,163,-21,1277,1,5,7,1,1,0
SYN00042,164,-21,1277,1,5,7,1,1,0
SYN00042,165,-23,1264,0,5,7,1,1,0
SYN00042,166,-23,1253,1,5,7,1,1,0
SYN00042,167,-23,1253,1,5,7,1,1,0
SYN00042,168,-23,1237,0,5,7,1,1,0
SYN00042,169,-23,1231,1,5,8,1,1,0
SYN00042,170,-23,1216,0,5,8,1,1,0
SYN00042,171,-23,1216,0,5,8,1,1,0
SYN00042,172,-23,1198,1,5,8,1,1,0
SYN00042,173,-23,1198,1,5,8,1,1,0
SYN00042,174,-23,1182,0,5,8,1,1,0
SYN00042,175,-23,1182,0,5,8,1,1,0
SYN00042,176,-23,1169,1,5,8,1,1,0
SYN00042,177,-23,1169,1,5,8,1,1,0
SYN00042,178,-23,1160,0,5,8,1,1,0
SYN00042,179,-23,1160,0,5,8,1,1,0
SYN00042,180,-23,1141,1,5,8,1,1,0
SYN00042,181,-23,1141,1,5,8,1,1,0
SYN00042,182,-23,1134,0,5,8,1,1,0
SYN00042,183,-23,1134,0,5,8,1,1,0
SYN00042,184,-23,1128,1,5,8,1,1,0
SYN00042,185,-23,1128,1,5,8,1,1,0
SYN00042,186,-23,1109,0,6,8,1,1,0
SYN00042,187,-23,1103,1,6,8,1,1,0
SYN00042,188,-25,1083,0,6,8,1,1,0
SYN00042,189,-23,1062,1,6,8,1,1,0
SYN00042,190,-23,1052,0,6,8,1,1,0
SYN00042,191,-23,1052,0,6,8,1,1,0
SYN00042,192,-23,1034,1,6,8,1,1,0
SYN00042,193,-23,1034,1,6,8,1,1,0
SYN00042,194,-23,1022,0,6,8,1,1,0
SYN00042,195,-23,1022,0,6,8,1,1,0
SYN00042,196,-20,1003,1,6,8,1,1,0
SYN00042,197,-22,996,0,6,8,1,1,0
SYN00042,198,-22,985,1,6,8,1,1,0
SYN00042,199,-22,985,1,6,8,1,1,0
SYN00042,200,-24,965,0,6,8,1,1,0
SYN00042,201,-24,943,1,6,8,1,1,0
SYN00042,202,-24,943,1,6,8,1,1,0
SYN00042,203,-27,920,0,6,8,1,1,0
SYN00042,204,-27,903,1,6,9,1,1,0
SYN00042,205,-27,888,0,6,9,1,1,0
SYN00042,206,-27,888,0,6,9,1,1,0
SYN00042,207,-27,869,1,6,9,1,1,0
SYN00042,208,-27,869,1,6,9,1,1,0
SYN00042,209,-27,863,0,6,9,1,1,0
SYN00042,210,-27,856,1,6,9,1,1,0
SYN00042,211,-27,856,1,6,9,1,1,0
SYN00042,212,-27,833,0,6,9,1,1,0
SYN00042,213,-27,833,0,6,9,1,1,0
SYN00042,214,-27,811,1,6,9,1,1,0
SYN00042,215,-27,811,1,6,9,1,1,0
SYN00042,216,-27,792,0,6,9,1,1,0
SYN00042,217,-27,792,0,6,9,1,1,0
SYN00042,218,-27,775,1,6,9,1,1,0
SYN00042,219,-27,775,1,6,9,1,1,0
SYN00042,220,-27,769,0,6,9,1,1,0
SYN00042,221,-27,769,0,6,9,1,1,0
SYN00042,222,-27,745,1,6,9,1,1,0
SYN00042,223,-27,745,1,6,9,1,1,0
SYN00042,224,-27,731,0,6,9,1,1,0
SYN00042,225,-27,731,0,6,9,1,1,0
SYN00042,226,-27,722,1,6,9,1,1,0
SYN00042,227,-27,722,1,6,9,1,1,0
SYN00042,228,-27,720,0,6,9,1,1,0
SYN00042,229,-27,720,0,6,9,1,1,0
SYN00042,230,-27,720,1,6,9,1,1,0
SYN00042,231,-27,720,1,6,9,1,1,0
SYN00042,232,-25,703,1,6,9,1,1,0
SYN00042,233,-27,696,0,6,9,1,1,0
SYN00042,234,-27,688,1,6,9,1,1,0
SYN00042,235,-27,672,0,6,9,1,1,0
SYN00042,236,-27,672,0,6,9,1,1,0
SYN00042,237,-27,660,1,6,10,1,1,0
SYN00042,238,-29,647,0,6,10,1,1,0
SYN00042,239,-29,631,1,6,11,1,1,0
SYN00042,240,-29,622,0,6,11,1,1,0
SYN00042,241,-29,601,1,6,11,1,1,0
SYN00042,242,-29,578,0,6,11,1,1,0
SYN00042,243,-29,578,0,6,11,1,1,0
SYN00042,244,-26,560,1,6,11,1,1,0
SYN00042,245,-26,546,0,6,11,1,1,0
SYN00042,246,-26,546,0,6,11,1,1,0
SYN00042,247,-26,531,1,6,12,1,1,0
SYN00042,248,-26,512,0,6,12,1,1,0
SYN00042,249,-26,512,0,6,12,1,1,0
SYN00042,250,-26,506,1,6,12,1,1,0
SYN00042,251,-26,506,1,6,12,1,1,0
SYN00042,252,-28,482,0,6,12,1,1,0
SYN00042,253,-28,473,1,6,13,1,1,0
SYN00042,254,-28,468,0,6,13,1,1,0
SYN00042,255,-28,468,0,6,13,1,1,0
SYN00042,256,-26,458,1,6,13,1,1,0
SYN00042,257,-26,435,0,6,13,1,1,0
SYN00042,258,-26,435,0,6,13,1,1,0
SYN00042,259,-26,424,1,6,13,1,1,0
SYN00042,260,-26,410,0,6,13,1,1,0
SYN00042,261,-26,410,0,6,13,1,1,0
SYN00042,262,-24,386,1,6,13,1,1,0
SYN00042,263,-26,364,0,6,13,1,1,0
SYN00042,264,-26,346,1,6,13,1,1,0
SYN00042,265,-26,346,1,6,13,1,1,0
SYN00042,266,-26,340,0,6,13,1,1,0
SYN00042,267,-26,330,1,6,13,1,1,0
SYN00042,268,-26,330,1,6,13,1,1,0
SYN00042,269,-26,314,0,6,13,1,1,0
SYN00042,270,-26,303,1,6,13,1,1,0
SYN00042,271,-26,303,1,6,13,1,1,0
SYN00042,272,-29,297,0,6,13,1,1,0
SYN00042,273,-26,286,1,6,13,1,1,0
SYN00042,274,-28,269,0,6,13,1,1,0
SYN00042,275,-26,261,1,6,13,1,1,0
SYN00042,276,-28,240,0,6,13,1,1,0
SYN00042,277,-28,234,1,6,14,1,1,0
SYN00042,278,-28,214,0,6,14,1,1,0
SYN00042,279,-28,207,1,6,14,1,1,0
SYN00042,280,-28,207,1,6,14,1,1,0
SYN00042,281,-28,186,0,6,14,1,1,0
SYN00042,282,-28,186,0,6,14,1,1,0
SYN00042,283,-28,179,1,6,14,1,1,0
SYN00042,284,-28,179,1,6,14,1,1,0
SYN00042,285,-28,160,0,7,14,1,1,0
SYN00042,286,-28,155,1,7,14,1,1,0
SYN00042,287,-30,134,0,7,14,1,1,0
SYN00042,288,-30,127,1,7,14,1,1,0
SYN00042,289,-30,127,1,7,14,1,1,0
SYN00042,290,-32,122,0,7,14,1,1,0
SYN00042,291,-32,114,1,7,14,1,1,0
SYN00042,292,-32,114,1,7,14,1,1,0
SYN00042,293,-32,92,0,7,14,1,1,0
SYN00042,294,-32,85,1,7,14,1,1,0
SYN00042,295,-32,70,0,7,14,1,1,0
SYN00042,296,-32,70,0,7,14,1,1,0
SYN00042,297,-32,54,1,7,14,1,1,0
SYN00042,298,-32,54,1,7,14,1,1,0
SYN00042,299,-34,37,0,7,14,1,1,0
SYN00042,300,-34,24,1,7,14,1,1,0
SYN00042,301,-37,4,0,7,14,1,1,0
SYN00042,302,-37,0,1,7,14,1,1,0
SYN00042,303,-37,0,1,7,14,1,1,0
SYN00042,304,-37,0,0,7,14,1,1,0
SYN00043,1,0,2880,0,0,0,0,0,0
SYN00043,2,-2,2862,0,0,0,0,0,0
SYN00043,3,-2,2854,1,0,0,0,0,0
SYN00043,4,-2,2854,1,0,0,0,0,0
SYN00043,5,-2,2831,0,0,0,0,0,0
SYN00043,6,-2,2831,0,0,0,0,0,0
SYN00043,7,-2,2821,1,0,0,0,0,0
SYN00043,8,-2,2821,1,0,0,0,0,0
SYN00043,9,-2,2813,0,0,0,0,0,0
SYN00043,10,-2,2813,0,0,0,0,0,0
SYN00043,11,-2,2806,1,0,1,0,0,0
SYN00043,12,-2,2795,0,0,1,0,0,0
SYN00043,13,-2,2795,0,0,1,0,0,0
SYN00043,14,-2,2774,1,0,1,0,0,0
SYN00043,15,-2,2774,1,0,1,0,0,0
SYN00043,16,-2,2767,0,0,1,0,0,0
SYN00043,17,-2,2767,0,0,1,0,0,0
SYN00043,18,-2,2758,1,0,1,0,0,0
SYN00043,19,-2,2758,1,0,1,0,0,0
SYN00043,20,-4,2735,0,0,1,0,0,0
SYN00043,21,-2,2725,1,0,1,0,0,0
SYN00043,22,-2,2707,0,1,1,0,0,0
SYN00043,23,-2,2686,1,1,1,0,0,0
SYN00043,24,-2,2686,1,1,1,0,0,0
SYN00043,25,-4,2668,0,1,1,0,0,0
SYN00043,26,-4,2649,1,1,1,0,0,0
SYN00043,27,-4,2649,1,1,1,0,0,0
SYN00043,28,-4,2635,0,1,1,0,0,0
SYN00043,29,-4,2635,0,1,1,0,0,0
SYN00043,30,-4,2616,1,1,1,0,0,0
SYN00043,31,-6,2592,0,1,1,0,0,0
SYN00043,32,-6,2579,1,1,1,0,0,0
SYN00043,33,-6,2579,1,1,1,0,0,0
SYN00043,34,-6,2568,0,1,1,0,0,0
SYN00043,35,-6,2568,0,1,1,0,0,0
SYN00043,36,-4,2550,1,1,1,0,0,0
SYN00043,37,-4,2526,0,1,1,0,0,0
SYN00043,38,-4,2518,1,1,1,0,0,0
SYN00043,39,-4,2518,1,1,1,0,0,0
SYN00043,40,-4,2502,0,1,1,0,0,0
SYN00043,41,-4,2502,0,1,1,0,0,0
SYN00043,42,-4,2480,1,1,2,0,0,0
SYN00043,43,-6,2459,0,1,2,0,0,0
SYN00043,44,-4,2451,1,1,2,0,0,0
SYN00043,45,-4,2443,0,2,2,0,0,0
SYN00043,46,-4,2420,1,2,2,0,0,0
SYN00043,47,-4,2420,1,2,2,0,0,0
SYN00043,48,-4,2415,0,2,2,0,0,0
SYN00043,49,-4,2415,0,2,2,0,0,0
SYN00043,50,-4,2398,1,2,2,0,0,0
SYN00043,51,-4,2398,1,2,2,0,0,0
SYN00043,52,-6,2392,0,2,2,0,0,0
SYN00043,53,-4,2375,1,2,2,0,0,0
SYN00043,54,-4,2369,0,2,2,0,0,0
SYN00043,55,-4,2369,0,2,2,0,0,0
SYN00043,56,-4,2355,1,2,2,0,0,0
SYN00043,57,-4,2355,1,2,2,0,0,0
SYN00043,58,-4,2339,0,2,2,0,0,0
SYN00043,59,-4,2339,0,2,2,0,0,0
SYN00043,60,-4,2315,1,2,2,0,0,0
SYN00043,61,-4,2315,1,2,2,0,0,0
SYN00043,62,-4,2305,0,2,2,0,0,0
SYN00043,63,-4,2305,0,2,2,0,0,0
SYN00043,64,-4,2296,1,2,2,0,0,0
SYN00043,65,-4,2296,1,2,2,0,0,0
SYN00043,66,-6,2286,0,2,2,0,0,0
SYN00043,67,-6,2271,1,2,2,0,0,0
SYN00043,68,-6,2271,1,2,2,0,0,0
SYN00043,69,-6,2265,0,2,2,0,0,0
SYN00043,70,-6,2265,0,2,2,0,0,0
SYN00043,71,-6,2256,1,2,2,0,0,0
SYN00043,72,-6,2256,1,2,2,0,0,0
SYN00043,73,-9,2238,0,2,2,0,0,0
SYN00043,74,-9,2231,1,2,2,0,0,0
SYN00043,75,-9,2231,1,2,2,0,0,0
SYN00043,76,-9,2221,0,2,2,0,0,0
SYN00043,77,-9,2221,0,2,2,0,0,0
SYN00043,78,-7,2200,1,2,2,0,0,0
SYN00043,79,-9,2179,0,2,2,0,0,0
SYN00043,80,-9,2168,1,2,2,0,0,0
SYN00043,81,-9,2168,1,2,2,0,0,0
SYN00043,82,-9,2160,0,2,2,0,0,0
SYN00043,83,-9,2160,0,2,2,0,0,0
SYN00043,84,-9,2160,1,2,2,0,0,0
SYN00043,85,-9,2160,1,2,2,0,0,0
SYN00043,86,-9,2149,1,2,3,0,0,0
SYN00043,87,-11,2132,0,2,3,0,0,0
SYN00043,88,-9,2119,1,2,3,0,0,0
SYN00043,89,-9,2095,0,2,3,0,0,0
SYN00043,90,-9,2095,0,2,3,0,0,0
SYN00043,91,-9,2081,1,2,3,0,0,0
SYN00043,92,-9,2069,0,3,3,0,0,0
SYN00043,93,-9,2047,1,3,3,0,0,0
SYN00043,94,-9,2047,1,3,3,0,0,0
SYN00043,95,-9,2038,0,3,3,0,0,0
SYN00043,96,-9,2038,0,3,3,0,0,0
SYN00043,97,-9,2026,1,3,3,0,0,0
SYN00043,98,-9,2026,1,3,3,0,0,0
SYN00043,99,-9,2009,0,3,3,0,0,0
SYN00043,100,-9,2009,0,3,3,0,0,0
SYN00043,101,-9,2004,1,3,3,0,0,0
SYN00043,102,-11,1996,0,3,3,0,0,0
SYN00043,103,-11,1984,1,3,3,0,0,0
SYN00043,104,-11,1984,1,3,3,0,0,0
SYN00043,105,-11,1964,0,3,3,0,0,0
SYN00043,106,-11,1964,0,3,3,0,0,0
SYN00043,107,-11,1944,1,3,3,0,0,0
SYN00043,108,-11,1944,1,3,3,0,0,0
SYN00043,109,-11,1929,0,3,3,0,0,0
SYN00043,110,-11,1929,0,3,3,0,0,0
SYN00043,111,-11,1910,1,3,3,0,0,0
SYN00043,112,-11,1910,1,3,3,0,0,0
SYN00043,113,-13,1901,0,3,3,0,0,0
SYN00043,114,-13,1884,1,3,3,0,0,0
SYN00043,115,-13,1884,1,3,3,0,0,0
SYN00043,116,-13,1867,0,3,3,0,0,0
SYN00043,117,-13,1862,1,3,3,0,0,0
SYN00043,118,-13,1862,1,3,3,0,0,0
SYN00043,119,-15,1854,0,3,3,0,0,0
SYN00043,120,-13,1849,1,3,3,0,0,0
SYN00043,121,-13,1834,0,3,3,0,0,0
SYN00043,122,-13,1834,0,3,3,0,0,0
SYN00043,123,-13,1820,1,3,3,0,0,0
SYN00043,124,-13,1820,1,3,3,0,0,0
SYN00043,125,-13,1802,0,3,3,0,0,0
SYN00043,126,-13,1802,0,3,3,0,0,0
SYN00043,127,-13,1788,1,3,3,0,0,0
SYN00043,128,-13,1788,1,3,3,0,0,0
SYN00043,129,-15,1783,0,3,3,0,0,0
SYN00043,130,-15,1773,1,3,3,0,0,0
SYN00043,131,-15,1773,1,3,3,0,0,0
SYN00043,132,-15,1758,0,3,3,0,0,0
SYN00043,133,-15,1758,0,3,3,0,0,0
SYN00043,134,-13,1750,1,3,3,0,0,0
SYN00043,135,-13,1735,0,3,3,0,0,0
SYN00043,136,-13,1720,1,3,4,0,0,0
SYN00043,137,-13,1714,0,3,4,0,0,0
SYN00043,138,-13,1714,0,3,4,0,0,0
SYN00043,139,-11,1703,1,3,4,0,0,0
SYN00043,140,-11,1679,0,3,4,0,0,0
SYN00043,141,-11,1679,0,3,4,0,0,0
SYN00043,142,-11,1670,1,3,4,0,0,0
SYN00043,143,-11,1670,1,3,4,0,0,0
SYN00043,144,-13,1663,0,3,4,0,0,0
SYN00043,145,-13,1656,1,3,4,0,0,0
SYN00043,146,-13,1642,0,3,4,0,0,0
SYN00043,147,-13,1642,0,3,4,0,0,0
SYN00043,148,-13,1621,1,3,4,0,0,0
SYN00043,149,-13,1621,1,3,4,0,0,0
SYN00043,150,-13,1606,0,3,4,0,0,0
SYN00043,151,-13,1606,0,3,4,0,0,0
SYN00043,152,-13,1587,1,3,4,0,0,0
SYN00043,153,-13,1575,0,4,4,0,0,0
SYN00043,154,-11,1553,1,4,4,0,0,0
SYN00043,155,-11,1540,0,4,4,0,0,0
SYN00043,156,-11,1540,0,4,4,0,0,0
SYN00043,157,-11,1523,1,4,4,0,0,0
SYN00043,158,-13,1512,0,4,4,0,0,0
SYN00043,159,-13,1503,1,4,5,0,1,0
SYN00043,160,-13,1481,0,5,5,1,1,0
SYN00043,161,-11,1471,1,5,5,1,1,0
SYN00043,162,-13,1466,0,5,5,1,1,0
SYN00043,163,-13,1444,1,5,5,1,1,0
SYN00043,164,-13,1444,1,5,5,1,1,0
SYN00043,165,-16,1440,0,5,5,1,1,0
SYN00043,166,-16,1440,1,5,5,1,1,0
SYN00043,167,-16,1440,1,5,5,1,1,0
SYN00043,168,-16,1418,1,5,5,1,1,0
SYN00043,169,-16,1418,1,5,5,1,1,0
SYN00043,170,-16,1401,0,6,5,1,1,0
SYN00043,171,-16,1390,1,6,6,1,1,0
SYN00043,172,-16,1383,0,6,6,1,1,0
SYN00043,173,-16,1359,1,6,7,1,1,0
SYN00043,174,-19,1352,0,6,7,1,1,0
SYN00043,175,-17,1334,1,6,7,1,1,0
SYN00043,176,-19,1318,0,6,7,1,1,0
SYN00043,177,-16,1299,1,6,7,1,1,0
SYN00043,178,-16,1290,0,6,7,1,1,0
SYN00043,179,-16,1290,0,6,7,1,1,0
SYN00043,180,-16,1285,1,6,7,1,1,0
SYN00043,181,-16,1285,1,6,7,1,1,0
SYN00043,182,-16,1263,0,6,7,1,1,0
SYN00043,183,-16,1263,0,6,7,1,1,0
SYN00043,184,-14,1255,1,6,7,1,1,0
SYN00043,185,-17,1239,0,6,7,1,1,0
SYN00043,186,-17,1231,1,6,7,1,1,0
SYN00043,187,-17,1222,0,6,7,1,1,0
SYN00043,188,-17,1222,0,6,7,1,1,0
SYN00043,189,-17,1202,1,6,7,1,1,0
SYN00043,190,-17,1202,1,6,7,1,1,0
SYN00043,191,-17,1180,0,6,7,1,1,0
SYN00043,192,-17,1180,0,6,7,1,1,0
SYN00043,193,-15,1164,1,6,7,1,1,0
SYN00043,194,-18,1154,0,6,7,1,1,0
SYN00043,195,-15,1144,1,6,7,1,1,0
SYN00043,196,-17,1128,0,6,7,1,1,0
SYN00043,197,-17,1104,1,6,7,1,1,0
SYN00043,198,-17,1104,1,6,7,1,1,0
SYN00043,199,-20,1097,0,6,7,1,1,0
SYN00043,200,-20,1073,1,6,7,1,1,0
SYN00043,201,-20,1065,0,6,7,1,1,0
SYN00043,202,-20,1065,0,6,7,1,1,0
SYN00043,203,-20,1059,1,6,7,1,1,0
SYN00043,204,-20,1059,1,6,7,1,1,0
SYN00043,205,-22,1050,0,6,7,1,1,0
SYN00043,206,-22,1037,1,6,7,1,1,0
SYN00043,207,-22,1037,1,6,7,1,1,0
SYN00043,208,-22,1014,0,6,7,1,1,0
SYN00043,209,-22,1014,0,6,7,1,1,0
SYN00043,210,-20,1006,1,6,7,1,1,0
SYN00043,211,-20,992,0,6,7,1,1,0
SYN00043,212,-20,992,0,6,7,1,1,0
SYN00043,213,-20,987,1,6,8,1,1,0
SYN00043,214,-20,982,0,6,8,1,1,0
SYN00043,215,-20,982,0,6,8,1,1,0
SYN00043,216,-20,975,1,6,8,1,1,0
SYN00043,217,-20,975,1,6,8,1,1,0
SYN00043,218,-20,956,0,6,8,1,1,0
SYN00043,219,-20,956,0,6,8,1,1,0
SYN00043,220,-18,947,1,6,8,1,1,0
SYN00043,221,-21,925,0,6,8,1,1,0
SYN00043,222,-21,910,1,6,8,1,1,0
SYN00043,223,-21,910,1,6,8,1,1,0
SYN00043,224,-21,892,0,6,8,1,1,0
SYN00043,225,-21,892,0,6,8,1,1,0
SYN00043,226,-21,879,1,6,9,1,1,0
SYN00043,227,-21,866,0,6,9,1,1,0
SYN00043,228,-21,866,0,6,9,1,1,0
SYN00043,229,-21,844,1,6,9,1,1,0
SYN00043,230,-23,839,0,6,9,1,1,0
SYN00043,231,-23,817,1,6,10,1,1,0
SYN00043,232,-25,810,0,6,10,1,1,0
SYN00043,233,-25,790,1,6,10,1,1,0
SYN00043,234,-25,790,1,6,10,1,1,0
SYN00043,235,-25,768,0,6,10,1,1,0
SYN00043,236,-23,757,1,6,10,1,1,0
SYN00043,237,-23,737,0,6,10,1,1,0
SYN00043,238,-23,720,1,6,10,1,1,0
SYN00043,239,-23,720,1,6,10,1,1,0
SYN00043,240,-23,720,0,6,10,1,1,0
SYN00043,241,-23,720,0,6,10,1,1,0
SYN00043,242,-23,713,0,6,10,1,1,0
SYN00043,243,-23,713,0,6,10,1,1,0
SYN00043,244,-21,698,1,6,10,1,1,0
SYN00043,245,-21,690,0,6,10,1,1,0
SYN00043,246,-21,690,0,6,10,1,1,0
SYN00043,247,-21,667,1,6,10,1,1,0
SYN00043,248,-21,667,1,6,10,1,1,0
SYN00043,249,-21,644,0,6,10,1,1,0
SYN00043,250,-21,633,1,6,10,1,1,0
SYN00043,251,-21,633,1,6,10,1,1,0
SYN00043,252,-23,619,0,6,10,1,1,0
SYN00043,253,-23,609,1,6,10,1,1,0
SYN00043,254,-23,609,1,6,10,1,1,0
SYN00043,255,-25,604,0,6,10,1,1,0
SYN00043,256,-25,584,1,6,10,1,1,0
SYN00043,257,-25,584,1,6,10,1,1,0
SYN00043,258,-25,568,0,6,10,1,1,0
SYN00043,259,-25,568,0,6,10,1,1,0
SYN00043,260,-23,556,1,6,10,1,1,0
SYN00043,261,-23,542,0,6,10,1,1,0
SYN00043,262,-23,542,0,6,10,1,1,0
SYN00043,263,-23,519,1,6,11,1,1,0
SYN00043,264,-23,501,0,6,11,1,1,0
SYN00043,265,-23,501,0,6,11,1,1,0
SYN00043,266,-23,489,1,6,12,1,1,0
SYN00043,267,-26,474,0,6,12,1,1,0
SYN00043,268,-26,469,1,6,12,1,1,0
SYN00043,269,-26,469,1,6,12,1,1,0
SYN00043,270,-26,458,0,6,12,1,1,0
SYN00043,271,-24,447,1,6,12,1,1,0
SYN00043,272,-24,436,0,6,12,1,1,0
SYN00043,273,-24,436,0,6,12,1,1,0
SYN00043,274,-24,412,1,6,13,1,1,0
SYN00043,275,-27,394,0,6,13,1,1,0
SYN00043,276,-27,388,1,6,13,1,1,0
SYN00043,277,-27,365,0,6,13,1,1,0
SYN00043,278,-27,365,0,6,13,1,1,0
SYN00043,279,-25,342,1,6,13,1,1,0
SYN00043,280,-25,332,0,6,13,1,1,0
SYN00043,281,-25,332,0,6,13,1,1,0
SYN00043,282,-25,308,1,6,13,1,1,0
SYN00043,283,-25,308,1,6,13,1,1,0
SYN00043,284,-25,294,0,6,13,1,1,0
SYN00043,285,-25,294,0,6,13,1,1,0
SYN00043,286,-23,284,1,6,13,1,1,0
SYN00043,287,-23,275,0,6,13,1,1,0
SYN00043,288,-23,275,0,6,13,1,1,0
SYN00043,289,-23,265,1,6,13,1,1,0
SYN00043,290,-23,265,1,6,13,1,1,0
SYN00043,291,-23,247,0,6,13,1,1,0
SYN00043,292,-23,247,0,6,13,1,1,0
SYN00043,293,-20,226,1,6,13,1,1,0
SYN00043,294,-20,209,0,6,13,1,1,0
SYN00043,295,-20,209,0,6,13,1,1,0
SYN00043,296,-20,191,1,6,13,1,1,0
SYN00043,297,-20,191,1,6,13,1,1,0
SYN00043,298,-23,179,0,6,13,1,1,0
SYN00043,299,-23,171,1,6,13,1,1,0
SYN00043,300,-23,171,1,6,13,1,1,0
SYN00043,301,-25,152,0,6,13,1,1,0
SYN00043,302,-25,146,1,6,13,1,1,0
SYN00043,303,-25,146,1,6,13,1,1,0
SYN00043,304,-25,129,0,6,13,1,1,0
SYN00043,305,-22,108,1,6,13,1,1,0
SYN00043,306,-24,88,0,6,13,1,1,0
SYN00043,307,-22,77,1,6,13,1,1,0
SYN00043,308,-25,58,0,6,13,1,1,0
SYN00043,309,-25,45,1,6,13,1,1,0
SYN00043,310,-25,45,1,6,13,1,1,0
SYN00043,311,-28,36,0,6,13,1,1,0
SYN00043,312,-28,19,1,6,13,1,1,0
SYN00043,313,-28,19,1,6,13,1,1,0
SYN00043,314,-28,0,0,7,13,1,1,0
SYN00043,315,-28,0,1,7,13,1,1,0
SYN00044,1,0,2880,0,0,0,0,0,0
SYN00044,2,-2,2867,0,0,0,0,0,0
SYN00044,3,0,2853,1,0,0,0,0,0
SYN00044,4,-2,2846,0,0,0,0,0,0
SYN00044,5,-2,2830,1,0,0,0,0,0
SYN00044,6,-2,2830,1,0,0,0,0,0
SYN00044,7,-2,2813,0,0,0,0,0,0
SYN00044,8,-2,2813,0,0,0,0,0,0
SYN00044,9,0,2796,1,0,0,0,0,0
SYN00044,10,0,2787,0,0,0,0,0,0
SYN00044,11,0,2787,0,0,0,0,0,0
SYN00044,12,2,2781,1,0,0,0,0,0
SYN00044,13,2,2765,0,0,0,0,0,0
SYN00044,14,2,2765,0,0,0,0,0,0
SYN00044,15,2,2751,1,0,0,0,0,0
SYN00044,16,2,2751,1,0,0,0,0,0
SYN00044,17,2,2744,0,0,0,0,0,0
SYN00044,18,2,2744,0,0,0,0,0,0
SYN00044,19,5,2733,1,0,0,0,0,0
SYN00044,20,5,2718,0,0,0,0,0,0
SYN00044,21,5,2718,0,0,0,0,0,0
SYN00044,22,5,2700,1,0,0,0,0,0
SYN00044,23,5,2700,1,0,0,0,0,0
SYN00044,24,3,2684,0,0,0,0,0,0
SYN00044,25,5,2665,1,0,0,0,0,0
SYN00044,26,3,2648,0,0,0,0,0,0
SYN00044,27,3,2642,1,0,0,0,0,0
SYN00044,28,3,2642,1,0,0,0,0,0
SYN00044,29,1,2636,0,0,0,0,0,0
SYN00044,30,1,2630,1,0,0,0,0,0
SYN00044,31,1,2630,1,0,0,0,0,0
SYN00044,32,-2,2620,0,0,0,0,0,0
SYN00044,33,-2,2599,1,0,0,0,0,0
SYN00044,34,-2,2578,0,0,0,0,0,0
SYN00044,35,-2,2578,0,0,0,0,0,0
SYN00044,36,-2,2572,1,0,1,0,0,0
SYN00044,37,-2,2557,0,0,1,0,0,0
SYN00044,38,-2,2557,0,0,1,0,0,0
SYN00044,39,-2,2534,1,0,1,0,0,0
SYN00044,40,-2,2534,1,0,1,0,0,0
SYN00044,41,-2,2520,0,0,1,0,0,0
SYN00044,42,-2,2520,0,0,1,0,0,0
SYN00044,43,-2,2512,1,0,1,0,0,0
SYN00044,44,-2,2500,0,0,1,0,0,0
SYN00044,45,-2,2500,0,0,1,0,0,0
SYN00044,46,-2,2485,1,0,1,0,0,0
SYN00044,47,-2,2468,0,0,1,0,0,0
SYN00044,48,-2,2468,0,0,1,0,0,0
SYN00044,49,-2,2444,1,0,2,0,0,0
SYN00044,50,-2,2429,0,0,2,0,0,0
SYN00044,51,-2,2429,0,0,2,0,0,0
SYN00044,52,-2,2414,1,0,2,0,0,0
SYN00044,53,-2,2393,0,0,2,0,0,0
SYN00044,54,-2,2393,0,0,2,0,0,0
SYN00044,55,0,2388,1,0,2,0,0,0
SYN00044,56,-2,2378,0,0,2,0,0,0
SYN00044,57,-2,2372,1,0,2,0,0,0
SYN00044,58,-2,2372,1,0,2,0,0,0
SYN00044,59,-4,2348,0,0,2,0,0,0
SYN00044,60,-4,2340,1,0,3,0,0,0
SYN00044,61,-4,2329,0,1,3,0,0,0
SYN00044,62,-4,2316,1,1,3,0,0,0
SYN00044,63,-4,2316,1,1,3,0,0,0
SYN00044,64,-4,2305,0,1,3,0,0,0
SYN00044,65,-4,2305,0,1,3,0,0,0
SYN00044,66,-4,2289,1,1,3,0,0,0
SYN00044,67,-4,2271,0,1,3,0,0,0
SYN00044,68,-4,2271,0,1,3,0,0,0
SYN00044,69,-1,2262,1,1,3,0,0,0
SYN00044,70,-1,2252,0,1,3,0,0,0
SYN00044,71,-1,2246,1,1,4,0,0,0
SYN00044,72,-4,2232,0,1,4,0,0,0
SYN00044,73,-2,2217,1,1,4,0,0,0
SYN00044,74,-2,2212,0,1,4,0,0,0
SYN00044,75,-2,2212,0,1,4,0,0,0
SYN00044,76,0,2202,1,1,4,0,0,0
SYN00044,77,-3,2178,0,1,4,0,0,0
SYN00044,78,0,2162,1,1,4,0,0,0
SYN00044,79,0,2160,0,1,4,0,0,0
SYN00044,80,0,2160,0,1,4,0,0,0
SYN00044,81,0,2160,1,1,4,0,0,0
SYN00044,82,0,2160,1,1,4,0,0,0
SYN00044,83,0,2150,1,1,4,0,0,0
SYN00044,84,0,2150,1,1,4,0,0,0
SYN00044,85,0,2141,0,2,4,0,0,0
SYN00044,86,2,2132,1,2,4,0,0,0
SYN00044,87,2,2114,0,3,4,0,0,0
SYN00044,88,2,2097,1,3,4,0,0,0
SYN00044,89,2,2097,1,3,4,0,0,0
SYN00044,90,2,2090,0,3,4,0,0,0
SYN00044,91,2,2090,0,3,4,0,0,0
SYN00044,92,4,2084,1,3,4,0,0,0
SYN00044,93,2,2077,0,3,4,0,0,0
SYN00044,94,2,2057,1,3,5,0,1,0
SYN00044,95,2,2045,0,3,5,0,1,0
SYN00044,96,2,2045,0,3,5,0,1,0
SYN00044,97,2,2021,1,3,5,0,1,0
SYN00044,98,2,2021,1,3,5,0,1,0
SYN00044,99,0,2006,0,3,5,0,1,0
SYN00044,100,2,1985,1,3,5,0,1,0
SYN00044,101,2,1972,0,3,5,0,1,0
SYN00044,102,2,1972,0,3,5,0,1,0
SYN00044,103,5,1949,1,3,5,0,1,0
SYN00044,104,5,1935,0,3,5,0,1,0
SYN00044,105,5,1935,0,3,5,0,1,0
SYN00044,106,5,1916,1,3,6,0,1,0
SYN00044,107,5,1896,0,4,6,0,1,0
SYN00044,108,7,1877,1,4,6,0,1,0
SYN00044,109,7,1855,0,4,6,0,1,0
SYN00044,110,7,1855,0,4,6,0,1,0
SYN00044,111,7,1839,1,4,6,0,1,0
SYN00044,112,5,1834,0,4,6,0,1,0
SYN00044,113,8,1825,1,4,6,0,1,0
SYN00044,114,6,1812,0,4,6,0,1,0
SYN00044,115,8,1792,1,4,6,0,1,0
SYN00044,116,6,1787,0,4,6,0,1,0
SYN00044,117,6,1779,1,4,6,0,1,0
SYN00044,118,6,1779,1,4,6,0,1,0
SYN00044,119,6,1774,0,4,6,0,1,0
SYN00044,120,6,1774,0,4,6,0,1,0
SYN00044,121,6,1766,1,4,6,0,1,0
SYN00044,122,6,1766,1,4,6,0,1,0
SYN00044,123,4,1757,0,4,6,0,1,0
SYN00044,124,6,1743,1,4,6,0,1,0
SYN00044,125,4,1730,0,4,6,0,1,0
SYN00044,126,4,1712,1,4,6,0,1,0
SYN00044,127,4,1712,1,4,6,0,1,0
SYN00044,128,4,1698,0,4,6,0,1,0
SYN00044,129,4,1698,0,4,6,0,1,0
SYN00044,130,7,1684,1,4,6,0,1,0
SYN00044,131,7,1672,0,4,6,0,1,0
SYN00044,132,7,1672,0,4,6,0,1,0
SYN00044,133,7,1652,1,4,6,0,1,0
SYN00044,134,7,1652,1,4,6,0,1,0
SYN00044,135,5,1641,0,4,6,0,1,0
SYN00044,136,5,1619,1,4,6,0,1,0
SYN00044,137,5,1619,1,4,6,0,1,0
SYN00044,138,3,1606,0,4,6,0,1,0
SYN00044,139,5,1589,1,4,6,0,1,0
SYN00044,140,5,1568,0,4,6,0,1,0
SYN00044,141,5,1568,0,4,6,0,1,0
SYN00044,142,5,1558,1,4,6,0,1,0
SYN00044,143,5,1558,1,4,6,0,1,0
SYN00044,144,3,1548,0,4,6,0,1,0
SYN00044,145,6,1532,1,4,6,0,1,0
SYN00044,146,4,1517,0,4,6,0,1,0
SYN00044,147,4,1502,1,4,6,0,1,0
SYN00044,148,4,1502,1,4,6,0,1,0
SYN00044,149,1,1481,0,4,6,0,1,0
SYN00044,150,1,1463,1,4,6,0,1,0
SYN00044,151,1,1463,1,4,6,0,1,0
SYN00044,152,1,1441,0,4,6,0,1,0
SYN00044,153,1,1441,0,4,6,0,1,0
SYN00044,154,1,1440,1,4,7,0,1,0
SYN00044,155,1,1440,0,4,7,0,1,0
SYN00044,156,1,1440,0,4,7,0,1,0
SYN00044,157,1,1429,0,4,7,0,1,0
SYN00044,158,1,1429,0,4,7,0,1,0
SYN00044,159,1,1415,1,4,7,0,1,0
SYN00044,160,1,1415,1,4,7,0,1,0
SYN00044,161,1,1396,0,5,7,1,1,0
SYN00044,162,1,1386,1,5,7,1,1,0
SYN00044,163,1,1386,1,5,7,1,1,0
SYN00044,164,1,1366,0,5,7,1,1,0
SYN00044,165,1,1366,0,5,7,1,1,0
SYN00044,166,3,1353,1,5,7,1,1,0
SYN00044,167,3,1329,0,5,7,1,1,0
SYN00044,168,3,1329,0,5,7,1,1,0
SYN00044,169,6,1309,1,5,7,1,1,0
SYN00044,170,4,1303,0,5,7,1,1,0
SYN00044,171,4,1281,1,5,7,1,1,0
SYN00044,172,4,1281,1,5,7,1,1,0
SYN00044,173,2,1259,0,5,7,1,1,0
SYN00044,174,4,1239,1,5,7,1,1,0
SYN00044,175,4,1234,0,5,7,1,1,0
SYN00044,176,4,1234,0,5,7,1,1,0
SYN00044,177,4,1213,1,5,8,1,1,0
SYN00044,178,4,1208,0,5,8,1,1,0
SYN00044,179,4,1208,0,5,8,1,1,0
SYN00044,180,4,1184,1,5,8,1,1,0
SYN00044,181,4,1184,1,5,8,1,1,0
SYN00044,182,2,1164,0,5,8,1,1,0
SYN00044,183,4,1155,1,5,8,1,1,0
SYN00044,184,2,1143,0,5,8,1,1,0
SYN00044,185,2,1137,1,5,8,1,1,0
SYN00044,186,2,1137,1,5,8,1,1,0
SYN00044,187,2,1122,0,5,8,1,1,0
SYN00044,188,2,1122,0,5,8,1,1,0
SYN00044,189,2,1116,1,5,9,1,1,0
SYN00044,190,2,1102,0,5,9,1,1,0
SYN00044,191,2,1102,0,5,9,1,1,0
SYN00044,192,4,1089,1,5,9,1,1,0
SYN00044,193,4,1072,0,5,9,1,1,0
SYN00044,194,4,1072,0,5,9,1,1,0
SYN00044,195,4,1049,1,5,9,1,1,0
SYN00044,196,4,1049,1,5,9,1,1,0
SYN00044,197,1,1044,0,5,9,1,1,0
SYN00044,198,4,1030,1,5,9,1,1,0
SYN00044,199,2,1012,0,5,9,1,1,0
SYN00044,200,2,990,1,5,9,1,1,0
SYN00044,201,2,990,1,5,9,1,1,0
SYN00044,202,2,984,0,6,9,1,1,0
SYN00044,203,2,979,1,6,9,1,1,0
SYN00044,204,2,979,1,6,9,1,1,0
SYN00044,205,-1,961,0,6,9,1,1,0
SYN00044,206,-1,938,1,6,9,1,1,0
SYN00044,207,-1,938,1,6,9,1,1,0
SYN00044,208,-1,929,0,6,9,1,1,0
SYN00044,209,-1,916,1,6,9,1,1,0
SYN00044,210,-1,916,1,6,9,1,1,0
SYN00044,211,-1,900,0,6,9,1,1,0
SYN00044,212,-1,900,0,6,9,1,1,0
SYN00044,213,-1,880,1,6,9,1,1,0
SYN00044,214,-1,880,1,6,9,1,1,0
SYN00044,215,-1,867,0,6,9,1,1,0
SYN00044,216,-1,867,0,6,9,1,1,0
SYN00044,217,1,855,1,6,9,1,1,0
SYN00044,218,1,842,0,6,9,1,1,0
SYN00044,219,1,842,0,6,9,1,1,0
SYN00044,220,3,830,1,6,9,1,1,0
SYN00044,221,3,820,0,7,9,1,1,0
SYN00044,222,5,801,1,7,9,1,1,0
SYN00044,223,3,795,0,7,9,1,1,0
SYN00044,224,3,772,1,7,9,1,1,0
SYN00044,225,1,754,0,7,9,1,1,0
SYN00044,226,3,739,1,7,9,1,1,0
SYN00044,227,1,727,0,7,9,1,1,0
SYN00044,228,1,720,1,7,9,1,1,0
SYN00044,229,1,720,1,7,9,1,1,0
SYN00044,230,1,720,0,7,9,1,1,0
SYN00044,231,1,720,0,7,9,1,1,0
SYN00044,232,1,712,0,7,9,1,1,0
SYN00044,233,1,712,0,7,9,1,1,0
SYN00044,234,1,690,1,7,9,1,1,0
SYN00044,235,1,690,1,7,9,1,1,0
SYN00044,236,1,672,0,7,9,1,1,0
SYN00044,237,1,672,0,7,9,1,1,0
SYN00044,238,1,650,1,7,9,1,1,0
SYN00044,239,1,650,1,7,9,1,1,0
SYN00044,240,1,635,0,7,9,1,1,0
SYN00044,241,3,622,1,7,9,1,1,0
SYN00044,242,3,608,0,7,9,1,1,0
SYN00044,243,3,608,0,7,9,1,1,0
SYN00044,244,5,596,1,7,9,1,1,0
SYN00044,245,5,587,0,7,9,1,1,0
SYN00044,246,5,587,0,7,9,1,1,0
SYN00044,247,5,582,1,7,9,1,1,0
SYN00044,248,5,582,1,7,9,1,1,0
SYN00044,249,3,568,0,7,9,1,1,0
SYN00044,250,5,554,1,7,9,1,1,0
SYN00044,251,2,548,0,7,9,1,1,0
SYN00044,252,2,529,1,7,10,1,1,0
SYN00044,253,0,509,0,7,10,1,1,0
SYN00044,254,0,496,1,7,10,1,1,0
SYN00044,255,0,496,1,7,10,1,1,0
SYN00044,256,0,490,0,7,10,1,1,0
SYN00044,257,0,490,0,7,10,1,1,0
SYN00044,258,2,467,1,7,10,1,1,0
SYN00044,259,2,456,0,7,10,1,1,0
SYN00044,260,2,456,0,7,10,1,1,0
SYN00044,261,2,433,1,7,10,1,1,0
SYN00044,262,2,433,1,7,10,1,1,0
SYN00044,263,2,411,0,7,10,1,1,0
SYN00044,264,2,411,0,7,10,1,1,0
SYN00044,265,2,398,1,7,10,1,1,0
SYN00044,266,2,398,1,7,10,1,1,0
SYN00044,267,-1,376,0,7,10,1,1,0
SYN00044,268,1,357,1,7,10,1,1,0
SYN00044,269,-1,333,0,7,10,1,1,0
SYN00044,270,-1,316,1,7,10,1,1,0
SYN00044,271,-3,297,0,7,10,1,1,0
SYN00044,272,-3,290,1,7,10,1,1,0
SYN00044,273,-3,290,1,7,10,1,1,0
SYN00044,274,-3,281,0,7,10,1,1,0
SYN00044,275,-3,281,0,7,10,1,1,0
SYN00044,276,-3,270,1,7,10,1,1,0
SYN00044,277,-3,258,0,7,10,1,1,0
SYN00044,278,-3,258,0,7,10,1,1,0
SYN00044,279,-3,238,1,7,10,1,1,0
SYN00044,280,-3,238,1,7,10,1,1,0
SYN00044,281,-3,222,0,7,10,1,1,0
SYN00044,282,-3,222,0,7,10,1,1,0
SYN00044,283,-3,198,1,7,10,1,1,0
SYN00044,284,-3,179,0,7,10,1,1,0
SYN00044,285,-3,172,1,7,10,1,1,0
SYN00044,286,-3,172,1,7,10,1,1,0
SYN00044,287,-5,151,0,7,10,1,1,0
SYN00044,288,-2,133,1,7,10,1,1,0
SYN00044,289,-2,116,0,7,10,1,1,0
SYN00044,290,-2,116,0,7,10,1,1,0
SYN00044,291,-2,110,1,7,10,1,1,0
SYN00044,292,-2,110,1,7,10,1,1,0
SYN00044,293,-2,105,0,7,10,1,1,0
SYN00044,294,-2,105,0,7,10,1,1,0
SYN00044,295,-2,94,1,7,10,1,1,0
SYN00044,296,-2,94,1,7,10,1,1,0
SYN00044,297,-5,82,0,7,10,1,1,0
SYN00044,298,-5,61,1,7,10,1,1,0
SYN00044,299,-5,61,1,7,10,1,1,0
SYN00044,300,-5,55,0,7,10,1,1,0
SYN00044,301,-5,55,0,7,10,1,1,0
SYN00044,302,-3,43,1,7,10,1,1,0
SYN00044,303,-3,38,0,7,10,1,1,0
SYN00044,304,-3,38,0,7,10,1,1,0
SYN00044,305,-3,28,1,7,10,1,1,0
SYN00044,306,-3,28,1,7,10,1,1,0
SYN00044,307,-3,15,0,7,10,1,1,0
SYN00044,308,-3,2,1,7,11,1,1,0
SYN00044,309,-3,0,0,7,11,1,1,0
SYN00044,310,-3,0,0,7,11,1,1,0
SYN00044,311,-3,0,1,7,11,1,1,0
SYN00045,1,0,2880,1,0,0,0,0,0
SYN00045,2,2,2873,1,0,0,0,0,0
SYN00045,3,2,2864,0,0,0,0,0,0
SYN00045,4,2,2864,0,0,0,0,0,0
SYN00045,5,5,2858,1,0,0,0,0,0
SYN00045,6,5,2850,0,0,0,0,0,0
SYN00045,7,5,2850,0,0,0,0,0,0
SYN00045,8,5,2835,1,0,0,0,0,0
SYN00045,9,5,2835,1,0,0,0,0,0
SYN00045,10,3,2826,0,0,0,0,0,0
SYN00045,11,5,2816,1,0,0,0,0,0
SYN00045,12,5,2799,0,0,0,0,0,0
SYN00045,13,5,2799,0,0,0,0,0,0
SYN00045,14,7,2775,1,0,0,0,0,0
SYN00045,15,5,2763,0,0,0,0,0,0
SYN00045,16,8,2753,1,0,0,0,0,0
SYN00045,17,6,2736,0,0,0,0,0,0
SYN00045,18,6,2724,1,0,0,0,0,0
SYN00045,19,6,2724,1,0,0,0,0,0
SYN00045,20,6,2716,0,1,0,0,0,0
SYN00045,21,6,2698,1,1,0,0,0,0
SYN00045,22,6,2683,0,1,0,0,0,0
SYN00045,23,6,2683,0,1,0,0,0,0
SYN00045,24,6,2665,1,1,0,0,0,0
SYN00045,25,6,2665,1,1,0,0,0,0
SYN00045,26,3,2660,0,1,0,0,0,0
SYN00045,27,6,2649,1,1,0,0,0,0
SYN00045,28,4,2638,0,1,0,0,0,0
SYN00045,29,6,2631,1,1,0,0,0,0
SYN00045,30,6,2621,0,1,0,0,0,0
SYN00045,31,6,2621,0,1,0,0,0,0
SYN00045,32,8,2614,1,1,0,0,0,0
SYN00045,33,8,2608,0,1,0,0,0,0
SYN00045,34,8,2608,0,1,0,0,0,0
SYN00045,35,8,2585,1,1,0,0,0,0
SYN00045,36,8,2585,1,1,0,0,0,0
SYN00045,37,8,2574,0,2,0,0,0,0
SYN00045,38,8,2560,1,2,0,0,0,0
SYN00045,39,8,2560,1,2,0,0,0,0
SYN00045,40,8,2554,0,2,0,0,0,0
SYN00045,41,8,2554,0,2,0,0,0,0
SYN00045,42,8,2539,1,2,0,0,0,0
SYN00045,43,8,2539,1,2,0,0,0,0
SYN00045,44,6,2529,0,2,0,0,0,0
SYN00045,45,6,2509,1,2,0,0,0,0
SYN00045,46,4,2501,0,2,0,0,0,0
SYN00045,47,4,2483,1,2,1,0,0,0
SYN00045,48,4,2462,0,2,1,0,0,0
SYN00045,49,4,2462,0,2,1,0,0,0
SYN00045,50,4,2451,1,2,1,0,0,0
SYN00045,51,2,2442,0,2,1,0,0,0
SYN00045,52,2,2431,1,2,1,0,0,0
SYN00045,53,2,2431,1,2,1,0,0,0
SYN00045,54,-1,2423,0,2,1,0,0,0
SYN00045,55,-1,2404,1,2,2,0,0,0
SYN00045,56,-3,2391,0,2,2,0,0,0
SYN00045,57,-1,2382,1,2,2,0,0,0
SYN00045,58,-1,2370,0,2,2,0,0,0
SYN00045,59,-1,2352,1,2,3,0,0,0
SYN00045,60,-3,2342,0,2,3,0,0,0
SYN00045,61,-3,2323,1,2,3,0,0,0
SYN00045,62,-3,2318,0,3,3,0,0,0
SYN00045,63,-3,2298,1,3,3,0,0,0
SYN00045,64,-3,2298,1,3,3,0,0,0
SYN00045,65,-3,2292,0,3,3,0,0,0
SYN00045,66,-3,2292,0,3,3,0,0,0
SYN00045,67,-3,2277,1,3,3,0,0,0
SYN00045,68,-3,2277,1,3,3,0,0,0
SYN00045,69,-3,2257,0,3,3,0,0,0
SYN00045,70,-1,2248,1,3,3,0,0,0
SYN00045,71,-3,2228,0,3,3,0,0,0
SYN00045,72,-3,2218,1,3,4,0,0,0
SYN00045,73,-5,2198,0,3,4,0,0,0
SYN00045,74,-5,2190,1,3,4,0,0,0
SYN00045,75,-5,2190,1,3,4,0,0,0
SYN00045,76,-7,2181,0,3,4,0,0,0
SYN00045,77,-4,2172,1,3,4,0,0,0
SYN00045,78,-6,2160,0,3,4,0,0,0
SYN00045,79,-6,2160,1,3,4,0,0,0
SYN00045,80,-6,2160,1,3,4,0,0,0
SYN00045,81,-6,2155,1,3,4,0,0,0
SYN00045,82,-6,2144,0,3,4,0,0,0
SYN00045,83,-6,2144,0,3,4,0,0,0
SYN00045,84,-4,2122,1,3,4,0,0,0
SYN00045,85,-4,2102,0,3,4,0,0,0
SYN00045,86,-4,2102,0,3,4,0,0,0
SYN00045,87,-4,2093,1,3,4,0,0,0
SYN00045,88,-4,2093,1,3,4,0,0,0
SYN00045,89,-4,2070,0,3,4,0,0,0
SYN00045,90,-4,2070,0,3,4,0,0,0
SYN00045,91,-4,2056,1,3,4,0,0,0
SYN00045,92,-4,2056,1,3,4,0,0,0
SYN00045,93,-4,2044,0,3,4,0,0,0
SYN00045,94,-4,2044,0,3,4,0,0,0
SYN00045,95,-4,2031,1,3,5,0,1,0
SYN00045,96,-6,2020,0,3,5,0,1,0
SYN00045,97,-6,2015,1,3,5,0,1,0
SYN00045,98,-6,2015,1,3,5,0,1,0
SYN00045,99,-6,1994,0,3,5,0,1,0
SYN00045,100,-6,1994,0,3,5,0,1,0
SYN00045,101,-4,1973,1,3,5,0,1,0
SYN00045,102,-4,1959,0,3,5,0,1,0
SYN00045,103,-4,1959,0,3,5,0,1,0
SYN00045,104,-1,1939,1,3,5,0,1,0
SYN00045,105,-4,1923,0,3,5,0,1,0
SYN00045,106,-4,1908,1,3,5,0,1,0
SYN00045,107,-4,1908,1,3,5,0,1,0
SYN00045,108,-4,1902,0,3,5,0,1,0
SYN00045,109,-4,1885,1,3,5,0,1,0
SYN00045,110,-4,1885,1,3,5,0,1,0
SYN00045,111,-4,1865,0,4,5,0,1,0
SYN00045,112,-4,1853,1,4,5,0,1,0
SYN00045,113,-4,1853,1,4,5,0,1,0
SYN00045,114,-4,1831,0,4,5,0,1,0
SYN00045,115,-4,1831,0,4,5,0,1,0
SYN00045,116,-2,1816,1,4,5,0,1,0
SYN00045,117,-2,1811,0,4,5,0,1,0
SYN00045,118,-2,1811,0,4,5,0,1,0
SYN00045,119,-2,1806,1,4,6,0,1,0
SYN00045,120,-4,1782,0,4,6,0,1,0
SYN00045,121,-4,1771,1,4,6,0,1,0
SYN00045,122,-4,1771,1,4,6,0,1,0
SYN00045,123,-4,1754,0,5,6,1,1,0
SYN00045,124,-2,1743,1,5,6,1,1,0
SYN00045,125,-2,1736,0,5,6,1,1,0
SYN00045,126,-2,1736,0,5,6,1,1,0
SYN00045,127,-2,1723,1,5,6,1,1,0
SYN00045,128,-2,1723,1,5,6,1,1,0
SYN00045,129,-2,1709,0,5,6,1,1,0
SYN00045,130,-2,1709,0,5,6,1,1,0
SYN00045,131,0,1692,1,5,6,1,1,0
SYN00045,132,-3,1685,0,5,6,1,1,0
SYN00045,133,-3,1670,1,5,6,1,1,0
SYN00045,134,-3,1670,1,5,6,1,1,0
SYN00045,135,-3,1658,0,5,6,1,1,0
SYN00045,136,-3,1658,0,5,6,1,1,0
SYN00045,137,-3,1634,1,5,7,1,1,0
SYN00045,138,-3,1617,0,5,7,1,1,0
SYN00045,139,-3,1617,0,5,7,1,1,0
SYN00045,140,-1,1600,1,5,7,1,1,0
SYN00045,141,-1,1578,0,5,7,1,1,0
SYN00045,142,-1,1578,0,5,7,1,1,0
SYN00045,143,1,1565,1,5,7,1,1,0
SYN00045,144,-1,1545,0,5,7,1,1,0
SYN00045,145,-1,1522,1,5,7,1,1,0
SYN00045,146,-1,1522,1,5,7,1,1,0
SYN00045,147,-1,1514,0,5,7,1,1,0
SYN00045,148,-1,1514,0,5,7,1,1,0
SYN00045,149,-1,1509,1,5,7,1,1,0
SYN00045,150,-1,1509,1,5,7,1,1,0
SYN00045,151,-1,1495,0,5,7,1,1,0
SYN00045,152,-1,1495,0,5,7,1,1,0
SYN00045,153,-1,1478,1,5,7,1,1,0
SYN00045,154,-1,1478,1,5,7,1,1,0
SYN00045,155,-1,1470,0,5,7,1,1,0
SYN00045,156,-1,1470,0,5,7,1,1,0
SYN00045,157,-1,1448,1,5,7,1,1,0
SYN00045,158,-1,1448,1,5,7,1,1,0
SYN00045,159,-1,1441,0,6,7,1,1,0
SYN00045,160,-1,1440,1,6,7,1,1,0
SYN00045,161,-1,1440,0,6,7,1,1,0
SYN00045,162,-1,1440,0,6,7,1,1,0
SYN00045,163,-3,1422,0,6,7,1,1,0
SYN00045,164,-1,1411,1,6,7,1,1,0
SYN00045,165,-1,1398,0,6,7,1,1,0
SYN00045,166,-1,1398,0,6,7,1,1,0
SYN00045,167,-1,1377,1,6,7,1,1,0
SYN00045,168,-1,1377,1,6,7,1,1,0
SYN00045,169,-1,1363,0,6,7,1,1,0
SYN00045,170,-1,1363,0,6,7,1,1,0
SYN00045,171,1,1343,1,6,7,1,1,0
SYN00045,172,1,1320,0,6,7,1,1,0
SYN00045,173,1,1320,0,6,7,1,1,0
SYN00045,174,1,1310,1,6,7,1,1,0
SYN00045,175,1,1310,1,6,7,1,1,0
SYN00045,176,-1,1287,0,6,7,1,1,0
SYN00045,177,-1,1281,1,6,7,1,1,0
SYN00045,178,-1,1281,1,6,7,1,1,0
SYN00045,179,-3,1258,0,6,7,1,1,0
SYN00045,180,-3,1238,1,6,7,1,1,0
SYN00045,181,-3,1238,1,6,7,1,1,0
SYN00045,182,-3,1227,0,6,7,1,1,0
SYN00045,183,-3,1227,0,6,7,1,1,0
SYN00045,184,-3,1218,1,6,7,1,1,0
SYN00045,185,-6,1207,0,6,7,1,1,0
SYN00045,186,-4,1197,1,6,7,1,1,0
SYN00045,187,-4,1185,0,6,7,1,1,0
SYN00045,188,-4,1185,0,6,7,1,1,0
SYN00045,189,-4,1174,1,6,7,1,1,0
SYN00045,190,-4,1174,1,6,7,1,1,0
SYN00045,191,-6,1156,0,6,7,1,1,0
SYN00045,192,-6,1140,1,6,7,1,1,0
SYN00045,193,-6,1140,1,6,7,1,1,0
SYN00045,194,-6,1128,0,6,7,1,1,0
SYN00045,195,-6,1128,0,6,7,1,1,0
SYN00045,196,-4,1118,1,6,7,1,1,0
SYN00045,197,-4,1094,0,6,7,1,1,0
SYN00045,198,-4,1094,0,6,7,1,1,0
SYN00045,199,-1,1079,1,6,7,1,1,0
SYN00045,200,-4,1067,0,6,7,1,1,0
SYN00045,201,-4,1044,1,6,8,1,1,0
SYN00045,202,-4,1035,0,6,8,1,1,0
SYN00045,203,-4,1035,0,6,8,1,1,0
SYN00045,204,-4,1023,1,6,8,1,1,0
SYN00045,205,-4,1023,1,6,8,1,1,0
SYN00045,206,-6,1004,0,6,8,1,1,0
SYN00045,207,-4,985,1,6,8,1,1,0
SYN00045,208,-4,962,0,6,8,1,1,0
SYN00045,209,-4,962,0,6,8,1,1,0
SYN00045,210,-2,938,1,6,8,1,1,0
SYN00045,211,-2,928,0,6,8,1,1,0
SYN00045,212,-2,928,0,6,8,1,1,0
SYN00045,213,-2,917,1,6,8,1,1,0
SYN00045,214,-2,917,1,6,8,1,1,0
SYN00045,215,-2,902,0,6,8,1,1,0
SYN00045,216,-2,902,0,6,8,1,1,0
SYN00045,217,0,891,1,6,8,1,1,0
SYN00045,218,-3,869,0,6,8,1,1,0
SYN00045,219,-1,859,1,6,8,1,1,0
SYN00045,220,-1,852,0,6,8,1,1,0
SYN00045,221,-1,852,0,6,8,1,1,0
SYN00045,222,-1,831,1,6,8,1,1,0
SYN00045,223,-1,831,1,6,8,1,1,0
SYN00045,224,-4,812,0,6,8,1,1,0
SYN00045,225,-2,799,1,6,8,1,1,0
SYN00045,226,-2,780,0,6,8,1,1,0
SYN00045,227,-2,780,0,6,8,1,1,0
SYN00045,228,-2,770,1,6,8,1,1,0
SYN00045,229,-2,770,1,6,8,1,1,0
SYN00045,230,-4,749,0,6,8,1,1,0
SYN00045,231,-2,743,1,6,8,1,1,0
SYN00045,232,-2,730,0,6,8,1,1,0
SYN00045,233,-2,730,0,6,8,1,1,0
SYN00045,234,1,720,1,6,8,1,1,0
SYN00045,235,1,720,0,6,8,1,1,0
SYN00045,236,1,720,0,6,8,1,1,0
SYN00045,237,1,702,0,6,8,1,1,0
SYN00045,238,1,702,0,6,8,1,1,0
SYN00045,239,1,696,1,6,8,1,1,0
SYN00045,240,1,696,1,6,8,1,1,0
SYN00045,241,1,681,0,6,8,1,1,0
SYN00045,242,1,666,1,6,9,1,1,0
SYN00045,243,1,651,0,6,9,1,1,0
SYN00045,244,1,651,0,6,9,1,1,0
SYN00045,245,3,643,1,6,9,1,1,0
SYN00045,246,0,630,0,6,9,1,1,0
SYN00045,247,2,607,1,6,9,1,1,0
SYN00045,248,2,600,0,6,9,1,1,0
SYN00045,249,2,600,0,6,9,1,1,0
SYN00045,250,2,576,1,6,9,1,1,0
SYN00045,251,2,576,1,6,9,1,1,0
SYN00045,252,2,554,0,6,9,1,1,0
SYN00045,253,2,554,0,6,9,1,1,0
SYN00045,254,2,539,1,6,9,1,1,0
SYN00045,255,2,539,1,6,9,1,1,0
SYN00045,256,2,531,0,6,9,1,1,0
SYN00045,257,2,531,0,6,9,1,1,0
SYN00045,258,2,508,1,6,9,1,1,0
SYN00045,259,0,503,0,6,9,1,1,0
SYN00045,260,0,491,1,6,9,1,1,0
SYN00045,261,0,475,0,7,9,1,1,0
SYN00045,262,0,465,1,7,9,1,1,0
SYN00045,263,0,465,1,7,9,1,1,0
SYN00045,264,0,445,0,7,9,1,1,0
SYN00045,265,0,445,0,7,9,1,1,0
SYN00045,266,2,439,1,7,9,1,1,0
SYN00045,267,2,419,0,7,9,1,1,0
SYN00045,268,2,419,0,7,9,1,1,0
SYN00045,269,2,410,1,7,9,1,1,0
SYN00045,270,2,410,1,7,9,1,1,0
SYN00045,271,0,389,0,7,9,1,1,0
SYN00045,272,2,379,1,7,9,1,1,0
SYN00045,273,2,368,0,8,9,1,1,0
SYN00045,274,2,351,1,8,9,1,1,0
SYN00045,275,2,351,1,8,9,1,1,0
SYN00045,276,0,342,0,8,9,1,1,0
SYN00045,277,0,328,1,8,9,1,1,0
SYN00045,278,-3,308,0,8,9,1,1,0
SYN00045,279,-3,285,1,8,10,1,1,0
SYN00045,280,-5,276,0,8,10,1,1,0
SYN00045,281,-5,271,1,8,10,1,1,0
SYN00045,282,-5,271,1,8,10,1,1,0
SYN00045,283,-8,257,0,8,10,1,1,0
SYN00045,284,-6,245,1,8,10,1,1,0
SYN00045,285,-8,224,0,8,10,1,1,0
SYN00045,286,-8,200,1,8,10,1,1,0
SYN00045,287,-8,200,1,8,10,1,1,0
SYN00045,288,-10,189,0,8,10,1,1,0
SYN00045,289,-10,176,1,8,10,1,1,0
SYN00045,290,-10,152,0,8,10,1,1,0
SYN00045,291,-10,152,0,8,10,1,1,0
SYN00045,292,-10,131,1,8,10,1,1,0
SYN00045,293,-10,131,1,8,10,1,1,0
SYN00045,294,-12,125,0,8,10,1,1,0
SYN00045,295,-10,105,1,8,10,1,1,0
SYN00045,296,-13,91,0,8,10,1,1,0
SYN00045,297,-11,71,1,8,10,1,1,0
SYN00045,298,-13,66,0,8,10,1,1,0
SYN00045,299,-13,59,1,8,10,1,1,0
SYN00045,300,-13,59,1,8,10,1,1,0
SYN00045,301,-15,50,0,8,10,1,1,0
SYN00045,302,-15,32,1,8,10,1,1,0
SYN00045,303,-15,32,1,8,10,1,1,0
SYN00045,304,-17,11,0,8,10,1,1,0
SYN00045,305,-17,0,1,8,10,1,1,0
SYN00045,306,-17,0,1,8,10,1,1,0
SYN00045,307,-17,0,0,8,10,1,1,0
SYN00046,1,0,2880,1,0,0,0,0,0
SYN00046,2,2,2857,1,0,0,0,0,0
SYN00046,3,0,2837,0,0,0,0,0,0
SYN00046,4,0,2816,1,0,0,0,0,0
SYN00046,5,0,2816,1,0,0,0,0,0
SYN00046,6,0,2797,0,0,0,0,0,0
SYN00046,7,0,2797,0,0,0,0,0,0
SYN00046,8,3,2786,1,0,0,0,0,0
SYN00046,9,3,2771,0,0,0,0,0,0
SYN00046,10,3,2771,0,0,0,0,0,0
SYN00046,11,5,2748,1,0,0,0,0,0
SYN00046,12,2,2731,0,0,0,0,0,0
SYN00046,13,2,2707,1,0,0,0,0,0
SYN00046,14,2,2707,1,0,0,0,0,0
SYN00046,15,2,2695,0,1,0,0,0,0
SYN00046,16,4,2677,1,1,0,0,0,0
SYN00046,17,4,2664,0,1,0,0,0,0
SYN00046,18,4,2664,0,1,0,0,0,0
SYN00046,19,4,2658,1,1,0,0,0,0
SYN00046,20,4,2658,1,1,0,0,0,0
SYN00046,21,4,2651,0,1,0,0,0,0
SYN00046,22,4,2629,1,1,0,0,0,0
SYN00046,23,4,2629,1,1,0,0,0,0
SYN00046,24,2,2614,0,1,0,0,0,0
SYN00046,25,2,2602,1,1,0,0,0,0
SYN00046,26,2,2602,1,1,0,0,0,0
SYN00046,27,2,2593,0,1,0,0,0,0
SYN00046,28,2,2593,0,1,0,0,0,0
SYN00046,29,2,2586,1,1,0,0,0,0
SYN00046,30,2,2586,1,1,0,0,0,0
SYN00046,31,2,2563,0,1,0,0,0,0
SYN00046,32,2,2563,0,1,0,0,0,0
SYN00046,33,4,2554,1,1,0,0,0,0
SYN00046,34,4,2539,0,1,0,0,0,0
SYN00046,35,4,2539,0,1,0,0,0,0
SYN00046,36,6,2525,1,1,0,0,0,0
SYN00046,37,3,2514,0,1,0,0,0,0
SYN00046,38,5,2507,1,1,0,0,0,0
SYN00046,39,3,2499,0,1,0,0,0,0
SYN00046,40,5,2479,1,1,0,0,0,0
SYN00046,41,5,2461,0,1,0,0,0,0
SYN00046,42,5,2461,0,1,0,0,0,0
SYN00046,43,5,2449,1,1,0,0,0,0
SYN00046,44,5,2449,1,1,0,0,0,0
SYN00046,45,5,2434,0,2,0,0,0,0
SYN00046,46,5,2416,1,2,0,0,0,0
SYN00046,47,5,2416,1,2,0,0,0,0
SYN00046,48,5,2401,0,2,0,0,0,0
SYN00046,49,5,2401,0,2,0,0,0,0
SYN00046,50,5,2392,1,2,0,0,0,0
SYN00046,51,3,2374,0,2,0,0,0,0
SYN00046,52,6,2367,1,2,0,0,0,0
SYN00046,53,6,2353,0,3,0,0,0,0
SYN00046,54,6,2347,1,3,0,0,0,0
SYN00046,55,6,2347,1,3,0,0,0,0
SYN00046,56,6,2335,0,3,0,0,0,0
SYN00046,57,6,2312,1,3,0,0,0,0
SYN00046,58,6,2312,1,3,0,0,0,0
SYN00046,59,6,2300,0,3,0,0,0,0
SYN00046,60,6,2282,1,3,0,0,0,0
SYN00046,61,6,2282,1,3,0,0,0,0
SYN00046,62,6,2276,0,3,0,0,0,0
SYN00046,63,6,2276,0,3,0,0,0,0
SYN00046,64,6,2257,1,3,0,0,0,0
SYN00046,65,6,2257,1,3,0,0,0,0
SYN00046,66,3,2233,0,3,0,0,0,0
SYN00046,67,5,2212,1,3,0,0,0,0
SYN00046,68,5,2194,0,4,0,0,0,0
SYN00046,69,5,2185,1,4,0,0,0,0
SYN00046,70,5,2185,1,4,0,0,0,0
SYN00046,71,5,2170,0,4,0,0,0,0
SYN00046,72,5,2170,0,4,0,0,0,0
SYN00046,73,8,2163,1,4,0,0,0,0
SYN00046,74,8,2160,0,5,0,1,0,0
SYN00046,75,8,2160,1,5,0,1,0,0
SYN00046,76,8,2160,1,5,0,1,0,0
SYN00046,77,10,2150,1,5,0,1,0,0
SYN00046,78,10,2129,0,5,0,1,0,0
SYN00046,79,10,2129,0,5,0,1,0,0
SYN00046,80,10,2116,1,5,1,1,0,0
SYN00046,81,10,2103,0,5,1,1,0,0
SYN00046,82,10,2103,0,5,1,1,0,0
SYN00046,83,10,2097,1,5,2,1,0,0
SYN00046,84,8,2084,0,5,2,1,0,0
SYN00046,85,8,2073,1,5,2,1,0,0
SYN00046,86,6,2051,0,5,2,1,0,0
SYN00046,87,6,2044,1,5,2,1,0,0
SYN00046,88,6,2044,1,5,2,1,0,0
SYN00046,89,6,2025,0,5,2,1,0,0
SYN00046,90,6,2025,0,5,2,1,0,0
SYN00046,91,9,2006,1,5,2,1,0,0
SYN00046,92,9,1995,0,5,2,1,0,0
SYN00046,93,9,1995,0,5,2,1,0,0
SYN00046,94,12,1987,1,5,2,1,0,0
SYN00046,95,12,1979,0,5,2,1,0,0
SYN00046,96,12,1979,0,5,2,1,0,0
SYN00046,97,12,1964,1,5,2,1,0,0
SYN00046,98,12,1964,1,5,2,1,0,0
SYN00046,99,12,1947,0,6,2,1,0,0
SYN00046,100,12,1925,1,6,2,1,0,0
SYN00046,101,10,1905,0,6,2,1,0,0
SYN00046,102,10,1882,1,6,2,1,0,0
SYN00046,103,10,1882,1,6,2,1,0,0
SYN00046,104,8,1871,0,6,2,1,0,0
SYN00046,105,8,1849,1,6,2,1,0,0
SYN00046,106,8,1849,1,6,2,1,0,0
SYN00046,107,6,1844,0,6,2,1,0,0
SYN00046,108,8,1836,1,6,2,1,0,0
SYN00046,109,8,1817,0,6,2,1,0,0
SYN00046,110,8,1817,0,6,2,1,0,0
SYN00046,111,8,1802,1,6,2,1,0,0
SYN00046,112,8,1802,1,6,2,1,0,0
SYN00046,113,8,1795,0,6,2,1,0,0
SYN00046,114,8,1795,0,6,2,1,0,0
SYN00046,115,8,1780,1,6,2,1,0,0
SYN00046,116,8,1780,1,6,2,1,0,0
SYN00046,117,6,1764,0,6,2,1,0,0
SYN00046,118,6,1758,1,6,2,1,0,0
SYN00046,119,6,1758,1,6,2,1,0,0
SYN00046,120,4,1734,0,6,2,1,0,0
SYN00046,121,4,1710,1,6,2,1,0,0
SYN00046,122,4,1710,1,6,2,1,0,0
SYN00046,123,4,1696,0,6,2,1,0,0
SYN00046,124,4,1696,0,6,2,1,0,0
SYN00046,125,4,1677,1,6,2,1,0,0
SYN00046,126,4,1677,1,6,2,1,0,0
SYN00046,127,2,1667,0,6,2,1,0,0
SYN00046,128,2,1649,1,6,2,1,0,0
SYN00046,129,2,1649,1,6,2,1,0,0
SYN00046,130,2,1626,0,6,2,1,0,0
SYN00046,131,2,1626,0,6,2,1,0,0
SYN00046,132,2,1616,1,6,2,1,0,0
SYN00046,133,2,1616,1,6,2,1,0,0
SYN00046,134,2,1610,0,6,2,1,0,0
SYN00046,135,2,1610,0,6,2,1,0,0
SYN00046,136,2,1599,1,6,2,1,0,0
SYN00046,137,2,1599,1,6,2,1,0,0
SYN00046,138,2,1576,0,6,2,1,0,0
SYN00046,139,2,1576,0,6,2,1,0,0
SYN00046,140,4,1569,1,6,2,1,0,0
SYN00046,141,2,1552,0,6,2,1,0,0
SYN00046,142,2,1536,1,6,2,1,0,0
SYN00046,143,2,1536,1,6,2,1,0,0
SYN00046,144,2,1520,0,6,2,1,0,0
SYN00046,145,2,1520,0,6,2,1,0,0
SYN00046,146,2,1505,1,6,2,1,0,0
SYN00046,147,2,1505,1,6,2,1,0,0
SYN00046,148,2,1500,0,6,2,1,0,0
SYN00046,149,2,1500,0,6,2,1,0,0
SYN00046,150,2,1480,1,6,2,1,0,0
SYN00046,151,2,1480,1,6,2,1,0,0
SYN00046,152,2,1463,0,6,2,1,0,0
SYN00046,153,2,1463,0,6,2,1,0,0
SYN00046,154,2,1445,1,6,2,1,0,0
SYN00046,155,2,1445,1,6,2,1,0,0
SYN00046,156,2,1440,0,6,2,1,0,0
SYN00046,157,2,1440,0,6,2,1,0,0
SYN00046,158,2,1440,1,6,2,1,0,0
SYN00046,159,2,1440,1,6,2,1,0,0
SYN00046,160,2,1427,1,6,2,1,0,0
SYN00046,161,2,1427,1,6,2,1,0,0
SYN00046,162,0,1410,0,6,2,1,0,0
SYN00046,163,0,1386,1,6,2,1,0,0
SYN00046,164,0,1386,1,6,2,1,0,0
SYN00046,165,-2,1372,0,6,2,1,0,0
SYN00046,166,-2,1350,1,6,2,1,0,0
SYN00046,167,-2,1350,1,6,2,1,0,0
SYN00046,168,-2,1342,0,6,2,1,0,0
SYN00046,169,-2,1342,0,6,2,1,0,0
SYN00046,170,0,1322,1,6,2,1,0,0
SYN00046,171,-3,1307,0,6,2,1,0,0
SYN00046,172,-3,1289,1,6,2,1,0,0
SYN00046,173,-3,1289,1,6,2,1,0,0
SYN00046,174,-3,1271,0,6,2,1,0,0
SYN00046,175,-3,1271,0,6,2,1,0,0
SYN00046,176,-3,1259,1,6,2,1,0,0
SYN00046,177,-3,1259,1,6,2,1,0,0
SYN00046,178,-3,1246,0,6,2,1,0,0
SYN00046,179,-3,1246,0,6,2,1,0,0
SYN00046,180,-3,1241,1,6,2,1,0,0
SYN00046,181,-5,1218,0,6,2,1,0,0
SYN00046,182,-3,1203,1,6,2,1,0,0
SYN00046,183,-5,1198,0,6,2,1,0,0
SYN00046,184,-5,1193,1,6,3,1,0,0
SYN00046,185,-5,1179,0,6,3,1,0,0
SYN00046,186,-5,1179,0,6,3,1,0,0
SYN00046,187,-5,1162,1,6,3,1,0,0
SYN00046,188,-5,1162,1,6,3,1,0,0
SYN00046,189,-7,1145,0,6,3,1,0,0
SYN00046,190,-7,1122,1,6,3,1,0,0
SYN00046,191,-7,1122,1,6,3,1,0,0
SYN00046,192,-7,1098,0,6,3,1,0,0
SYN00046,193,-7,1098,0,6,3,1,0,0
SYN00046,194,-7,1084,1,6,3,1,0,0
SYN00046,195,-7,1084,1,6,3,1,0,0
SYN00046,196,-7,1063,0,6,3,1,0,0
SYN00046,197,-7,1063,0,6,3,1,0,0
SYN00046,198,-7,1039,1,6,3,1,0,0
SYN00046,199,-7,1039,1,6,3,1,0,0
SYN00046,200,-7,1030,0,6,3,1,0,0
SYN00046,201,-7,1030,0,6,3,1,0,0
SYN00046,202,-7,1023,1,6,4,1,0,0
SYN00046,203,-9,1007,0,6,4,1,0,0
SYN00046,204,-9,986,1,6,4,1,0,0
SYN00046,205,-9,986,1,6,4,1,0,0
SYN00046,206,-9,978,0,6,4,1,0,0
SYN00046,207,-7,967,1,6,4,1,0,0
SYN00046,208,-7,962,0,6,4,1,0,0
SYN00046,209,-7,962,0,6,4,1,0,0
SYN00046,210,-7,941,1,6,4,1,0,0
SYN00046,211,-7,941,1,6,4,1,0,0
SYN00046,212,-7,931,0,7,4,1,0,0
SYN00046,213,-5,915,1,7,4,1,0,0
SYN00046,214,-5,900,0,7,4,1,0,0
SYN00046,215,-5,900,0,7,4,1,0,0
SYN00046,216,-5,890,1,7,5,1,1,0
SYN00046,217,-5,879,0,7,5,1,1,0
SYN00046,218,-5,879,0,7,5,1,1,0
SYN00046,219,-3,869,1,7,5,1,1,0
SYN00046,220,-3,847,0,7,5,1,1,0
SYN00046,221,-3,847,0,7,5,1,1,0
SYN00046,222,-3,827,1,7,5,1,1,0
SYN00046,223,-3,827,1,7,5,1,1,0
SYN00046,224,-3,806,0,7,5,1,1,0
SYN00046,225,-3,806,0,7,5,1,1,0
SYN00046,226,-1,799,1,7,5,1,1,0
SYN00046,227,-1,780,0,7,5,1,1,0
SYN00046,228,-1,772,1,7,6,1,1,0
SYN00046,229,-1,748,0,7,6,1,1,0
SYN00046,230,-1,748,0,7,6,1,1,0
SYN00046,231,-1,731,1,7,6,1,1,0
SYN00046,232,-3,720,0,7,6,1,1,0
SYN00046,233,-3,720,1,7,6,1,1,0
SYN00046,234,-3,720,1,7,6,1,1,0
SYN00046,235,-3,710,1,7,6,1,1,0
SYN00046,236,-3,704,0,7,6,1,1,0
SYN00046,237,-3,704,0,7,6,1,1,0
SYN00046,238,-3,698,1,7,7,1,1,0
SYN00046,239,-3,688,0,7,7,1,1,0
SYN00046,240,-3,688,0,7,7,1,1,0
SYN00046,241,-3,679,1,7,8,1,1,0
SYN00046,242,-5,673,0,7,8,1,1,0
SYN00046,243,-5,665,1,7,8,1,1,0
SYN00046,244,-5,665,1,7,8,1,1,0
SYN00046,245,-7,659,0,7,8,1,1,0
SYN00046,246,-7,653,1,7,8,1,1,0
SYN00046,247,-7,640,0,7,8,1,1,0
SYN00046,248,-7,640,0,7,8,1,1,0
SYN00046,249,-7,629,1,7,9,1,1,0
SYN00046,250,-10,617,0,7,9,1,1,0
SYN00046,251,-10,605,1,7,9,1,1,0
SYN00046,252,-10,596,0,7,9,1,1,0
SYN00046,253,-10,596,0,7,9,1,1,0
SYN00046,254,-10,584,1,7,9,1,1,0
SYN00046,255,-10,584,1,7,9,1,1,0
SYN00046,256,-10,572,0,8,9,1,1,0
SYN00046,257,-10,549,1,8,10,1,1,0
SYN00046,258,-13,540,0,8,10,1,1,0
SYN00046,259,-13,534,1,8,10,1,1,0
SYN00046,260,-15,515,0,8,10,1,1,0
SYN00046,261,-12,509,1,8,10,1,1,0
SYN00046,262,-12,497,0,8,10,1,1,0
SYN00046,263,-10,477,1,8,10,1,1,0
SYN00046,264,-12,463,0,8,10,1,1,0
SYN00046,265,-12,446,1,8,10,1,1,0
SYN00046,266,-12,427,0,9,10,1,1,0
SYN00046,267,-12,408,1,9,10,1,1,0
SYN00046,268,-12,408,1,9,10,1,1,0
SYN00046,269,-15,385,0,9,10,1,1,0
SYN00046,270,-13,364,1,9,10,1,1,0
SYN00046,271,-15,356,0,9,10,1,1,0
SYN00046,272,-15,341,1,9,10,1,1,0
SYN00046,273,-15,341,1,9,10,1,1,0
SYN00046,274,-18,335,0,9,10,1,1,0
SYN00046,275,-18,313,1,9,10,1,1,0
SYN00046,276,-18,313,1,9,10,1,1,0
SYN00046,277,-20,296,0,9,10,1,1,0
SYN00046,278,-18,275,1,9,10,1,1,0
SYN00046,279,-18,252,0,9,10,1,1,0
SYN00046,280,-18,252,0,9,10,1,1,0
SYN00046,281,-18,242,1,9,10,1,1,0
SYN00046,282,-18,242,1,9,10,1,1,0
SYN00046,283,-18,227,0,10,10,1,1,0
SYN00046,284,-18,218,1,10,10,1,1,0
SYN00046,285,-18,218,1,10,10,1,1,0
SYN00046,286,-18,206,0,10,10,1,1,0
SYN00046,287,-16,196,1,10,10,1,1,0
SYN00046,288,-16,187,0,10,10,1,1,0
SYN00046,289,-16,187,0,10,10,1,1,0
SYN00046,290,-16,165,1,10,10,1,1,0
SYN00046,291,-16,165,1,10,10,1,1,0
SYN00046,292,-16,141,0,10,10,1,1,0
SYN00046,293,-16,141,0,10,10,1,1,0
SYN00046,294,-16,117,1,10,10,1,1,0
SYN00046,295,-16,117,1,10,10,1,1,0
SYN00046,296,-18,112,0,10,10,1,1,0
SYN00046,297,-18,88,1,10,10,1,1,0
SYN00046,298,-18,88,1,10,10,1,1,0
SYN00046,299,-18,71,0,10,10,1,1,0
SYN00046,300,-18,71,0,10,10,1,1,0
SYN00046,301,-18,48,1,10,11,1,1,0
SYN00046,302,-20,30,0,10,11,1,1,0
SYN00046,303,-20,6,1,10,11,1,1,0
SYN00046,304,-20,6,1,10,11,1,1,0
SYN00046,305,-23,0,0,10,11,1,1,0
SYN00046,306,-23,0,1,10,11,1,1,0
SYN00047,1,0,2880,0,0,0,0,0,0
SYN00047,2,0,2868,0,0,0,0,0,0
SYN00047,3,0,2868,0,0,0,0,0,0
SYN00047,4,0,2861,1,0,0,0,0,0
SYN00047,5,0,2861,1,0,0,0,0,0
SYN00047,6,0,2837,0,0,0,0,0,0
SYN00047,7,0,2837,0,0,0,0,0,0
SYN00047,8,0,2829,1,0,1,0,0,0
SYN00047,9,-2,2810,0,0,1,0,0,0
SYN00047,10,0,2793,1,0,1,0,0,0
SYN00047,11,-3,2773,0,0,1,0,0,0
SYN00047,12,-1,2750,1,0,1,0,0,0
SYN00047,13,-1,2744,0,0,1,0,0,0
SYN00047,14,-1,2744,0,0,1,0,0,0
SYN00047,15,1,2721,1,0,1,0,0,0
SYN00047,16,1,2698,0,0,1,0,0,0
SYN00047,17,1,2680,1,0,1,0,0,0
SYN00047,18,1,2680,1,0,1,0,0,0
SYN00047,19,-1,2661,0,0,1,0,0,0
SYN00047,20,1,2640,1,0,1,0,0,0
SYN00047,21,1,2635,0,0,1,0,0,0
SYN00047,22,1,2635,0,0,1,0,0,0
SYN00047,23,1,2620,1,0,1,0,0,0
SYN00047,24,1,2620,1,0,1,0,0,0
SYN00047,25,-2,2612,0,0,1,0,0,0
SYN00047,26,-2,2606,1,0,1,0,0,0
SYN00047,27,-2,2606,1,0,1,0,0,0
SYN00047,28,-2,2597,0,1,1,0,0,0
SYN00047,29,0,2586,1,1,1,0,0,0
SYN00047,30,0,2567,0,1,1,0,0,0
SYN00047,31,0,2567,0,1,1,0,0,0
SYN00047,32,0,2551,1,1,1,0,0,0
SYN00047,33,0,2551,1,1,1,0,0,0
SYN00047,34,0,2545,0,1,1,0,0,0
SYN00047,35,0,2545,0,1,1,0,0,0
SYN00047,36,0,2532,1,1,1,0,0,0
SYN00047,37,0,2532,1,1,1,0,0,0
SYN00047,38,-2,2521,0,1,1,0,0,0
SYN00047,39,-2,2500,1,1,1,0,0,0
SYN00047,40,-2,2480,0,1,1,0,0,0
SYN00047,41,-2,2480,0,1,1,0,0,0
SYN00047,42,0,2462,1,1,1,0,0,0
SYN00047,43,-2,2438,0,1,1,0,0,0
SYN00047,44,-2,2424,1,1,1,0,0,0
SYN00047,45,-2,2413,0,1,1,0,0,0
SYN00047,46,-2,2413,0,1,1,0,0,0
SYN00047,47,-2,2407,1,1,1,0,0,0
SYN00047,48,-2,2407,1,1,1,0,0,0
SYN00047,49,-2,2391,0,2,1,0,0,0
SYN00047,50,-2,2367,1,2,1,0,0,0
SYN00047,51,-2,2367,1,2,1,0,0,0
SYN00047,52,-4,2357,0,2,1,0,0,0
SYN00047,53,-4,2341,1,2,2,0,0,0
SYN00047,54,-4,2317,0,2,2,0,0,0
SYN00047,55,-4,2317,0,2,2,0,0,0
SYN00047,56,-4,2299,1,2,2,0,0,0
SYN00047,57,-4,2299,1,2,2,0,0,0
SYN00047,58,-4,2287,0,2,2,0,0,0
SYN00047,59,-4,2287,0,2,2,0,0,0
SYN00047,60,-4,2280,1,2,2,0,0,0
SYN00047,61,-6,2265,0,2,2,0,0,0
SYN00047,62,-6,2251,1,2,2,0,0,0
SYN00047,63,-6,2251,1,2,2,0,0,0
SYN00047,64,-9,2246,0,2,2,0,0,0
SYN00047,65,-9,2222,1,2,2,0,0,0
SYN00047,66,-9,2222,1,2,2,0,0,0
SYN00047,67,-9,2202,0,2,2,0,0,0
SYN00047,68,-9,2202,0,2,2,0,0,0
SYN00047,69,-9,2196,1,2,3,0,0,0
SYN00047,70,-9,2174,0,2,3,0,0,0
SYN00047,71,-9,2174,0,2,3,0,0,0
SYN00047,72,-7,2160,1,2,3,0,0,0
SYN00047,73,-7,2160,0,2,3,0,0,0
SYN00047,74,-7,2160,0,2,3,0,0,0
SYN00047,75,-7,2136,0,2,3,0,0,0
SYN00047,76,-7,2136,0,2,3,0,0,0
SYN00047,77,-4,2128,1,2,3,0,0,0
SYN00047,78,-4,2118,0,2,3,0,0,0
SYN00047,79,-4,2118,0,2,3,0,0,0
SYN00047,80,-4,2098,1,2,3,0,0,0
SYN00047,81,-4,2098,1,2,3,0,0,0
SYN00047,82,-6,2087,0,2,3,0,0,0
SYN00047,83,-6,2081,1,2,3,0,0,0
SYN00047,84,-6,2062,0,2,3,0,0,0
SYN00047,85,-6,2062,0,2,3,0,0,0
SYN00047,86,-6,2057,1,2,3,0,0,0
SYN00047,87,-6,2057,1,2,3,0,0,0
SYN00047,88,-6,2047,0,2,3,0,0,0
SYN00047,89,-6,2047,0,2,3,0,0,0
SYN00047,90,-6,2030,1,2,3,0,0,0
SYN00047,91,-6,2009,0,2,3,0,0,0
SYN00047,92,-6,2009,0,2,3,0,0,0
SYN00047,93,-6,2004,1,2,4,0,0,0
SYN00047,94,-8,1999,0,2,4,0,0,0
SYN00047,95,-6,1985,1,2,4,0,0,0
SYN00047,96,-9,1967,0,2,4,0,0,0
SYN00047,97,-7,1954,1,2,4,0,0,0
SYN00047,98,-7,1949,0,2,4,0,0,0
SYN00047,99,-7,1949,0,2,4,0,0,0
SYN00047,100,-7,1939,1,2,5,0,1,0
SYN00047,101,-7,1919,0,2,5,0,1,0
SYN00047,102,-7,1919,0,2,5,0,1,0
SYN00047,103,-4,1900,1,2,5,0,1,0
SYN00047,104,-6,1889,0,2,5,0,1,0
SYN00047,105,-6,1876,1,2,5,0,1,0
SYN00047,106,-8,1861,0,2,5,0,1,0
SYN00047,107,-6,1854,1,2,5,0,1,0
SYN00047,108,-6,1847,0,3,5,0,1,0
SYN00047,109,-6,1832,1,3,5,0,1,0
SYN00047,110,-6,1832,1,3,5,0,1,0
SYN00047,111,-6,1809,0,3,5,0,1,0
SYN00047,112,-6,1809,0,3,5,0,1,0
SYN00047,113,-4,1796,1,3,5,0,1,0
SYN00047,114,-4,1780,0,4,5,0,1,0
SYN00047,115,-4,1766,1,4,5,0,1,0
SYN00047,116,-6,1742,0,4,5,0,1,0
SYN00047,117,-6,1722,1,4,5,0,1,0
SYN00047,118,-8,1716,0,4,5,0,1,0
SYN00047,119,-8,1710,1,4,5,0,1,0
SYN00047,120,-8,1710,1,4,5,0,1,0
SYN00047,121,-8,1695,0,5,5,1,1,0
SYN00047,122,-6,1688,1,5,5,1,1,0
SYN00047,123,-8,1682,0,5,5,1,1,0
SYN00047,124,-5,1665,1,5,5,1,1,0
SYN00047,125,-7,1642,0,5,5,1,1,0
SYN00047,126,-7,1630,1,5,5,1,1,0
SYN00047,127,-10,1618,0,5,5,1,1,0
SYN00047,128,-10,1607,1,5,5,1,1,0
SYN00047,129,-10,1607,1,5,5,1,1,0
SYN00047,130,-12,1588,0,5,5,1,1,0
SYN00047,131,-12,1583,1,5,5,1,1,0
SYN00047,132,-12,1583,1,5,5,1,1,0
SYN00047,133,-12,1568,0,5,5,1,1,0
SYN00047,134,-12,1568,0,5,5,1,1,0
SYN00047,135,-12,1556,1,5,5,1,1,0
SYN00047,136,-12,1545,0,5,5,1,1,0
SYN00047,137,-12,1522,1,5,5,1,1,0
SYN00047,138,-12,1522,1,5,5,1,1,0
SYN00047,139,-12,1508,0,5,5,1,1,0
SYN00047,140,-12,1494,1,5,5,1,1,0
SYN00047,141,-12,1494,1,5,5,1,1,0
SYN00047,142,-14,1479,0,5,5,1,1,0
SYN00047,143,-14,1467,1,5,5,1,1,0
SYN00047,144,-14,1467,1,5,5,1,1,0
SYN00047,145,-14,1454,0,5,5,1,1,0
SYN00047,146,-14,1454,0,5,5,1,1,0
SYN00047,147,-14,1440,1,5,5,1,1,0
SYN00047,148,-14,1440,0,5,5,1,1,0
SYN00047,149,-14,1440,0,5,5,1,1,0
SYN00047,150,-16,1424,0,5,5,1,1,0
SYN00047,151,-14,1412,1,5,5,1,1,0
SYN00047,152,-14,1389,0,5,5,1,1,0
SYN00047,153,-14,1389,0,5,5,1,1,0
SYN00047,154,-12,1380,1,5,5,1,1,0
SYN00047,155,-12,1359,0,5,5,1,1,0
SYN00047,156,-12,1359,0,5,5,1,1,0
SYN00047,157,-9,1343,1,5,5,1,1,0
SYN00047,158,-11,1337,0,5,5,1,1,0
SYN00047,159,-11,1313,1,5,5,1,1,0
SYN00047,160,-11,1313,1,5,5,1,1,0
SYN00047,161,-11,1305,0,5,5,1,1,0
SYN00047,162,-11,1294,1,5,5,1,1,0
SYN00047,163,-11,1294,1,5,5,1,1,0
SYN00047,164,-11,1285,0,5,5,1,1,0
SYN00047,165,-11,1285,0,5,5,1,1,0
SYN00047,166,-11,1268,1,5,5,1,1,0
SYN00047,167,-11,1268,1,5,5,1,1,0
SYN00047,168,-11,1250,0,5,5,1,1,0
SYN00047,169,-11,1250,0,5,5,1,1,0
SYN00047,170,-11,1234,1,5,5,1,1,0
SYN00047,171,-11,1234,1,5,5,1,1,0
SYN00047,172,-11,1216,0,5,5,1,1,0
SYN00047,173,-11,1216,0,5,5,1,1,0
SYN00047,174,-11,1196,1,5,5,1,1,0
SYN00047,175,-11,1196,1,5,5,1,1,0
SYN00047,176,-11,1174,0,5,5,1,1,0
SYN00047,177,-11,1174,0,5,5,1,1,0
SYN00047,178,-11,1150,1,5,6,1,1,0
SYN00047,179,-11,1145,0,5,6,1,1,0
SYN00047,180,-11,1145,0,5,6,1,1,0
SYN00047,181,-11,1123,1,5,6,1,1,0
SYN00047,182,-11,1123,1,5,6,1,1,0
SYN00047,183,-11,1113,0,5,6,1,1,0
SYN00047,184,-11,1113,0,5,6,1,1,0
SYN00047,185,-11,1096,1,5,6,1,1,0
SYN00047,186,-11,1072,0,5,6,1,1,0
SYN00047,187,-11,1072,0,5,6,1,1,0
SYN00047,188,-11,1055,1,5,6,1,1,0
SYN00047,189,-11,1055,1,5,6,1,1,0
SYN00047,190,-11,1039,0,6,6,1,1,0
SYN00047,191,-11,1015,1,6,6,1,1,0
SYN00047,192,-11,1015,1,6,6,1,1,0
SYN00047,193,-11,1003,0,6,6,1,1,0
SYN00047,194,-11,1003,0,6,6,1,1,0
SYN00047,195,-8,996,1,6,6,1,1,0
SYN00047,196,-10,985,0,6,6,1,1,0
SYN00047,197,-10,979,1,6,6,1,1,0
SYN00047,198,-10,979,1,6,6,1,1,0
SYN00047,199,-10,973,0,6,6,1,1,0
SYN00047,200,-10,973,0,6,6,1,1,0
SYN00047,201,-10,951,1,6,6,1,1,0
SYN00047,202,-10,951,1,6,6,1,1,0
SYN00047,203,-10,946,0,6,6,1,1,0
SYN00047,204,-10,946,0,6,6,1,1,0
SYN00047,205,-10,930,1,6,7,1,1,0
SYN00047,206,-13,915,0,6,7,1,1,0
SYN00047,207,-10,903,1,6,7,1,1,0
SYN00047,208,-13,884,0,6,7,1,1,0
SYN00047,209,-11,860,1,6,7,1,1,0
SYN00047,210,-11,838,0,6,7,1,1,0
SYN00047,211,-11,838,0,6,7,1,1,0
SYN00047,212,-11,818,1,6,7,1,1,0
SYN00047,213,-11,818,1,6,7,1,1,0
SYN00047,214,-11,804,0,7,7,1,1,0
SYN00047,215,-11,785,1,7,7,1,1,0
SYN00047,216,-11,785,1,7,7,1,1,0
SYN00047,217,-11,776,0,7,7,1,1,0
SYN00047,218,-11,776,0,7,7,1,1,0
SYN00047,219,-9,752,1,7,7,1,1,0
SYN00047,220,-9,730,0,7,7,1,1,0
SYN00047,221,-9,730,0,7,7,1,1,0
SYN00047,222,-7,720,1,7,7,1,1,0
SYN00047,223,-7,720,0,7,7,1,1,0
SYN00047,224,-7,720,0,7,7,1,1,0
SYN00047,225,-9,713,0,7,7,1,1,0
SYN00047,226,-6,703,1,7,7,1,1,0
SYN00047,227,-6,686,0,8,7,1,1,0
SYN00047,228,-6,681,1,8,7,1,1,0
SYN00047,229,-6,681,1,8,7,1,1,0
SYN00047,230,-6,675,0,9,7,1,1,0
SYN00047,231,-6,657,1,9,7,1,1,0
SYN00047,232,-6,657,1,9,7,1,1,0
SYN00047,233,-8,647,0,9,7,1,1,0
SYN00047,234,-6,625,1,9,7,1,1,0
SYN00047,235,-6,609,0,10,7,1,1,0
SYN00047,236,-6,602,1,10,7,1,1,0
SYN00047,237,-6,602,1,10,7,1,1,0
SYN00047,238,-6,585,0,10,7,1,1,0
SYN00047,239,-6,585,0,10,7,1,1,0
SYN00047,240,-6,576,1,10,7,1,1,0
SYN00047,241,-6,576,1,10,7,1,1,0
SYN00047,242,-6,559,0,11,7,1,1,0
SYN00047,243,-6,544,1,11,7,1,1,0
SYN00047,244,-6,544,1,11,7,1,1,0
SYN00047,245,-6,525,0,11,7,1,1,0
SYN00047,246,-6,525,0,11,7,1,1,0
SYN00047,247,-4,510,1,11,7,1,1,0
SYN00047,248,-4,492,0,11,7,1,1,0
SYN00047,249,-4,468,1,11,8,1,1,0
SYN00047,250,-4,453,0,11,8,1,1,0
SYN00047,251,-4,453,0,11,8,1,1,0
SYN00047,252,-4,436,1,11,8,1,1,0
SYN00047,253,-4,436,1,11,8,1,1,0
SYN00047,254,-7,430,0,11,8,1,1,0
SYN00047,255,-5,420,1,11,8,1,1,0
SYN00047,256,-5,401,0,11,8,1,1,0
SYN00047,257,-5,401,0,11,8,1,1,0
SYN00047,258,-5,382,1,11,8,1,1,0
SYN00047,259,-5,376,0,12,8,1,1,0
SYN00047,260,-5,369,1,12,8,1,1,0
SYN00047,261,-5,369,1,12,8,1,1,0
SYN00047,262,-5,356,0,12,8,1,1,0
SYN00047,263,-5,356,0,12,8,1,1,0
SYN00047,264,-5,349,1,12,8,1,1,0
SYN00047,265,-5,349,1,12,8,1,1,0
SYN00047,266,-5,334,0,12,8,1,1,0
SYN00047,267,-5,334,0,12,8,1,1,0
SYN00047,268,-5,329,1,12,8,1,1,0
SYN00047,269,-5,329,1,12,8,1,1,0
SYN00047,270,-5,317,0,12,8,1,1,0
SYN00047,271,-5,317,0,12,8,1,1,0
SYN00047,272,-5,298,1,12,8,1,1,0
SYN00047,273,-5,298,1,12,8,1,1,0
SYN00047,274,-7,277,0,12,8,1,1,0
SYN00047,275,-7,258,1,12,8,1,1,0
SYN00047,276,-7,258,1,12,8,1,1,0
SYN00047,277,-9,241,0,12,8,1,1,0
SYN00047,278,-9,225,1,12,8,1,1,0
SYN00047,279,-11,220,0,12,8,1,1,0
SYN00047,280,-11,203,1,12,8,1,1,0
SYN00047,281,-11,203,1,12,8,1,1,0
SYN00047,282,-11,191,0,12,8,1,1,0
SYN00047,283,-11,191,0,12,8,1,1,0
SYN00047,284,-11,186,1,12,8,1,1,0
SYN00047,285,-11,186,1,12,8,1,1,0
SYN00047,286,-11,171,0,12,8,1,1,0
SYN00047,287,-11,171,0,12,8,1,1,0
SYN00047,288,-9,159,1,12,8,1,1,0
SYN00047,289,-9,141,0,12,8,1,1,0
SYN00047,290,-9,141,0,12,8,1,1,0
SYN00047,291,-9,132,1,12,8,1,1,0
SYN00047,292,-9,132,1,12,8,1,1,0
SYN00047,293,-9,109,0,12,8,1,1,0
SYN00047,294,-9,109,0,12,8,1,1,0
SYN00047,295,-9,98,1,12,8,1,1,0
SYN00047,296,-9,98,1,12,8,1,1,0
SYN00047,297,-11,80,0,12,8,1,1,0
SYN00047,298,-8,70,1,12,8,1,1,0
SYN00047,299,-8,48,0,12,8,1,1,0
SYN00047,300,-8,48,0,12,8,1,1,0
SYN00047,301,-8,35,1,12,8,1,1,0
SYN00047,302,-8,22,0,12,8,1,1,0
SYN00047,303,-8,22,0,12,8,1,1,0
SYN00047,304,-8,13,1,12,9,1,1,0
SYN00047,305,-8,0,0,12,9,1,1,0
SYN00047,306,-8,0,0,12,9,1,1,0
SYN00047,307,-8,0,1,12,9,1,1,0
SYN00048,1,0,2880,0,0,0,0,0,1
SYN00048,2,0,2857,0,0,0,0,0,1
SYN00048,3,0,2843,1,0,0,0,0,1
SYN00048,4,0,2843,1,0,0,0,0,1
SYN00048,5,-2,2824,0,0,0,0,0,1
SYN00048,6,1,2804,1,0,0,0,0,1
SYN00048,7,-2,2786,0,0,0,0,0,1
SYN00048,8,0,2770,1,0,0,0,0,1
SYN00048,9,0,2758,0,0,0,0,0,1
SYN00048,10,0,2758,0,0,0,0,0,1
SYN00048,11,0,2740,1,0,0,0,0,1
SYN00048,12,0,2740,1,0,0,0,0,1
SYN00048,13,-2,2725,0,0,0,0,0,1
SYN00048,14,-2,2705,1,0,0,0,0,1
SYN00048,15,-2,2705,1,0,0,0,0,1
SYN00048,16,-4,2684,0,0,0,0,0,1
SYN00048,17,-4,2663,1,0,1,0,0,1
SYN00048,18,-6,2650,0,0,1,0,0,1
SYN00048,19,-4,2630,1,0,1,0,0,1
SYN00048,20,-4,2611,0,0,1,0,0,1
SYN00048,21,-4,2611,0,0,1,0,0,1
SYN00048,22,-2,2600,1,0,1,0,0,1
SYN00048,23,-2,2579,0,0,1,0,0,1
SYN00048,24,-2,2579,0,0,1,0,0,1
SYN00048,25,1,2564,1,0,1,0,0,1
SYN00048,26,1,2559,0,0,1,0,0,1
SYN00048,27,1,2559,0,0,1,0,0,1
SYN00048,28,1,2548,1,0,1,0,0,1
SYN00048,29,1,2548,1,0,1,0,0,1
SYN00048,30,1,2532,0,0,1,0,0,1
SYN00048,31,1,2532,0,0,1,0,0,1
SYN00048,32,3,2526,1,0,1,0,0,1
SYN00048,33,1,2519,0,0,1,0,0,1
SYN00048,34,1,2510,1,0,1,0,0,1
SYN00048,35,1,2510,1,0,1,0,0,1
SYN00048,36,1,2492,0,1,1,0,0,1
SYN00048,37,1,2481,1,1,1,0,0,1
SYN00048,38,1,2481,1,1,1,0,0,1
SYN00048,39,1,2459,0,1,1,0,0,1
SYN00048,40,1,2459,0,1,1,0,0,1
SYN00048,41,1,2443,1,1,1,0,0,1
SYN00048,42,1,2443,1,1,1,0,0,1
SYN00048,43,1,2424,0,1,1,0,0,1
SYN00048,44,1,2400,1,1,1,0,0,1
SYN00048,45,1,2400,1,1,1,0,0,1
SYN00048,46,1,2383,0,1,1,0,0,1
SYN00048,47,1,2383,0,1,1,0,0,1
SYN00048,48,1,2376,1,1,2,0,0,1
SYN00048,49,1,2362,0,1,2,0,0,1
SYN00048,50,1,2345,1,1,2,0,0,1
SYN00048,51,1,2345,1,1,2,0,0,1
SYN00048,52,1,2336,0,2,2,0,0,1
SYN00048,53,1,2314,1,2,2,0,0,1
SYN00048,54,1,2294,0,3,2,0,0,1
SYN00048,55,1,2275,1,3,2,0,0,1
SYN00048,56,1,2275,1,3,2,0,0,1
SYN00048,57,-1,2264,0,3,2,0,0,1
SYN00048,58,1,2246,1,3,2,0,0,1
SYN00048,59,-2,2223,0,3,2,0,0,1
SYN00048,60,0,2205,1,3,2,0,0,1
SYN00048,61,-2,2184,0,3,2,0,0,1
SYN00048,62,1,2178,1,3,2,0,0,1
SYN00048,63,1,2160,0,3,2,0,0,1
SYN00048,64,1,2160,0,3,2,0,0,1
SYN00048,65,1,2160,1,3,2,0,0,1
SYN00048,66,1,2160,1,3,2,0,0,1
SYN00048,67,1,2144,1,3,2,0,0,1
SYN00048,68,1,2126,0,3,2,0,0,1
SYN00048,69,1,2126,0,3,2,0,0,1
SYN00048,70,3,2103,1,3,2,0,0,1
SYN00048,71,3,2079,0,4,2,0,0,1
SYN00048,72,3,2072,1,4,2,0,0,1
SYN00048,73,3,2049,0,4,2,0,0,1
SYN00048,74,3,2049,0,4,2,0,0,1
SYN00048,75,3,2031,1,4,2,0,0,1
SYN00048,76,3,2031,1,4,2,0,0,1
SYN00048,77,1,2015,0,4,2,0,0,1
SYN00048,78,1,1994,1,4,2,0,0,1
SYN00048,79,1,1994,1,4,2,0,0,1
SYN00048,80,-2,1989,0,4,2,0,0,1
SYN00048,81,-2,1973,1,4,2,0,0,1
SYN00048,82,-2,1973,1,4,2,0,0,1
SYN00048,83,-2,1953,0,4,2,0,0,1
SYN00048,84,-2,1953,0,4,2,0,0,1
SYN00048,85,-2,1937,1,4,2,0,0,1
SYN00048,86,-2,1937,1,4,2,0,0,1
SYN00048,87,-2,1921,0,4,2,0,0,1
SYN00048,88,-2,1921,0,4,2,0,0,1
SYN00048,89,-2,1912,1,4,2,0,0,1
SYN00048,90,-2,1912,1,4,2,0,0,1
SYN00048,91,-2,1902,0,4,2,0,0,1
SYN00048,92,-2,1902,0,4,2,0,0,1
SYN00048,93,0,1881,1,4,2,0,0,1
SYN00048,94,-2,1861,0,4,2,0,0,1
SYN00048,95,-2,1841,1,4,3,0,0,1
SYN00048,96,-4,1824,0,4,3,0,0,1
SYN00048,97,-4,1800,1,4,4,0,0,1
SYN00048,98,-4,1779,0,4,4,0,0,1
SYN00048,99,-4,1779,0,4,4,0,0,1
SYN00048,100,-4,1773,1,4,4,0,0,1
SYN00048,101,-4,1773,1,4,4,0,0,1
SYN00048,102,-6,1750,0,4,4,0,0,1
SYN00048,103,-6,1740,1,4,4,0,0,1
SYN00048,104,-6,1740,1,4,4,0,0,1
SYN00048,105,-6,1718,0,4,4,0,0,1
SYN00048,106,-6,1718,0,4,4,0,0,1
SYN00048,107,-4,1704,1,4,4,0,0,1
SYN00048,108,-4,1688,0,4,4,0,0,1
SYN00048,109,-4,1688,0,4,4,0,0,1
SYN00048,110,-4,1671,1,4,4,0,0,1
SYN00048,111,-4,1671,1,4,4,0,0,1
SYN00048,112,-4,1659,0,4,4,0,0,1
SYN00048,113,-4,1659,0,4,4,0,0,1
SYN00048,114,-2,1649,1,4,4,0,0,1
SYN00048,115,-4,1633,0,4,4,0,0,1
SYN00048,116,-2,1621,1,4,4,0,0,1
SYN00048,117,-2,1608,0,5,4,1,0,1
SYN00048,118,1,1589,1,5,4,1,0,1
SYN00048,119,1,1575,0,5,4,1,0,1
SYN00048,120,1,1575,0,5,4,1,0,1
SYN00048,121,1,1558,1,5,4,1,0,1
SYN00048,122,1,1558,1,5,4,1,0,1
SYN00048,123,1,1540,0,5,4,1,0,1
SYN00048,124,1,1540,0,5,4,1,0,1
SYN00048,125,1,1520,1,5,4,1,0,1
SYN00048,126,1,1504,0,5,4,1,0,1
SYN00048,127,1,1504,0,5,4,1,0,1
SYN00048,128,1,1483,1,5,4,1,0,1
SYN00048,129,1,1483,1,5,4,1,0,1
SYN00048,130,-1,1468,0,5,4,1,0,1
SYN00048,131,-1,1447,1,5,5,1,1,1
SYN00048,132,-1,1440,0,5,5,1,1,1
SYN00048,133,-1,1440,0,5,5,1,1,1
SYN00048,134,-1,1440,1,5,5,1,1,1
SYN00048,135,-1,1440,1,5,5,1,1,1
SYN00048,136,-1,1430,1,5,5,1,1,1
SYN00048,137,-1,1430,1,5,5,1,1,1
SYN00048,138,-4,1420,0,5,5,1,1,1
SYN00048,139,-4,1411,1,5,5,1,1,1
SYN00048,140,-4,1411,1,5,5,1,1,1
SYN00048,141,-4,1390,0,5,5,1,1,1
SYN00048,142,-4,1390,0,5,5,1,1,1
SYN00048,143,-4,1385,1,5,6,1,1,1
SYN00048,144,-6,1367,0,5,6,1,1,1
SYN00048,145,-6,1348,1,5,6,1,1,1
SYN00048,146,-6,1348,1,5,6,1,1,1
SYN00048,147,-8,1332,0,5,6,1,1,1
SYN00048,148,-6,1321,1,5,6,1,1,1
SYN00048,149,-8,1308,0,5,6,1,1,1
SYN00048,150,-6,1292,1,5,6,1,1,1
SYN00048,151,-6,1270,0,5,6,1,1,1
SYN00048,152,-3,1257,1,5,6,1,1,1
SYN00048,153,-3,1238,0,5,6,1,1,1
SYN00048,154,-3,1238,0,5,6,1,1,1
SYN00048,155,-3,1225,1,5,6,1,1,1
SYN00048,156,-3,1225,1,5,6,1,1,1
SYN00048,157,-5,1219,0,5,6,1,1,1
SYN00048,158,-5,1205,1,5,6,1,1,1
SYN00048,159,-5,1205,1,5,6,1,1,1
SYN00048,160,-7,1182,0,5,6,1,1,1
SYN00048,161,-7,1177,1,5,6,1,1,1
SYN00048,162,-7,1177,1,5,6,1,1,1
SYN00048,163,-7,1162,0,5,6,1,1,1
SYN00048,164,-7,1162,0,5,6,1,1,1
SYN00048,165,-7,1156,1,5,6,1,1,1
SYN00048,166,-7,1156,1,5,6,1,1,1
SYN00048,167,-7,1145,0,6,6,1,1,1
SYN00048,168,-7,1133,1,6,6,1,1,1
SYN00048,169,-7,1133,1,6,6,1,1,1
SYN00048,170,-9,1127,0,6,6,1,1,1
SYN00048,171,-9,1115,1,6,7,1,1,1
SYN00048,172,-9,1094,0,6,7,1,1,1
SYN00048,173,-9,1094,0,6,7,1,1,1
SYN00048,174,-7,1076,1,6,7,1,1,1
SYN00048,175,-7,1065,0,6,7,1,1,1
SYN00048,176,-7,1065,0,6,7,1,1,1
SYN00048,177,-7,1059,1,6,7,1,1,1
SYN00048,178,-7,1059,1,6,7,1,1,1
SYN00048,179,-7,1046,0,6,7,1,1,1
SYN00048,180,-7,1046,0,6,7,1,1,1
SYN00048,181,-5,1030,1,6,7,1,1,1
SYN00048,182,-5,1012,0,6,7,1,1,1
SYN00048,183,-5,1012,0,6,7,1,1,1
SYN00048,184,-5,1000,1,6,7,1,1,1
SYN00048,185,-5,1000,1,6,7,1,1,1
SYN00048,186,-5,991,0,6,7,1,1,1
SYN00048,187,-5,991,0,6,7,1,1,1
SYN00048,188,-5,971,1,6,7,1,1,1
SYN00048,189,-5,971,1,6,7,1,1,1
SYN00048,190,-8,947,0,6,7,1,1,1
SYN00048,191,-6,942,1,6,7,1,1,1
SYN00048,192,-6,935,0,6,7,1,1,1
SYN00048,193,-6,935,0,6,7,1,1,1
SYN00048,194,-6,919,1,6,7,1,1,1
SYN00048,195,-8,913,0,6,7,1,1,1
SYN00048,196,-8,903,1,6,8,1,1,1
SYN00048,197,-8,880,0,6,8,1,1,1
SYN00048,198,-8,863,1,6,8,1,1,1
SYN00048,199,-8,863,1,6,8,1,1,1
SYN00048,200,-8,843,0,6,8,1,1,1
SYN00048,201,-8,843,0,6,8,1,1,1
SYN00048,202,-8,827,1,6,8,1,1,1
SYN00048,203,-8,827,1,6,8,1,1,1
SYN00048,204,-8,814,0,7,8,1,1,1
SYN00048,205,-8,799,1,7,8,1,1,1
SYN00048,206,-8,799,1,7,8,1,1,1
SYN00048,207,-8,776,0,7,8,1,1,1
SYN00048,208,-8,776,0,7,8,1,1,1
SYN00048,209,-6,752,1,7,8,1,1,1
SYN00048,210,-6,736,0,7,8,1,1,1
SYN00048,211,-6,736,0,7,8,1,1,1
SYN00048,212,-6,720,1,7,8,1,1,1
SYN00048,213,-6,720,1,7,8,1,1,1
SYN00048,214,-6,720,0,7,8,1,1,1
SYN00048,215,-6,720,0,7,8,1,1,1
SYN00048,216,-6,705,0,7,8,1,1,1
SYN00048,217,-6,705,0,7,8,1,1,1
SYN00048,218,-3,692,1,7,8,1,1,1
SYN00048,219,-3,671,0,7,8,1,1,1
SYN00048,220,-3,671,0,7,8,1,1,1
SYN00048,221,-1,666,1,7,8,1,1,1
SYN00048,222,-1,650,0,7,8,1,1,1
SYN00048,223,-1,650,0,7,8,1,1,1
SYN00048,224,-1,640,1,7,8,1,1,1
SYN00048,225,-1,640,1,7,8,1,1,1
SYN00048,226,-3,632,0,7,8,1,1,1
SYN00048,227,-3,613,1,7,8,1,1,1
SYN00048,228,-3,613,1,7,8,1,1,1
SYN00048,229,-3,593,0,7,8,1,1,1
SYN00048,230,-3,593,0,7,8,1,1,1
SYN00048,231,0,582,1,7,8,1,1,1
SYN00048,232,-2,568,0,7,8,1,1,1
SYN00048,233,1,554,1,7,8,1,1,1
SYN00048,234,-2,530,0,7,8,1,1,1
SYN00048,235,-2,521,1,7,8,1,1,1
SYN00048,236,-2,521,1,7,8,1,1,1
SYN00048,237,-5,514,0,7,8,1,1,1
SYN00048,238,-2,500,1,7,8,1,1,1
SYN00048,239,-2,480,0,7,8,1,1,1
SYN00048,240,-2,480,0,7,8,1,1,1
SYN00048,241,-2,474,1,7,8,1,1,1
SYN00048,242,-2,474,1,7,8,1,1,1
SYN00048,243,-2,466,0,7,8,1,1,1
SYN00048,244,-2,466,0,7,8,1,1,1
SYN00048,245,1,447,1,7,8,1,1,1
SYN00048,246,1,428,0,7,8,1,1,1
SYN00048,247,1,428,0,7,8,1,1,1
SYN00048,248,1,418,1,7,8,1,1,1
SYN00048,249,1,418,1,7,8,1,1,1
SYN00048,250,-1,404,0,7,8,1,1,1
SYN00048,251,-1,386,1,7,8,1,1,1
SYN00048,252,-1,386,1,7,8,1,1,1
SYN00048,253,-1,368,0,8,8,1,1,1
SYN00048,254,-1,350,1,8,9,1,1,1
SYN00048,255,-1,343,0,8,9,1,1,1
SYN00048,256,-1,343,0,8,9,1,1,1
SYN00048,257,-1,333,1,8,9,1,1,1
SYN00048,258,-1,333,1,8,9,1,1,1
SYN00048,259,-1,312,0,8,9,1,1,1
SYN00048,260,-1,312,0,8,9,1,1,1
SYN00048,261,-1,306,1,8,9,1,1,1
SYN00048,262,-1,306,1,8,9,1,1,1
SYN00048,263,-1,291,0,8,9,1,1,1
SYN00048,264,-1,291,0,8,9,1,1,1
SYN00048,265,1,283,1,8,9,1,1,1
SYN00048,266,1,278,0,8,9,1,1,1
SYN00048,267,1,278,0,8,9,1,1,1
SYN00048,268,1,266,1,8,9,1,1,1
SYN00048,269,1,266,1,8,9,1,1,1
SYN00048,270,1,257,0,8,9,1,1,1
SYN00048,271,1,257,0,8,9,1,1,1
SYN00048,272,1,249,1,8,9,1,1,1
SYN00048,273,1,249,1,8,9,1,1,1
SYN00048,274,1,237,0,8,9,1,1,1
SYN00048,275,1,237,0,8,9,1,1,1
SYN00048,276,4,228,1,8,9,1,1,1
SYN00048,277,2,210,0,8,9,1,1,1
SYN00048,278,5,187,1,8,9,1,1,1
SYN00048,279,5,182,0,9,9,1,1,1
SYN00048,280,5,158,1,9,9,1,1,1
SYN00048,281,5,146,0,10,9,1,1,1
SYN00048,282,5,141,1,10,9,1,1,1
SYN00048,283,5,141,1,10,9,1,1,1
SYN00048,284,2,136,0,10,9,1,1,1
SYN00048,285,2,129,1,10,9,1,1,1
SYN00048,286,2,110,0,10,9,1,1,1
SYN00048,287,2,110,0,10,9,1,1,1
SYN00048,288,4,101,1,10,9,1,1,1
SYN00048,289,2,87,0,10,9,1,1,1
SYN00048,290,2,64,1,10,10,1,1,1
SYN00048,291,2,48,0,11,10,1,1,1
SYN00048,292,2,40,1,11,10,1,1,1
SYN00048,293,2,31,0,11,10,1,1,1
SYN00048,294,2,31,0,11,10,1,1,1
SYN00048,295,4,15,1,11,10,1,1,1
SYN00048,296,2,8,0,11,10,1,1,1
SYN00048,297,2,0,1,11,11,1,1,1
SYN00048,298,2,0,0,11,11,1,1,1
SYN00049,1,0,2880,0,0,0,0,0,1
SYN00049,2,0,2874,0,0,0,0,0,1
SYN00049,3,0,2874,0,0,0,0,0,1
SYN00049,4,0,2858,1,0,0,0,0,1
SYN00049,5,0,2858,1,0,0,0,0,1
SYN00049,6,-2,2851,0,0,0,0,0,1
SYN00049,7,0,2828,1,0,0,0,0,1
SYN00049,8,0,2821,0,0,0,0,0,1
SYN00049,9,0,2821,0,0,0,0,0,1
SYN00049,10,0,2797,1,0,0,0,0,1
SYN00049,11,-2,2788,0,0,0,0,0,1
SYN00049,12,1,2771,1,0,0,0,0,1
SYN00049,13,-1,2747,0,0,0,0,0,1
SYN00049,14,-1,2740,1,0,0,0,0,1
SYN00049,15,-1,2740,1,0,0,0,0,1
SYN00049,16,-1,2734,0,0,0,0,0,1
SYN00049,17,-1,2734,0,0,0,0,0,1
SYN00049,18,-1,2720,1,0,0,0,0,1
SYN00049,19,-1,2720,1,0,0,0,0,1
SYN00049,20,-1,2708,0,0,0,0,0,1
SYN00049,21,-1,2708,0,0,0,0,0,1
SYN00049,22,-1,2685,1,0,0,0,0,1
SYN00049,23,-1,2685,1,0,0,0,0,1
SYN00049,24,-1,2672,0,0,0,0,0,1
SYN00049,25,-1,2672,0,0,0,0,0,1
SYN00049,26,-1,2656,1,0,1,0,0,1
SYN00049,27,-1,2642,0,0,1,0,0,1
SYN00049,28,-1,2642,0,0,1,0,0,1
SYN00049,29,-1,2624,1,0,1,0,0,1
SYN00049,30,-1,2624,1,0,1,0,0,1
SYN00049,31,-1,2607,0,0,1,0,0,1
SYN00049,32,-1,2607,0,0,1,0,0,1
SYN00049,33,1,2598,1,0,1,0,0,1
SYN00049,34,1,2590,0,0,1,0,0,1
SYN00049,35,1,2590,0,0,1,0,0,1
SYN00049,36,3,2571,1,0,1,0,0,1
SYN00049,37,3,2554,0,0,1,0,0,1
SYN00049,38,3,2554,0,0,1,0,0,1
SYN00049,39,5,2530,1,0,1,0,0,1
SYN00049,40,5,2506,0,0,1,0,0,1
SYN00049,41,5,2506,0,0,1,0,0,1
SYN00049,42,7,2500,1,0,1,0,0,1
SYN00049,43,7,2484,0,0,1,0,0,1
SYN00049,44,7,2484,0,0,1,0,0,1
SYN00049,45,9,2469,1,0,1,0,0,1
SYN00049,46,9,2449,0,1,1,0,0,1
SYN00049,47,11,2431,1,1,1,0,0,1
SYN00049,48,9,2412,0,1,1,0,0,1
SYN00049,49,9,2391,1,1,1,0,0,1
SYN00049,50,6,2373,0,1,1,0,0,1
SYN00049,51,6,2354,1,1,2,0,0,1
SYN00049,52,4,2334,0,1,2,0,0,1
SYN00049,53,7,2328,1,1,2,0,0,1
SYN00049,54,7,2310,0,1,2,0,0,1
SYN00049,55,7,2310,0,1,2,0,0,1
SYN00049,56,9,2292,1,1,2,0,0,1
SYN00049,57,9,2286,0,1,2,0,0,1
SYN00049,58,9,2286,0,1,2,0,0,1
SYN00049,59,9,2274,1,1,2,0,0,1
SYN00049,60,9,2274,1,1,2,0,0,1
SYN00049,61,6,2259,0,1,2,0,0,1
SYN00049,62,8,2236,1,1,2,0,0,1
SYN00049,63,8,2215,0,1,2,0,0,1
SYN00049,64,8,2215,0,1,2,0,0,1
SYN00049,65,10,2194,1,1,2,0,0,1
SYN00049,66,8,2178,0,1,2,0,0,1
SYN00049,67,10,2172,1,1,2,0,0,1
SYN00049,68,10,2160,0,1,2,0,0,1
SYN00049,69,10,2160,0,1,2,0,0,1
SYN00049,70,10,2160,1,1,2,0,0,1
SYN00049,71,10,2160,1,1,2,0,0,1
SYN00049,72,10,2147,1,1,2,0,0,1
SYN00049,73,10,2147,1,1,2,0,0,1
SYN00049,74,8,2132,0,1,2,0,0,1
SYN00049,75,8,2108,1,1,3,0,0,1
SYN00049,76,6,2103,0,1,3,0,0,1
SYN00049,77,6,2095,1,1,4,0,0,1
SYN00049,78,4,2088,0,1,4,0,0,1
SYN00049,79,4,2083,1,1,4,0,0,1
SYN00049,80,4,2083,1,1,4,0,0,1
SYN00049,81,4,2065,0,1,4,0,0,1
SYN00049,82,4,2065,0,1,4,0,0,1
SYN00049,83,6,2048,1,1,4,0,0,1
SYN00049,84,4,2025,0,1,4,0,0,1
SYN00049,85,4,2001,1,1,4,0,0,1
SYN00049,86,4,2001,1,1,4,0,0,1
SYN00049,87,4,1987,0,1,4,0,0,1
SYN00049,88,4,1987,0,1,4,0,0,1
SYN00049,89,7,1974,1,1,4,0,0,1
SYN00049,90,4,1960,0,1,4,0,0,1
SYN00049,91,4,1955,1,1,4,0,0,1
SYN00049,92,2,1942,0,1,4,0,0,1
SYN00049,93,5,1930,1,1,4,0,0,1
SYN00049,94,5,1909,0,1,4,0,0,1
SYN00049,95,5,1909,0,1,4,0,0,1
SYN00049,96,5,1897,1,1,4,0,0,1
SYN00049,97,5,1897,1,1,4,0,0,1
SYN00049,98,2,1879,0,1,4,0,0,1
SYN00049,99,2,1864,1,1,4,0,0,1
SYN00049,100,2,1864,1,1,4,0,0,1
SYN00049,101,0,1855,0,1,4,0,0,1
SYN00049,102,3,1847,1,1,4,0,0,1
SYN00049,103,3,1823,0,1,4,0,0,1
SYN00049,104,3,1823,0,1,4,0,0,1
SYN00049,105,3,1799,1,1,4,0,0,1
SYN00049,106,3,1799,1,1,4,0,0,1
SYN00049,107,3,1793,0,1,4,0,0,1
SYN00049,108,3,1793,0,1,4,0,0,1
SYN00049,109,3,1775,1,1,4,0,0,1
SYN00049,110,3,1755,0,1,4,0,0,1
SYN00049,111,3,1747,1,1,4,0,0,1
SYN00049,112,3,1747,1,1,4,0,0,1
SYN00049,113,1,1733,0,1,4,0,0,1
SYN00049,114,3,1713,1,1,4,0,0,1
SYN00049,115,3,1695,0,1,4,0,0,1
SYN00049,116,3,1695,0,1,4,0,0,1
SYN00049,117,3,1688,1,1,4,0,0,1
SYN00049,118,3,1688,1,1,4,0,0,1
SYN00049,119,3,1672,0,2,4,0,0,1
SYN00049,120,5,1659,1,2,4,0,0,1
SYN00049,121,2,1644,0,2,4,0,0,1
SYN00049,122,2,1637,1,2,4,0,0,1
SYN00049,123,2,1637,1,2,4,0,0,1
SYN00049,124,2,1615,0,2,4,0,0,1
SYN00049,125,4,1594,1,2,4,0,0,1
SYN00049,126,2,1575,0,2,4,0,0,1
SYN00049,127,4,1568,1,2,4,0,0,1
SYN00049,128,4,1545,0,2,4,0,0,1
SYN00049,129,4,1545,0,2,4,0,0,1
SYN00049,130,6,1527,1,2,4,0,0,1
SYN00049,131,4,1513,0,2,4,0,0,1
SYN00049,132,4,1499,1,2,4,0,0,1
SYN00049,133,4,1482,0,2,4,0,0,1
SYN00049,134,4,1482,0,2,4,0,0,1
SYN00049,135,4,1477,1,2,4,0,0,1
SYN00049,136,4,1477,1,2,4,0,0,1
SYN00049,137,4,1460,0,2,4,0,0,1
SYN00049,138,4,1460,0,2,4,0,0,1
SYN00049,139,4,1449,1,2,4,0,0,1
SYN00049,140,4,1449,1,2,4,0,0,1
SYN00049,141,2,1441,0,2,4,0,0,1
SYN00049,142,2,1440,1,2,5,0,1,1
SYN00049,143,2,1440,0,2,5,0,1,1
SYN00049,144,2,1440,0,2,5,0,1,1
SYN00049,145,2,1431,0,2,5,0,1,1
SYN00049,146,2,1431,0,2,5,0,1,1
SYN00049,147,2,1415,1,2,5,0,1,1
SYN00049,148,2,1415,1,2,5,0,1,1
SYN00049,149,2,1394,0,2,5,0,1,1
SYN00049,150,2,1394,0,2,5,0,1,1
SYN00049,151,2,1379,1,2,5,0,1,1
SYN00049,152,2,1379,1,2,5,0,1,1
SYN00049,153,-1,1366,0,2,5,0,1,1
SYN00049,154,-1,1361,1,2,5,0,1,1
SYN00049,155,-1,1361,1,2,5,0,1,1
SYN00049,156,-1,1344,0,2,5,0,1,1
SYN00049,157,-1,1327,1,2,5,0,1,1
SYN00049,158,-1,1327,1,2,5,0,1,1
SYN00049,159,-1,1305,0,2,5,0,1,1
SYN00049,160,-1,1305,0,2,5,0,1,1
SYN00049,161,-1,1288,1,2,5,0,1,1
SYN00049,162,-1,1288,1,2,5,0,1,1
SYN00049,163,-1,1279,0,2,5,0,1,1
SYN00049,164,-1,1279,0,2,5,0,1,1
SYN00049,165,1,1272,1,2,5,0,1,1
SYN00049,166,1,1262,0,2,5,0,1,1
SYN00049,167,1,1262,0,2,5,0,1,1
SYN00049,168,1,1254,1,2,6,0,1,1
SYN00049,169,1,1241,0,2,6,0,1,1
SYN00049,170,1,1241,0,2,6,0,1,1
SYN00049,171,1,1223,1,2,6,0,1,1
SYN00049,172,1,1223,1,2,6,0,1,1
SYN00049,173,1,1209,0,2,6,0,1,1
SYN00049,174,1,1209,0,2,6,0,1,1
SYN00049,175,1,1194,1,2,6,0,1,1
SYN00049,176,1,1194,1,2,6,0,1,1
SYN00049,177,1,1185,0,2,6,0,1,1
SYN00049,178,1,1185,0,2,6,0,1,1
SYN00049,179,3,1180,1,2,6,0,1,1
SYN00049,180,1,1162,0,2,6,0,1,1
SYN00049,181,3,1147,1,2,6,0,1,1
SYN00049,182,3,1139,0,2,6,0,1,1
SYN00049,183,3,1139,0,2,6,0,1,1
SYN00049,184,5,1122,1,2,6,0,1,1
SYN00049,185,5,1112,0,2,6,0,1,1
SYN00049,186,5,1112,0,2,6,0,1,1
SYN00049,187,5,1092,1,2,6,0,1,1
SYN00049,188,5,1092,1,2,6,0,1,1
SYN00049,189,3,1075,0,2,6,0,1,1
SYN00049,190,3,1060,1,2,6,0,1,1
SYN00049,191,3,1060,1,2,6,0,1,1
SYN00049,192,3,1051,0,3,6,0,1,1
SYN00049,193,3,1031,1,3,6,0,1,1
SYN00049,194,3,1031,1,3,6,0,1,1
SYN00049,195,3,1017,0,3,6,0,1,1
SYN00049,196,3,1017,0,3,6,0,1,1
SYN00049,197,3,1004,1,3,6,0,1,1
SYN00049,198,3,1004,1,3,6,0,1,1
SYN00049,199,1,991,0,3,6,0,1,1
SYN00049,200,4,985,1,3,6,0,1,1
SYN00049,201,2,968,0,3,6,0,1,1
SYN00049,202,4,962,1,3,6,0,1,1
SYN00049,203,4,951,0,3,6,0,1,1
SYN00049,204,6,941,1,3,6,0,1,1
SYN00049,205,6,924,0,3,6,0,1,1
SYN00049,206,9,905,1,3,6,0,1,1
SYN00049,207,9,888,0,3,6,0,1,1
SYN00049,208,9,888,0,3,6,0,1,1
SYN00049,209,11,868,1,3,6,0,1,1
SYN00049,210,8,846,0,3,6,0,1,1
SYN00049,211,8,828,1,3,6,0,1,1
SYN00049,212,8,828,1,3,6,0,1,1
SYN00049,213,8,823,0,3,6,0,1,1
SYN00049,214,8,823,0,3,6,0,1,1
SYN00049,215,8,801,1,3,7,0,1,1
SYN00049,216,8,796,0,4,7,0,1,1
SYN00049,217,10,782,1,4,7,0,1,1
SYN00049,218,7,760,0,4,7,0,1,1
SYN00049,219,7,740,1,4,7,0,1,1
SYN00049,220,5,726,0,4,7,0,1,1
SYN00049,221,5,720,1,4,7,0,1,1
SYN00049,222,5,720,1,4,7,0,1,1
SYN00049,223,5,720,0,4,7,0,1,1
SYN00049,224,5,720,0,4,7,0,1,1
SYN00049,225,5,697,0,4,7,0,1,1
SYN00049,226,5,697,0,4,7,0,1,1
SYN00049,227,7,686,1,4,7,0,1,1
SYN00049,228,7,663,0,4,7,0,1,1
SYN00049,229,7,663,0,4,7,0,1,1
SYN00049,230,10,639,1,4,7,0,1,1
SYN00049,231,10,617,0,5,7,1,1,1
SYN00049,232,10,602,1,5,8,1,1,1
SYN00049,233,10,596,0,5,8,1,1,1
SYN00049,234,10,596,0,5,8,1,1,1
SYN00049,235,10,585,1,5,8,1,1,1
SYN00049,236,10,585,1,5,8,1,1,1
SYN00049,237,8,574,0,5,8,1,1,1
SYN00049,238,8,568,1,5,9,1,1,1
SYN00049,239,8,551,0,5,9,1,1,1
SYN00049,240,8,551,0,5,9,1,1,1
SYN00049,241,8,528,1,5,9,1,1,1
SYN00049,242,8,528,1,5,9,1,1,1
SYN00049,243,8,504,0,5,9,1,1,1
SYN00049,244,8,504,0,5,9,1,1,1
SYN00049,245,8,483,1,5,9,1,1,1
SYN00049,246,8,483,1,5,9,1,1,1
SYN00049,247,8,476,0,5,9,1,1,1
SYN00049,248,8,476,0,5,9,1,1,1
SYN00049,249,8,452,1,5,9,1,1,1
SYN00049,250,8,436,0,5,9,1,1,1
SYN00049,251,8,436,0,5,9,1,1,1
SYN00049,252,8,420,1,5,9,1,1,1
SYN00049,253,8,420,1,5,9,1,1,1
SYN00049,254,8,400,0,5,9,1,1,1
SYN00049,255,8,400,0,5,9,1,1,1
SYN00049,256,8,390,1,5,9,1,1,1
SYN00049,257,8,390,1,5,9,1,1,1
SYN00049,258,6,384,0,5,9,1,1,1
SYN00049,259,9,368,1,5,9,1,1,1
SYN00049,260,9,351,0,5,9,1,1,1
SYN00049,261,9,351,0,5,9,1,1,1
SYN00049,262,11,330,1,5,9,1,1,1
SYN00049,263,11,316,0,5,9,1,1,1
SYN00049,264,11,316,0,5,9,1,1,1
SYN00049,265,13,292,1,5,9,1,1,1
SYN00049,266,13,276,0,6,9,1,1,1
SYN00049,267,13,255,1,6,9,1,1,1
SYN00049,268,13,255,1,6,9,1,1,1
SYN00049,269,13,236,0,6,9,1,1,1
SYN00049,270,13,236,0,6,9,1,1,1
SYN00049,271,13,221,1,6,9,1,1,1
SYN00049,272,13,221,1,6,9,1,1,1
SYN00049,273,13,200,0,7,9,1,1,1
SYN00049,274,15,195,1,7,9,1,1,1
SYN00049,275,15,177,0,7,9,1,1,1
SYN00049,276,15,177,0,7,9,1,1,1
SYN00049,277,17,166,1,7,9,1,1,1
SYN00049,278,14,152,0,7,9,1,1,1
SYN00049,279,14,143,1,7,9,1,1,1
SYN00049,280,14,143,1,7,9,1,1,1
SYN00049,281,11,135,0,7,9,1,1,1
SYN00049,282,11,117,1,7,9,1,1,1
SYN00049,283,11,117,1,7,9,1,1,1
SYN00049,284,11,100,0,7,9,1,1,1
SYN00049,285,11,100,0,7,9,1,1,1
SYN00049,286,11,81,1,7,9,1,1,1
SYN00049,287,11,81,1,7,9,1,1,1
SYN00049,288,11,76,0,7,9,1,1,1
SYN00049,289,11,76,0,7,9,1,1,1
SYN00049,290,11,65,1,7,9,1,1,1
SYN00049,291,11,65,1,7,9,1,1,1
SYN00049,292,11,57,0,7,9,1,1,1
SYN00049,293,11,57,0,7,9,1,1,1
SYN00049,294,11,36,1,7,10,1,1,1
SYN00049,295,11,27,0,7,10,1,1,1
SYN00049,296,11,27,0,7,10,1,1,1
SYN00049,297,13,16,1,7,10,1,1,1
SYN00049,298,13,4,0,8,10,1,1,1
SYN00049,299,13,0,1,8,11,1,1,1
SYN00049,300,13,0,0,8,11,1,1,1
SYN00050,1,0,2880,0,0,0,0,0,1
SYN00050,2,-2,2861,0,0,0,0,0,1
SYN00050,3,-2,2843,1,0,0,0,0,1
SYN00050,4,-2,2843,1,0,0,0,0,1
SYN00050,5,-4,2831,0,0,0,0,0,1
SYN00050,6,-4,2820,1,0,0,0,0,1
SYN00050,7,-4,2820,1,0,0,0,0,1
SYN00050,8,-4,2802,0,0,0,0,0,1
SYN00050,9,-1,2784,1,0,0,0,0,1
SYN00050,10,-1,2776,0,1,0,0,0,1
SYN00050,11,-1,2755,1,1,0,0,0,1
SYN00050,12,-1,2741,0,2,0,0,0,1
SYN00050,13,-1,2726,1,2,0,0,0,1
SYN00050,14,-1,2726,1,2,0,0,0,1
SYN00050,15,-1,2718,0,2,0,0,0,1
SYN00050,16,-1,2718,0,2,0,0,0,1
SYN00050,17,1,2712,1,2,0,0,0,1
SYN00050,18,1,2695,0,2,0,0,0,1
SYN00050,19,1,2695,0,2,0,0,0,1
SYN00050,20,3,2678,1,2,0,0,0,1
SYN00050,21,3,2668,0,2,0,0,0,1
SYN00050,22,3,2668,0,2,0,0,0,1
SYN00050,23,3,2658,1,2,0,0,0,1
SYN00050,24,3,2658,1,2,0,0,0,1
SYN00050,25,1,2649,0,2,0,0,0,1
SYN00050,26,1,2634,1,2,0,0,0,1
SYN00050,27,1,2634,1,2,0,0,0,1
SYN00050,28,1,2625,0,2,0,0,0,1
SYN00050,29,3,2606,1,2,0,0,0,1
SYN00050,30,0,2594,0,2,0,0,0,1
SYN00050,31,0,2581,1,2,0,0,0,1
SYN00050,32,-2,2559,0,2,0,0,0,1
SYN00050,33,0,2537,1,2,0,0,0,1
SYN00050,34,-3,2514,0,2,0,0,0,1
SYN00050,35,-1,2508,1,2,0,0,0,1
SYN00050,36,-1,2491,0,2,0,0,0,1
SYN00050,37,-1,2491,0,2,0,0,0,1
SYN00050,38,1,2478,1,2,0,0,0,1
SYN00050,39,1,2470,0,2,0,0,0,1
SYN00050,40,1,2470,0,2,0,0,0,1
SYN00050,41,3,2458,1,2,0,0,0,1
SYN00050,42,3,2443,0,2,0,0,0,1
SYN00050,43,3,2443,0,2,0,0,0,1
SYN00050,44,5,2427,1,2,0,0,0,1
SYN00050,45,5,2406,0,2,0,0,0,1
SYN00050,46,5,2406,0,2,0,0,0,1
SYN00050,47,7,2388,1,2,0,0,0,1
SYN00050,48,7,2373,0,2,0,0,0,1
SYN00050,49,7,2373,0,2,0,0,0,1
SYN00050,50,9,2350,1,2,0,0,0,1
SYN00050,51,7,2338,0,2,0,0,0,1
SYN00050,52,7,2319,1,2,0,0,0,1
SYN00050,53,7,2319,1,2,0,0,0,1
SYN00050,54,7,2300,0,2,0,0,0,1
SYN00050,55,7,2300,0,2,0,0,0,1
SYN00050,56,9,2276,1,2,0,0,0,1
SYN00050,57,9,2271,0,2,0,0,0,1
SYN00050,58,9,2271,0,2,0,0,0,1
SYN00050,59,9,2265,1,2,1,0,0,1
SYN00050,60,9,2245,0,2,1,0,0,1
SYN00050,61,9,2245,0,2,1,0,0,1
SYN00050,62,11,2233,1,2,1,0,0,1
SYN00050,63,11,2210,0,3,1,0,0,1
SYN00050,64,13,2186,1,3,1,0,0,1
SYN00050,65,13,2177,0,3,1,0,0,1
SYN00050,66,13,2177,0,3,1,0,0,1
SYN00050,67,13,2160,1,3,1,0,0,1
SYN00050,68,13,2160,1,3,1,0,0,1
SYN00050,69,13,2160,0,3,1,0,0,1
SYN00050,70,13,2160,0,3,1,0,0,1
SYN00050,71,11,2148,0,3,1,0,0,1
SYN00050,72,11,2133,1,3,2,0,0,1
SYN00050,73,8,2117,0,3,2,0,0,1
SYN00050,74,8,2100,1,3,3,0,0,1
SYN00050,75,8,2083,0,3,3,0,0,1
SYN00050,76,8,2059,1,3,3,0,0,1
SYN00050,77,8,2059,1,3,3,0,0,1
SYN00050,78,5,2044,0,3,3,0,0,1
SYN00050,79,7,2038,1,3,3,0,0,1
SYN00050,80,7,2029,0,3,3,0,0,1
SYN00050,81,7,2029,0,3,3,0,0,1
SYN00050,82,7,2014,1,3,3,0,0,1
SYN00050,83,7,2014,1,3,3,0,0,1
SYN00050,84,7,1998,0,3,3,0,0,1
SYN00050,85,7,1998,0,3,3,0,0,1
SYN00050,86,9,1993,1,3,3,0,0,1
SYN00050,87,9,1980,0,3,3,0,0,1
SYN00050,88,9,1972,1,3,3,0,0,1
SYN00050,89,7,1962,0,3,3,0,0,1
SYN00050,90,7,1940,1,3,4,0,0,1
SYN00050,91,7,1917,0,3,4,0,0,1
SYN00050,92,7,1917,0,3,4,0,0,1
SYN00050,93,7,1908,1,3,4,0,0,1
SYN00050,94,5,1885,0,3,4,0,0,1
SYN00050,95,8,1866,1,3,4,0,0,1
SYN00050,96,8,1850,0,3,4,0,0,1
SYN00050,97,8,1850,0,3,4,0,0,1
SYN00050,98,8,1841,1,3,4,0,0,1
SYN00050,99,8,1841,1,3,4,0,0,1
SYN00050,100,6,1823,0,3,4,0,0,1
SYN00050,101,6,1806,1,3,4,0,0,1
SYN00050,102,6,1806,1,3,4,0,0,1
SYN00050,103,6,1792,0,3,4,0,0,1
SYN00050,104,6,1792,0,3,4,0,0,1
SYN00050,105,8,1769,1,3,4,0,0,1
SYN00050,106,8,1753,0,3,4,0,0,1
SYN00050,107,8,1734,1,3,4,0,0,1
SYN00050,108,8,1727,0,3,4,0,0,1
SYN00050,109,8,1727,0,3,4,0,0,1
SYN00050,110,10,1713,1,3,4,0,0,1
SYN00050,111,10,1694,0,3,4,0,0,1
SYN00050,112,10,1694,0,3,4,0,0,1
SYN00050,113,10,1675,1,3,4,0,0,1
SYN00050,114,10,1675,1,3,4,0,0,1
SYN00050,115,10,1651,0,3,4,0,0,1
SYN00050,116,10,1651,0,3,4,0,0,1
SYN00050,117,12,1636,1,3,4,0,0,1
SYN00050,118,12,1612,0,3,4,0,0,1
SYN00050,119,12,1612,0,3,4,0,0,1
SYN00050,120,12,1595,1,3,4,0,0,1
SYN00050,121,12,1595,1,3,4,0,0,1
SYN00050,122,12,1583,0,4,4,0,0,1
SYN00050,123,12,1559,1,4,4,0,0,1
SYN00050,124,12,1559,1,4,4,0,0,1
SYN00050,125,12,1551,0,4,4,0,0,1
SYN00050,126,12,1551,0,4,4,0,0,1
SYN00050,127,12,1545,1,4,4,0,0,1
SYN00050,128,12,1545,1,4,4,0,0,1
SYN00050,129,12,1536,0,4,4,0,0,1
SYN00050,130,12,1536,0,4,4,0,0,1
SYN00050,131,12,1515,1,4,4,0,0,1
SYN00050,132,12,1515,1,4,4,0,0,1
SYN00050,133,10,1508,0,4,4,0,0,1
SYN00050,134,10,1489,1,4,4,0,0,1
SYN00050,135,8,1478,0,4,4,0,0,1
SYN00050,136,11,1461,1,4,4,0,0,1
SYN00050,137,11,1456,0,4,4,0,0,1
SYN00050,138,11,1456,0,4,4,0,0,1
SYN00050,139,11,1441,1,4,5,0,1,1
SYN00050,140,9,1440,0,4,5,0,1,1
SYN00050,141,9,1440,1,4,5,0,1,1
SYN00050,142,9,1440,1,4,5,0,1,1
SYN00050,143,9,1417,1,4,5,0,1,1
SYN00050,144,9,1417,1,4,5,0,1,1
SYN00050,145,9,1395,0,4,5,0,1,1
SYN00050,146,9,1395,0,4,5,0,1,1
SYN00050,147,9,1371,1,4,5,0,1,1
SYN00050,148,9,1371,1,4,5,0,1,1
SYN00050,149,7,1357,0,4,5,0,1,1
SYN00050,150,7,1343,1,4,5,0,1,1
SYN00050,151,4,1321,0,4,5,0,1,1
SYN00050,152,6,1302,1,4,5,0,1,1
SYN00050,153,3,1297,0,4,5,0,1,1
SYN00050,154,3,1285,1,4,5,0,1,1
SYN00050,155,3,1285,1,4,5,0,1,1
SYN00050,156,3,1264,0,4,5,0,1,1
SYN00050,157,3,1246,1,4,5,0,1,1
SYN00050,158,3,1246,1,4,5,0,1,1
SYN00050,159,3,1241,0,4,5,0,1,1
SYN00050,160,3,1241,0,4,5,0,1,1
SYN00050,161,6,1230,1,4,5,0,1,1
SYN00050,162,6,1222,0,4,5,0,1,1
SYN00050,163,6,1222,0,4,5,0,1,1
SYN00050,164,6,1200,1,4,5,0,1,1
SYN00050,165,6,1184,0,4,5,0,1,1
SYN00050,166,6,1184,0,4,5,0,1,1
SYN00050,167,8,1175,1,4,5,0,1,1
SYN00050,168,8,1151,0,4,5,0,1,1
SYN00050,169,8,1151,0,4,5,0,1,1
SYN00050,170,8,1141,1,4,5,0,1,1
SYN00050,171,8,1118,0,4,5,0,1,1
SYN00050,172,8,1118,0,4,5,0,1,1
SYN00050,173,10,1102,1,4,5,0,1,1
SYN00050,174,8,1080,0,4,5,0,1,1
SYN00050,175,10,1073,1,4,5,0,1,1
SYN00050,176,10,1049,0,4,5,0,1,1
SYN00050,177,10,1049,0,4,5,0,1,1
SYN00050,178,12,1038,1,4,5,0,1,1
SYN00050,179,10,1023,0,4,5,0,1,1
SYN00050,180,12,1010,1,4,5,0,1,1
SYN00050,181,10,999,0,4,5,0,1,1
SYN00050,182,12,981,1,4,5,0,1,1
SYN00050,183,10,974,0,4,5,0,1,1
SYN00050,184,12,962,1,4,5,0,1,1
SYN00050,185,12,939,0,4,5,0,1,1
SYN00050,186,12,939,0,4,5,0,1,1
SYN00050,187,14,928,1,4,5,0,1,1
SYN00050,188,11,904,0,4,5,0,1,1
SYN00050,189,11,891,1,4,6,0,1,1
SYN00050,190,11,867,0,4,6,0,1,1
SYN00050,191,13,845,1,4,6,0,1,1
SYN00050,192,13,836,0,4,6,0,1,1
SYN00050,193,13,836,0,4,6,0,1,1
SYN00050,194,13,829,1,4,6,0,1,1
SYN00050,195,13,829,1,4,6,0,1,1
SYN00050,196,13,809,0,4,6,0,1,1
SYN00050,197,13,809,0,4,6,0,1,1
SYN00050,198,13,786,1,4,7,0,1,1
SYN00050,199,13,772,0,4,7,0,1,1
SYN00050,200,13,772,0,4,7,0,1,1
SYN00050,201,13,749,1,4,8,0,1,1
SYN00050,202,13,732,0,4,8,0,1,1
SYN00050,203,13,732,0,4,8,0,1,1
SYN00050,204,13,720,1,4,8,0,1,1
SYN00050,205,13,720,1,4,8,0,1,1
SYN00050,206,13,720,0,4,8,0,1,1
SYN00050,207,13,720,0,4,8,0,1,1
SYN00050,208,13,708,0,4,8,0,1,1
SYN00050,209,13,708,0,4,8,0,1,1
SYN00050,210,13,697,1,4,8,0,1,1
SYN00050,211,13,697,1,4,8,0,1,1
SYN00050,212,11,685,0,4,8,0,1,1
SYN00050,213,11,671,1,4,8,0,1,1
SYN00050,214,11,671,1,4,8,0,1,1
SYN00050,215,11,660,0,4,8,0,1,1
SYN00050,216,11,660,0,4,8,0,1,1
SYN00050,217,11,643,1,4,8,0,1,1
SYN00050,218,11,643,1,4,8,0,1,1
SYN00050,219,11,632,0,5,8,1,1,1
SYN00050,220,11,627,1,5,9,1,1,1
SYN00050,221,11,617,0,5,9,1,1,1
SYN00050,222,11,617,0,5,9,1,1,1
SYN00050,223,11,593,1,5,9,1,1,1
SYN00050,224,11,579,0,5,9,1,1,1
SYN00050,225,11,579,0,5,9,1,1,1
SYN00050,226,11,562,1,5,9,1,1,1
SYN00050,227,11,562,1,5,9,1,1,1
SYN00050,228,11,549,0,5,9,1,1,1
SYN00050,229,11,549,0,5,9,1,1,1
SYN00050,230,11,543,1,5,9,1,1,1
SYN00050,231,11,543,1,5,9,1,1,1
SYN00050,232,8,532,0,5,9,1,1,1
SYN00050,233,8,519,1,5,9,1,1,1
SYN00050,234,8,519,1,5,9,1,1,1
SYN00050,235,6,506,0,5,9,1,1,1
SYN00050,236,8,491,1,5,9,1,1,1
SYN00050,237,6,469,0,5,9,1,1,1
SYN00050,238,6,447,1,5,9,1,1,1
SYN00050,239,4,427,0,5,9,1,1,1
SYN00050,240,6,403,1,5,9,1,1,1
SYN00050,241,4,397,0,5,9,1,1,1
SYN00050,242,6,382,1,5,9,1,1,1
SYN00050,243,4,359,0,5,9,1,1,1
SYN00050,244,4,343,1,5,9,1,1,1
SYN00050,245,4,343,1,5,9,1,1,1
SYN00050,246,4,320,0,5,9,1,1,1
SYN00050,247,4,320,0,5,9,1,1,1
SYN00050,248,4,298,1,5,9,1,1,1
SYN00050,249,4,298,1,5,9,1,1,1
SYN00050,250,2,277,0,5,9,1,1,1
SYN00050,251,4,257,1,5,9,1,1,1
SYN00050,252,1,249,0,5,9,1,1,1
SYN00050,253,3,230,1,5,9,1,1,1
SYN00050,254,1,216,0,5,9,1,1,1
SYN00050,255,3,208,1,5,9,1,1,1
SYN00050,256,3,201,0,5,9,1,1,1
SYN00050,257,3,201,0,5,9,1,1,1
SYN00050,258,5,189,1,5,9,1,1,1
SYN00050,259,5,182,0,5,9,1,1,1
SYN00050,260,5,182,0,5,9,1,1,1
SYN00050,261,7,158,1,5,9,1,1,1
SYN00050,262,7,148,0,5,9,1,1,1
SYN00050,263,7,148,0,5,9,1,1,1
SYN00050,264,10,135,1,5,9,1,1,1
SYN00050,265,10,129,0,5,9,1,1,1
SYN00050,266,10,105,1,5,9,1,1,1
SYN00050,267,10,105,1,5,9,1,1,1
SYN00050,268,10,86,0,5,9,1,1,1
SYN00050,269,10,86,0,5,9,1,1,1
SYN00050,270,12,65,1,5,9,1,1,1
SYN00050,271,12,43,0,6,9,1,1,1
SYN00050,272,14,29,1,6,9,1,1,1
SYN00050,273,12,7,0,6,9,1,1,1
SYN00050,274,12,0,1,6,9,1,1,1
SYN00050,275,12,0,1,6,9,1,1,1
SYN00050,276,12,0,0,6,9,1,1,1
SYN00051,1,0,2880,0,0,0,0,0,0
SYN00051,2,-2,2862,0,0,0,0,0,0
SYN00051,3,-2,2857,1,0,0,0,0,0
SYN00051,4,-2,2857,1,0,0,0,0,0
SYN00051,5,-4,2847,0,0,0,0,0,0
SYN00051,6,-2,2823,1,0,0,0,0,0
SYN00051,7,-2,2817,0,0,0,0,0,0
SYN00051,8,-2,2817,0,0,0,0,0,0
SYN00051,9,-2,2794,1,0,1,0,0,0
SYN00051,10,-4,2773,0,0,1,0,0,0
SYN00051,11,-4,2750,1,0,1,0,0,0
SYN00051,12,-4,2750,1,0,1,0,0,0
SYN00051,13,-4,2739,0,0,1,0,0,0
SYN00051,14,-4,2739,0,0,1,0,0,0
SYN00051,15,-4,2729,1,0,1,0,0,0
SYN00051,16,-4,2729,1,0,1,0,0,0
SYN00051,17,-6,2718,0,0,1,0,0,0
SYN00051,18,-6,2698,1,0,1,0,0,0
SYN00051,19,-6,2698,1,0,1,0,0,0
SYN00051,20,-6,2680,0,0,1,0,0,0
SYN00051,21,-6,2680,0,0,1,0,0,0
SYN00051,22,-3,2659,1,0,1,0,0,0
SYN00051,23,-3,2636,0,0,1,0,0,0
SYN00051,24,-3,2636,0,0,1,0,0,0
SYN00051,25,-3,2612,1,0,1,0,0,0
SYN00051,26,-3,2612,1,0,1,0,0,0
SYN00051,27,-3,2607,0,1,1,0,0,0
SYN00051,28,-3,2596,1,1,1,0,0,0
SYN00051,29,-5,2574,0,1,1,0,0,0
SYN00051,30,-5,2556,1,1,2,0,0,0
SYN00051,31,-7,2533,0,1,2,0,0,0
SYN00051,32,-7,2520,1,1,2,0,0,0
SYN00051,33,-7,2520,1,1,2,0,0,0
SYN00051,34,-9,2504,0,1,2,0,0,0
SYN00051,35,-7,2495,1,1,2,0,0,0
SYN00051,36,-7,2485,0,1,2,0,0,0
SYN00051,37,-7,2485,0,1,2,0,0,0
SYN00051,38,-7,2468,1,1,2,0,0,0
SYN00051,39,-7,2468,1,1,2,0,0,0
SYN00051,40,-7,2448,0,1,2,0,0,0
SYN00051,41,-7,2448,0,1,2,0,0,0
SYN00051,42,-4,2431,1,1,2,0,0,0
SYN00051,43,-7,2408,0,1,2,0,0,0
SYN00051,44,-7,2401,1,1,2,0,0,0
SYN00051,45,-9,2394,0,1,2,0,0,0
SYN00051,46,-9,2370,1,1,2,0,0,0
SYN00051,47,-9,2362,0,1,2,0,0,0
SYN00051,48,-9,2362,0,1,2,0,0,0
SYN00051,49,-9,2357,1,1,2,0,0,0
SYN00051,50,-9,2357,1,1,2,0,0,0
SYN00051,51,-9,2352,0,1,2,0,0,0
SYN00051,52,-9,2352,0,1,2,0,0,0
SYN00051,53,-9,2343,1,1,2,0,0,0
SYN00051,54,-9,2343,1,1,2,0,0,0
SYN00051,55,-9,2335,0,1,2,0,0,0
SYN00051,56,-9,2335,0,1,2,0,0,0
SYN00051,57,-9,2312,1,1,2,0,0,0
SYN00051,58,-9,2312,1,1,2,0,0,0
SYN00051,59,-9,2292,0,1,2,0,0,0
SYN00051,60,-9,2292,0,1,2,0,0,0
SYN00051,61,-7,2287,1,1,2,0,0,0
SYN00051,62,-10,2270,0,1,2,0,0,0
SYN00051,63,-10,2257,1,1,2,0,0,0
SYN00051,64,-10,2257,1,1,2,0,0,0
SYN00051,65,-10,2250,0,1,2,0,0,0
SYN00051,66,-8,2237,1,1,2,0,0,0
SYN00051,67,-8,2232,0,2,2,0,0,0
SYN00051,68,-8,2227,1,2,2,0,0,0
SYN00051,69,-8,2227,1,2,2,0,0,0
SYN00051,70,-8,2214,0,2,2,0,0,0
SYN00051,71,-8,2214,0,2,2,0,0,0
SYN00051,72,-8,2195,1,2,2,0,0,0
SYN00051,73,-8,2195,1,2,2,0,0,0
SYN00051,74,-8,2186,0,2,2,0,0,0
SYN00051,75,-8,2186,0,2,2,0,0,0
SYN00051,76,-8,2170,1,2,2,0,0,0
SYN00051,77,-8,2160,0,2,2,0,0,0
SYN00051,78,-8,2160,0,2,2,0,0,0
SYN00051,79,-8,2160,1,2,2,0,0,0
SYN00051,80,-8,2160,1,2,2,0,0,0
SYN00051,81,-8,2153,1,2,2,0,0,0
SYN00051,82,-8,2153,1,2,2,0,0,0
SYN00051,83,-8,2138,0,3,2,0,0,0
SYN00051,84,-8,2125,1,3,2,0,0,0
SYN00051,85,-8,2125,1,3,2,0,0,0
SYN00051,86,-8,2112,0,3,2,0,0,0
SYN00051,87,-8,2112,0,3,2,0,0,0
SYN00051,88,-6,2095,1,3,2,0,0,0
SYN00051,89,-6,2082,0,3,2,0,0,0
SYN00051,90,-6,2082,0,3,2,0,0,0
SYN00051,91,-6,2076,1,3,2,0,0,0
SYN00051,92,-6,2076,1,3,2,0,0,0
SYN00051,93,-8,2068,0,3,2,0,0,0
SYN00051,94,-8,2056,1,3,2,0,0,0
SYN00051,95,-8,2056,1,3,2,0,0,0
SYN00051,96,-8,2035,0,3,2,0,0,0
SYN00051,97,-8,2028,1,3,2,0,0,0
SYN00051,98,-8,2028,1,3,2,0,0,0
SYN00051,99,-8,2006,0,3,2,0,0,0
SYN00051,100,-8,2006,0,3,2,0,0,0
SYN00051,101,-8,2001,1,3,2,0,0,0
SYN00051,102,-8,2001,1,3,2,0,0,0
SYN00051,103,-8,1996,0,3,2,0,0,0
SYN00051,104,-8,1996,0,3,2,0,0,0
SYN00051,105,-6,1985,1,3,2,0,0,0
SYN00051,106,-6,1961,0,3,2,0,0,0
SYN00051,107,-6,1961,0,3,2,0,0,0
SYN00051,108,-6,1937,1,3,2,0,0,0
SYN00051,109,-6,1937,1,3,2,0,0,0
SYN00051,110,-6,1923,0,4,2,0,0,0
SYN00051,111,-6,1908,1,4,2,0,0,0
SYN00051,112,-8,1888,0,4,2,0,0,0
SYN00051,113,-8,1877,1,4,2,0,0,0
SYN00051,114,-8,1856,0,4,2,0,0,0
SYN00051,115,-8,1856,0,4,2,0,0,0
SYN00051,116,-8,1833,1,4,3,0,0,0
SYN00051,117,-8,1822,0,4,3,0,0,0
SYN00051,118,-8,1822,0,4,3,0,0,0
SYN00051,119,-8,1813,1,4,3,0,0,0
SYN00051,120,-8,1813,1,4,3,0,0,0
SYN00051,121,-8,1794,0,4,3,0,0,0
SYN00051,122,-8,1794,0,4,3,0,0,0
SYN00051,123,-6,1773,1,4,3,0,0,0
SYN00051,124,-6,1761,0,4,3,0,0,0
SYN00051,125,-6,1761,0,4,3,0,0,0
SYN00051,126,-6,1751,1,4,3,0,0,0
SYN00051,127,-6,1751,1,4,3,0,0,0
SYN00051,128,-8,1735,0,4,3,0,0,0
SYN00051,129,-8,1719,1,4,3,0,0,0
SYN00051,130,-8,1719,1,4,3,0,0,0
SYN00051,131,-8,1708,0,4,3,0,0,0
SYN00051,132,-8,1708,0,4,3,0,0,0
SYN00051,133,-6,1694,1,4,3,0,0,0
SYN00051,134,-6,1670,0,4,3,0,0,0
SYN00051,135,-6,1670,0,4,3,0,0,0
SYN00051,136,-4,1652,1,4,3,0,0,0
SYN00051,137,-4,1628,0,5,3,1,0,0
SYN00051,138,-4,1620,1,5,4,1,0,0
SYN00051,139,-4,1596,0,6,4,1,0,0
SYN00051,140,-1,1584,1,6,4,1,0,0
SYN00051,141,-1,1578,0,6,4,1,0,0
SYN00051,142,-1,1557,1,6,4,1,0,0
SYN00051,143,-1,1557,1,6,4,1,0,0
SYN00051,144,-1,1535,0,6,4,1,0,0
SYN00051,145,-1,1535,0,6,4,1,0,0
SYN00051,146,-1,1514,1,6,4,1,0,0
SYN00051,147,-1,1514,1,6,4,1,0,0
SYN00051,148,-1,1497,0,7,4,1,0,0
SYN00051,149,-1,1480,1,7,4,1,0,0
SYN00051,150,-1,1480,1,7,4,1,0,0
SYN00051,151,-3,1456,0,7,4,1,0,0
SYN00051,152,-3,1440,1,7,5,1,1,0
SYN00051,153,-3,1440,0,7,5,1,1,0
SYN00051,154,-3,1440,0,7,5,1,1,0
SYN00051,155,-3,1416,0,7,5,1,1,0
SYN00051,156,-3,1416,0,7,5,1,1,0
SYN00051,157,-3,1408,1,7,5,1,1,0
SYN00051,158,-3,1408,1,7,5,1,1,0
SYN00051,159,-3,1400,0,7,5,1,1,0
SYN00051,160,-3,1400,0,7,5,1,1,0
SYN00051,161,-3,1377,1,7,5,1,1,0
SYN00051,162,-3,1377,1,7,5,1,1,0
SYN00051,163,-3,1358,0,7,5,1,1,0
SYN00051,164,-3,1358,0,7,5,1,1,0
SYN00051,165,-1,1337,1,7,5,1,1,0
SYN00051,166,-3,1316,0,7,5,1,1,0
SYN00051,167,-1,1305,1,7,5,1,1,0
SYN00051,168,-3,1290,0,7,5,1,1,0
SYN00051,169,-3,1283,1,7,5,1,1,0
SYN00051,170,-3,1266,0,7,5,1,1,0
SYN00051,171,-3,1266,0,7,5,1,1,0
SYN00051,172,-1,1252,1,7,5,1,1,0
SYN00051,173,-4,1231,0,7,5,1,1,0
SYN00051,174,-4,1211,1,7,5,1,1,0
SYN00051,175,-4,1211,1,7,5,1,1,0
SYN00051,176,-4,1200,0,7,5,1,1,0
SYN00051,177,-4,1200,0,7,5,1,1,0
SYN00051,178,-2,1181,1,7,5,1,1,0
SYN00051,179,-4,1160,0,7,5,1,1,0
SYN00051,180,-4,1144,1,7,5,1,1,0
SYN00051,181,-4,1144,1,7,5,1,1,0
SYN00051,182,-7,1131,0,7,5,1,1,0
SYN00051,183,-7,1124,1,7,5,1,1,0
SYN00051,184,-7,1112,0,7,5,1,1,0
SYN00051,185,-7,1112,0,7,5,1,1,0
SYN00051,186,-7,1095,1,7,5,1,1,0
SYN00051,187,-7,1095,1,7,5,1,1,0
SYN00051,188,-7,1083,0,7,5,1,1,0
SYN00051,189,-7,1069,1,7,5,1,1,0
SYN00051,190,-10,1061,0,7,5,1,1,0
SYN00051,191,-10,1040,1,7,5,1,1,0
SYN00051,192,-10,1040,1,7,5,1,1,0
SYN00051,193,-12,1028,0,7,5,1,1,0
SYN00051,194,-12,1008,1,7,6,1,1,0
SYN00051,195,-12,1002,0,7,6,1,1,0
SYN00051,196,-12,1002,0,7,6,1,1,0
SYN00051,197,-12,987,1,7,6,1,1,0
SYN00051,198,-12,987,1,7,6,1,1,0
SYN00051,199,-12,970,0,7,6,1,1,0
SYN00051,200,-12,970,0,7,6,1,1,0
SYN00051,201,-12,951,1,7,6,1,1,0
SYN00051,202,-12,951,1,7,6,1,1,0
SYN00051,203,-12,932,0,7,6,1,1,0
SYN00051,204,-12,932,0,7,6,1,1,0
SYN00051,205,-9,909,1,7,6,1,1,0
SYN00051,206,-9,898,0,7,6,1,1,0
SYN00051,207,-9,898,0,7,6,1,1,0
SYN00051,208,-9,882,1,7,6,1,1,0
SYN00051,209,-9,882,1,7,6,1,1,0
SYN00051,210,-9,877,0,8,6,1,1,0
SYN00051,211,-9,865,1,8,7,1,1,0
SYN00051,212,-11,855,0,8,7,1,1,0
SYN00051,213,-11,832,1,8,7,1,1,0
SYN00051,214,-11,832,1,8,7,1,1,0
SYN00051,215,-14,820,0,8,7,1,1,0
SYN00051,216,-14,807,1,8,8,1,1,0
SYN00051,217,-14,797,0,8,8,1,1,0
SYN00051,218,-14,797,0,8,8,1,1,0
SYN00051,219,-14,787,1,8,8,1,1,0
SYN00051,220,-14,787,1,8,8,1,1,0
SYN00051,221,-16,767,0,8,8,1,1,0
SYN00051,222,-16,747,1,8,8,1,1,0
SYN00051,223,-16,747,1,8,8,1,1,0
SYN00051,224,-16,741,0,8,8,1,1,0
SYN00051,225,-16,741,0,8,8,1,1,0
SYN00051,226,-16,723,1,8,8,1,1,0
SYN00051,227,-16,723,1,8,8,1,1,0
SYN00051,228,-19,720,0,8,8,1,1,0
SYN00051,229,-19,720,1,8,8,1,1,0
SYN00051,230,-19,720,1,8,8,1,1,0
SYN00051,231,-19,696,1,8,8,1,1,0
SYN00051,232,-19,696,1,8,8,1,1,0
SYN00051,233,-21,683,0,8,8,1,1,0
SYN00051,234,-21,660,1,8,8,1,1,0
SYN00051,235,-21,660,1,8,8,1,1,0
SYN00051,236,-23,636,0,8,8,1,1,0
SYN00051,237,-21,629,1,8,8,1,1,0
SYN00051,238,-21,612,0,8,8,1,1,0
SYN00051,239,-21,612,0,8,8,1,1,0
SYN00051,240,-21,603,1,8,8,1,1,0
SYN00051,241,-21,603,1,8,8,1,1,0
SYN00051,242,-21,596,0,9,8,1,1,0
SYN00051,243,-19,574,1,9,8,1,1,0
SYN00051,244,-19,567,0,9,8,1,1,0
SYN00051,245,-19,567,0,9,8,1,1,0
SYN00051,246,-17,543,1,9,8,1,1,0
SYN00051,247,-19,528,0,9,8,1,1,0
SYN00051,248,-17,516,1,9,8,1,1,0
SYN00051,249,-19,506,0,9,8,1,1,0
SYN00051,250,-16,488,1,9,8,1,1,0
SYN00051,251,-18,465,0,9,8,1,1,0
SYN00051,252,-16,454,1,9,8,1,1,0
SYN00051,253,-16,442,0,9,8,1,1,0
SYN00051,254,-16,442,0,9,8,1,1,0
SYN00051,255,-16,430,1,9,9,1,1,0
SYN00051,256,-16,416,0,9,9,1,1,0
SYN00051,257,-16,416,0,9,9,1,1,0
SYN00051,258,-16,401,1,9,9,1,1,0
SYN00051,259,-16,401,1,9,9,1,1,0
SYN00051,260,-16,379,0,9,9,1,1,0
SYN00051,261,-16,379,0,9,9,1,1,0
SYN00051,262,-16,360,1,9,9,1,1,0
SYN00051,263,-16,360,1,9,9,1,1,0
SYN00051,264,-16,347,0,10,9,1,1,0
SYN00051,265,-14,330,1,10,9,1,1,0
SYN00051,266,-16,314,0,10,9,1,1,0
SYN00051,267,-16,299,1,10,9,1,1,0
SYN00051,268,-18,288,0,10,9,1,1,0
SYN00051,269,-16,271,1,10,9,1,1,0
SYN00051,270,-18,259,0,10,9,1,1,0
SYN00051,271,-18,244,1,10,9,1,1,0
SYN00051,272,-18,244,1,10,9,1,1,0
SYN00051,273,-20,230,0,10,9,1,1,0
SYN00051,274,-20,218,1,10,9,1,1,0
SYN00051,275,-20,218,1,10,9,1,1,0
SYN00051,276,-22,199,0,10,9,1,1,0
SYN00051,277,-22,188,1,10,9,1,1,0
SYN00051,278,-22,188,1,10,9,1,1,0
SYN00051,279,-22,168,0,10,9,1,1,0
SYN00051,280,-22,168,0,10,9,1,1,0
SYN00051,281,-22,150,1,10,9,1,1,0
SYN00051,282,-22,150,1,10,9,1,1,0
SYN00051,283,-22,131,0,10,9,1,1,0
SYN00051,284,-22,131,0,10,9,1,1,0
SYN00051,285,-20,113,1,10,9,1,1,0
SYN00051,286,-20,101,0,11,9,1,1,0
SYN00051,287,-20,81,1,11,9,1,1,0
SYN00051,288,-20,81,1,11,9,1,1,0
SYN00051,289,-20,72,0,11,9,1,1,0
SYN00051,290,-20,72,0,11,9,1,1,0
SYN00051,291,-18,59,1,11,9,1,1,0
SYN00051,292,-18,53,0,12,9,1,1,0
SYN00051,293,-18,44,1,12,9,1,1,0
SYN00051,294,-18,44,1,12,9,1,1,0
SYN00051,295,-18,39,0,12,9,1,1,0
SYN00051,296,-18,39,0,12,9,1,1,0
SYN00051,297,-16,30,1,12,9,1,1,0
SYN00051,298,-16,11,0,12,9,1,1,0
SYN00051,299,-16,11,0,12,9,1,1,0
SYN00051,300,-16,0,1,12,10,1,1,0
SYN00051,301,-16,0,0,12,10,1,1,0
SYN00052,1,0,2880,0,0,0,0,0,0
SYN00052,2,0,2858,0,0,0,0,0,0
SYN00052,3,0,2858,0,0,0,0,0,0
SYN00052,4,0,2850,1,0,0,0,0,0
SYN00052,5,0,2850,1,0,0,0,0,0
SYN00052,6,-3,2826,0,0,0,0,0,0
SYN00052,7,-3,2806,1,0,1,0,0,0
SYN00052,8,-3,2786,0,0,1,0,0,0
SYN00052,9,-3,2786,0,0,1,0,0,0
SYN00052,10,-3,2762,1,0,1,0,0,0
SYN00052,11,-3,2762,1,0,1,0,0,0
SYN00052,12,-3,2741,0,0,1,0,0,0
SYN00052,13,-3,2741,0,0,1,0,0,0
SYN00052,14,-1,2717,1,0,1,0,0,0
SYN00052,15,-3,2695,0,0,1,0,0,0
SYN00052,16,-3,2674,1,0,1,0,0,0
SYN00052,17,-5,2665,0,0,1,0,0,0
SYN00052,18,-3,2647,1,0,1,0,0,0
SYN00052,19,-6,2628,0,0,1,0,0,0
SYN00052,20,-4,2617,1,0,1,0,0,0
SYN00052,21,-6,2599,0,0,1,0,0,0
SYN00052,22,-6,2579,1,0,1,0,0,0
SYN00052,23,-6,2579,1,0,1,0,0,0
SYN00052,24,-8,2564,0,0,1,0,0,0
SYN00052,25,-8,2557,1,0,1,0,0,0
SYN00052,26,-8,2557,1,0,1,0,0,0
SYN00052,27,-8,2535,0,0,1,0,0,0
SYN00052,28,-6,2521,1,0,1,0,0,0
SYN00052,29,-8,2505,0,0,1,0,0,0
SYN00052,30,-8,2491,1,0,1,0,0,0
SYN00052,31,-8,2491,1,0,1,0,0,0
SYN00052,32,-10,2486,0,0,1,0,0,0
SYN00052,33,-8,2469,1,0,1,0,0,0
SYN00052,34,-8,2447,0,1,1,0,0,0
SYN00052,35,-6,2426,1,1,1,0,0,0
SYN00052,36,-9,2417,0,1,1,0,0,0
SYN00052,37,-9,2393,1,1,1,0,0,0
SYN00052,38,-9,2393,1,1,1,0,0,0
SYN00052,39,-11,2371,0,1,1,0,0,0
SYN00052,40,-11,2356,1,1,1,0,0,0
SYN00052,41,-11,2356,1,1,1,0,0,0
SYN00052,42,-13,2343,0,1,1,0,0,0
SYN00052,43,-13,2322,1,1,2,0,0,0
SYN00052,44,-13,2307,0,2,2,0,0,0
SYN00052,45,-11,2294,1,2,2,0,0,0
SYN00052,46,-11,2284,0,3,2,0,0,0
SYN00052,47,-11,2270,1,3,2,0,0,0
SYN00052,48,-11,2262,0,3,2,0,0,0
SYN00052,49,-11,2262,0,3,2,0,0,0
SYN00052,50,-9,2250,1,3,2,0,0,0
SYN00052,51,-9,2233,0,3,2,0,0,0
SYN00052,52,-9,2233,0,3,2,0,0,0
SYN00052,53,-9,2214,1,3,3,0,0,0
SYN00052,54,-11,2200,0,3,3,0,0,0
SYN00052,55,-11,2192,1,3,3,0,0,0
SYN00052,56,-11,2192,1,3,3,0,0,0
SYN00052,57,-14,2172,0,3,3,0,0,0
SYN00052,58,-14,2160,1,3,4,0,0,0
SYN00052,59,-14,2160,0,3,4,0,0,0
SYN00052,60,-14,2160,0,3,4,0,0,0
SYN00052,61,-16,2152,0,3,4,0,0,0
SYN00052,62,-16,2134,1,3,4,0,0,0
SYN00052,63,-16,2134,1,3,4,0,0,0
SYN00052,64,-16,2119,0,3,4,0,0,0
SYN00052,65,-16,2119,0,3,4,0,0,0
SYN00052,66,-16,2101,1,3,5,0,1,0
SYN00052,67,-16,2079,0,3,5,0,1,0
SYN00052,68,-16,2079,0,3,5,0,1,0
SYN00052,69,-16,2070,1,3,6,0,1,0
SYN00052,70,-16,2048,0,3,6,0,1,0
SYN00052,71,-16,2025,1,3,6,0,1,0
SYN00052,72,-16,2025,1,3,6,0,1,0
SYN00052,73,-18,2003,0,3,6,0,1,0
SYN00052,74,-18,1994,1,3,6,0,1,0
SYN00052,75,-20,1984,0,3,6,0,1,0
SYN00052,76,-18,1965,1,3,6,0,1,0
SYN00052,77,-20,1942,0,3,6,0,1,0
SYN00052,78,-18,1927,1,3,6,0,1,0
SYN00052,79,-18,1914,0,3,6,0,1,0
SYN00052,80,-18,1914,0,3,6,0,1,0
SYN00052,81,-18,1901,1,3,6,0,1,0
SYN00052,82,-18,1901,1,3,6,0,1,0
SYN00052,83,-21,1896,0,3,6,0,1,0
SYN00052,84,-21,1881,1,3,7,0,1,0
SYN00052,85,-21,1874,0,3,7,0,1,0
SYN00052,86,-21,1874,0,3,7,0,1,0
SYN00052,87,-21,1868,1,3,7,0,1,0
SYN00052,88,-21,1868,1,3,7,0,1,0
SYN00052,89,-21,1862,0,3,7,0,1,0
SYN00052,90,-21,1839,1,3,7,0,1,0
SYN00052,91,-21,1839,1,3,7,0,1,0
SYN00052,92,-23,1827,0,3,7,0,1,0
SYN00052,93,-23,1817,1,3,7,0,1,0
SYN00052,94,-23,1817,1,3,7,0,1,0
SYN00052,95,-23,1809,0,4,7,0,1,0
SYN00052,96,-23,1798,1,4,7,0,1,0
SYN00052,97,-23,1798,1,4,7,0,1,0
SYN00052,98,-23,1779,0,4,7,0,1,0
SYN00052,99,-23,1779,0,4,7,0,1,0
SYN00052,100,-23,1768,1,4,8,0,1,0
SYN00052,101,-23,1744,0,5,8,1,1,0
SYN00052,102,-23,1738,1,5,8,1,1,0
SYN00052,103,-23,1738,1,5,8,1,1,0
SYN00052,104,-23,1724,0,5,8,1,1,0
SYN00052,105,-23,1703,1,5,8,1,1,0
SYN00052,106,-23,1703,1,5,8,1,1,0
SYN00052,107,-26,1685,0,5,8,1,1,0
SYN00052,108,-24,1664,1,5,8,1,1,0
SYN00052,109,-24,1653,0,5,8,1,1,0
SYN00052,110,-24,1653,0,5,8,1,1,0
SYN00052,111,-24,1638,1,5,8,1,1,0
SYN00052,112,-26,1621,0,5,8,1,1,0
SYN00052,113,-26,1613,1,5,8,1,1,0
SYN00052,114,-26,1613,1,5,8,1,1,0
SYN00052,115,-26,1608,0,5,8,1,1,0
SYN00052,116,-26,1608,0,5,8,1,1,0
SYN00052,117,-26,1602,1,5,8,1,1,0
SYN00052,118,-26,1602,1,5,8,1,1,0
SYN00052,119,-28,1595,0,5,8,1,1,0
SYN00052,120,-26,1578,1,5,8,1,1,0
SYN00052,121,-26,1568,0,5,8,1,1,0
SYN00052,122,-26,1561,1,5,8,1,1,0
SYN00052,123,-26,1561,1,5,8,1,1,0
SYN00052,124,-26,1550,0,5,8,1,1,0
SYN00052,125,-26,1550,0,5,8,1,1,0
SYN00052,126,-23,1533,1,5,8,1,1,0
SYN00052,127,-23,1515,0,5,8,1,1,0
SYN00052,128,-23,1515,0,5,8,1,1,0
SYN00052,129,-20,1493,1,5,8,1,1,0
SYN00052,130,-20,1471,0,6,8,1,1,0
SYN00052,131,-20,1449,1,6,9,1,1,0
SYN00052,132,-20,1443,0,6,9,1,1,0
SYN00052,133,-20,1443,0,6,9,1,1,0
SYN00052,134,-18,1440,1,6,9,1,1,0
SYN00052,135,-18,1440,0,6,9,1,1,0
SYN00052,136,-18,1440,0,6,9,1,1,0
SYN00052,137,-18,1420,0,6,9,1,1,0
SYN00052,138,-18,1420,0,6,9,1,1,0
SYN00052,139,-16,1400,1,6,9,1,1,0
SYN00052,140,-18,1395,0,6,9,1,1,0
SYN00052,141,-18,1390,1,6,9,1,1,0
SYN00052,142,-18,1390,1,6,9,1,1,0
SYN00052,143,-20,1377,0,6,9,1,1,0
SYN00052,144,-20,1369,1,6,9,1,1,0
SYN00052,145,-23,1359,0,6,9,1,1,0
SYN00052,146,-23,1342,1,6,9,1,1,0
SYN00052,147,-23,1342,1,6,9,1,1,0
SYN00052,148,-23,1332,0,6,9,1,1,0
SYN00052,149,-23,1332,0,6,9,1,1,0
SYN00052,150,-23,1317,1,6,9,1,1,0
SYN00052,151,-23,1317,1,6,9,1,1,0
SYN00052,152,-23,1296,0,6,9,1,1,0
SYN00052,153,-23,1296,0,6,9,1,1,0
SYN00052,154,-21,1288,1,6,9,1,1,0
SYN00052,155,-21,1267,0,6,9,1,1,0
SYN00052,156,-21,1267,0,6,9,1,1,0
SYN00052,157,-18,1247,1,6,9,1,1,0
SYN00052,158,-21,1225,0,6,9,1,1,0
SYN00052,159,-19,1211,1,6,9,1,1,0
SYN00052,160,-19,1206,0,6,9,1,1,0
SYN00052,161,-19,1206,0,6,9,1,1,0
SYN00052,162,-16,1193,1,6,9,1,1,0
SYN00052,163,-16,1182,0,6,9,1,1,0
SYN00052,164,-16,1176,1,6,10,1,1,0
SYN00052,165,-19,1162,0,6,10,1,1,0
SYN00052,166,-19,1147,1,6,10,1,1,0
SYN00052,167,-19,1147,1,6,10,1,1,0
SYN00052,168,-19,1126,0,6,10,1,1,0
SYN00052,169,-19,1126,0,6,10,1,1,0
SYN00052,170,-16,1112,1,6,10,1,1,0
SYN00052,171,-19,1097,0,6,10,1,1,0
SYN00052,172,-17,1085,1,6,10,1,1,0
SYN00052,173,-19,1063,0,6,10,1,1,0
SYN00052,174,-19,1046,1,6,10,1,1,0
SYN00052,175,-19,1046,1,6,10,1,1,0
SYN00052,176,-19,1036,0,6,10,1,1,0
SYN00052,177,-19,1036,0,6,10,1,1,0
SYN00052,178,-17,1020,1,6,10,1,1,0
SYN00052,179,-17,1005,0,6,10,1,1,0
SYN00052,180,-17,1005,0,6,10,1,1,0
SYN00052,181,-15,983,1,6,10,1,1,0
SYN00052,182,-17,971,0,6,10,1,1,0
SYN00052,183,-15,951,1,6,10,1,1,0
SYN00052,184,-18,941,0,6,10,1,1,0
SYN00052,185,-18,931,1,6,10,1,1,0
SYN00052,186,-18,907,0,7,10,1,1,0
SYN00052,187,-15,892,1,7,10,1,1,0
SYN00052,188,-15,878,0,7,10,1,1,0
SYN00052,189,-15,878,0,7,10,1,1,0
SYN00052,190,-15,871,1,7,11,1,1,0
SYN00052,191,-17,847,0,7,11,1,1,0
SYN00052,192,-15,832,1,7,11,1,1,0
SYN00052,193,-17,817,0,7,11,1,1,0
SYN00052,194,-17,798,1,7,11,1,1,0
SYN00052,195,-19,786,0,7,11,1,1,0
SYN00052,196,-17,770,1,7,11,1,1,0
SYN00052,197,-19,757,0,7,11,1,1,0
SYN00052,198,-19,751,1,7,11,1,1,0
SYN00052,199,-19,751,1,7,11,1,1,0
SYN00052,200,-19,729,0,7,11,1,1,0
SYN00052,201,-19,729,0,7,11,1,1,0
SYN00052,202,-19,724,1,7,11,1,1,0
SYN00052,203,-19,724,1,7,11,1,1,0
SYN00052,204,-21,720,0,7,11,1,1,0
SYN00052,205,-21,720,1,7,11,1,1,0
SYN00052,206,-21,720,1,7,11,1,1,0
SYN00052,207,-21,703,1,7,11,1,1,0
SYN00052,208,-21,703,1,7,11,1,1,0
SYN00052,209,-21,696,0,7,11,1,1,0
SYN00052,210,-21,696,0,7,11,1,1,0
SYN00052,211,-21,675,1,7,11,1,1,0
SYN00052,212,-21,675,1,7,11,1,1,0
SYN00052,213,-21,663,0,7,11,1,1,0
SYN00052,214,-21,663,0,7,11,1,1,0
SYN00052,215,-21,654,1,7,11,1,1,0
SYN00052,216,-21,654,1,7,11,1,1,0
SYN00052,217,-23,637,0,7,11,1,1,0
SYN00052,218,-23,613,1,7,11,1,1,0
SYN00052,219,-23,613,1,7,11,1,1,0
SYN00052,220,-26,593,0,7,11,1,1,0
SYN00052,221,-26,575,1,7,11,1,1,0
SYN00052,222,-26,575,1,7,11,1,1,0
SYN00052,223,-26,560,0,7,11,1,1,0
SYN00052,224,-24,544,1,7,11,1,1,0
SYN00052,225,-26,532,0,7,11,1,1,0
SYN00052,226,-24,527,1,7,11,1,1,0
SYN00052,227,-24,511,0,7,11,1,1,0
SYN00052,228,-24,511,0,7,11,1,1,0
SYN00052,229,-24,498,1,7,11,1,1,0
SYN00052,230,-24,498,1,7,11,1,1,0
SYN00052,231,-27,479,0,7,11,1,1,0
SYN00052,232,-25,462,1,7,11,1,1,0
SYN00052,233,-28,446,0,7,11,1,1,0
SYN00052,234,-28,437,1,7,11,1,1,0
SYN00052,235,-28,437,1,7,11,1,1,0
SYN00052,236,-28,420,0,7,11,1,1,0
SYN00052,237,-28,405,1,7,11,1,1,0
SYN00052,238,-28,405,1,7,11,1,1,0
SYN00052,239,-28,386,0,7,11,1,1,0
SYN00052,240,-28,386,0,7,11,1,1,0
SYN00052,241,-25,376,1,7,11,1,1,0
SYN00052,242,-25,355,0,7,11,1,1,0
SYN00052,243,-25,355,0,7,11,1,1,0
SYN00052,244,-25,339,1,7,11,1,1,0
SYN00052,245,-25,339,1,7,11,1,1,0
SYN00052,246,-27,334,0,7,11,1,1,0
SYN00052,247,-27,323,1,7,11,1,1,0
SYN00052,248,-29,317,0,7,11,1,1,0
SYN00052,249,-27,310,1,7,11,1,1,0
SYN00052,250,-29,303,0,7,11,1,1,0
SYN00052,251,-29,289,1,7,11,1,1,0
SYN00052,252,-29,289,1,7,11,1,1,0
SYN00052,253,-29,269,0,7,11,1,1,0
SYN00052,254,-29,269,0,7,11,1,1,0
SYN00052,255,-26,249,1,7,11,1,1,0
SYN00052,256,-26,225,0,8,11,1,1,0
SYN00052,257,-26,217,1,8,11,1,1,0
SYN00052,258,-26,217,1,8,11,1,1,0
SYN00052,259,-26,193,0,8,11,1,1,0
SYN00052,260,-26,193,0,8,11,1,1,0
SYN00052,261,-26,184,1,8,11,1,1,0
SYN00052,262,-26,184,1,8,11,1,1,0
SYN00052,263,-28,175,0,8,11,1,1,0
SYN00052,264,-28,155,1,8,11,1,1,0
SYN00052,265,-28,155,1,8,11,1,1,0
SYN00052,266,-28,135,0,8,11,1,1,0
SYN00052,267,-28,135,0,8,11,1,1,0
SYN00052,268,-28,130,1,8,12,1,1,0
SYN00052,269,-28,121,0,8,12,1,1,0
SYN00052,270,-28,107,1,8,12,1,1,0
SYN00052,271,-28,107,1,8,12,1,1,0
SYN00052,272,-30,93,0,8,12,1,1,0
SYN00052,273,-28,79,1,8,12,1,1,0
SYN00052,274,-28,68,0,8,12,1,1,0
SYN00052,275,-28,68,0,8,12,1,1,0
SYN00052,276,-28,60,1,8,12,1,1,0
SYN00052,277,-28,60,1,8,12,1,1,0
SYN00052,278,-28,50,0,8,12,1,1,0
SYN00052,279,-28,50,0,8,12,1,1,0
SYN00052,280,-26,28,1,8,12,1,1,0
SYN00052,281,-28,6,0,8,12,1,1,0
SYN00052,282,-28,0,1,8,12,1,1,0
SYN00052,283,-28,0,1,8,12,1,1,0
SYN00052,284,-28,0,0,8,12,1,1,0
SYN00053,1,0,2880,0,0,0,0,0,0
SYN00053,2,0,2856,0,1,0,0,0,0
SYN00053,3,0,2849,1,1,0,0,0,0
SYN00053,4,0,2849,1,1,0,0,0,0
SYN00053,5,0,2839,0,1,0,0,0,0
SYN00053,6,0,2839,0,1,0,0,0,0
SYN00053,7,0,2819,1,1,0,0,0,0
SYN00053,8,-2,2796,0,1,0,0,0,0
SYN00053,9,-2,2776,1,1,0,0,0,0
SYN00053,10,-2,2776,1,1,0,0,0,0
SYN00053,11,-4,2766,0,1,0,0,0,0
SYN00053,12,-4,2755,1,1,0,0,0,0
SYN00053,13,-4,2755,1,1,0,0,0,0
SYN00053,14,-4,2744,0,1,0,0,0,0
SYN00053,15,-4,2744,0,1,0,0,0,0
SYN00053,16,-2,2730,1,1,0,0,0,0
SYN00053,17,-2,2714,0,1,0,0,0,0
SYN00053,18,-2,2714,0,1,0,0,0,0
SYN00053,19,0,2699,1,1,0,0,0,0
SYN00053,20,-3,2684,0,1,0,0,0,0
SYN00053,21,-3,2674,1,1,0,0,0,0
SYN00053,22,-3,2674,1,1,0,0,0,0
SYN00053,23,-5,2652,0,1,0,0,0,0
SYN00053,24,-3,2635,1,1,0,0,0,0
SYN00053,25,-3,2618,0,1,0,0,0,0
SYN00053,26,-3,2618,0,1,0,0,0,0
SYN00053,27,-3,2599,1,1,0,0,0,0
SYN00053,28,-3,2599,1,1,0,0,0,0
SYN00053,29,-3,2587,0,1,0,0,0,0
SYN00053,30,-3,2587,0,1,0,0,0,0
SYN00053,31,-3,2574,1,1,0,0,0,0
SYN00053,32,-3,2574,1,1,0,0,0,0
SYN00053,33,-3,2553,0,1,0,0,0,0
SYN00053,34,-3,2553,0,1,0,0,0,0
SYN00053,35,-1,2540,1,1,0,0,0,0
SYN00053,36,-3,2525,0,1,0,0,0,0
SYN00053,37,-3,2511,1,1,0,0,0,0
SYN00053,38,-3,2511,1,1,0,0,0,0
SYN00053,39,-3,2489,0,1,0,0,0,0
SYN00053,40,-3,2489,0,1,0,0,0,0
SYN00053,41,-1,2466,1,1,0,0,0,0
SYN00053,42,-1,2445,0,1,0,0,0,0
SYN00053,43,-1,2445,0,1,0,0,0,0
SYN00053,44,-1,2422,1,1,0,0,0,0
SYN00053,45,-1,2408,0,1,0,0,0,0
SYN00053,46,-1,2408,0,1,0,0,0,0
SYN00053,47,-1,2384,1,1,0,0,0,0
SYN00053,48,-1,2384,1,1,0,0,0,0
SYN00053,49,-1,2376,0,2,0,0,0,0
SYN00053,50,-1,2369,1,2,1,0,0,0
SYN00053,51,-1,2352,0,2,1,0,0,0
SYN00053,52,-1,2352,0,2,1,0,0,0
SYN00053,53,-1,2333,1,2,1,0,0,0
SYN00053,54,-1,2333,1,2,1,0,0,0
SYN00053,55,-1,2309,0,2,1,0,0,0
SYN00053,56,-1,2309,0,2,1,0,0,0
SYN00053,57,1,2289,1,2,1,0,0,0
SYN00053,58,-2,2284,0,2,1,0,0,0
SYN00053,59,-2,2264,1,2,1,0,0,0
SYN00053,60,-2,2264,1,2,1,0,0,0
SYN00053,61,-4,2255,0,2,1,0,0,0
SYN00053,62,-1,2239,1,2,1,0,0,0
SYN00053,63,-3,2223,0,2,1,0,0,0
SYN00053,64,-3,2206,1,2,1,0,0,0
SYN00053,65,-3,2206,1,2,1,0,0,0
SYN00053,66,-3,2195,0,2,1,0,0,0
SYN00053,67,-3,2195,0,2,1,0,0,0
SYN00053,68,-1,2182,1,2,1,0,0,0
SYN00053,69,-1,2177,0,3,1,0,0,0
SYN00053,70,1,2160,1,3,1,0,0,0
SYN00053,71,1,2160,0,3,1,0,0,0
SYN00053,72,1,2160,0,3,1,0,0,0
SYN00053,73,1,2154,0,3,1,0,0,0
SYN00053,74,1,2154,0,3,1,0,0,0
SYN00053,75,1,2142,1,3,1,0,0,0
SYN00053,76,1,2142,1,3,1,0,0,0
SYN00053,77,-1,2129,0,3,1,0,0,0
SYN00053,78,-1,2106,1,3,1,0,0,0
SYN00053,79,-1,2106,1,3,1,0,0,0
SYN00053,80,-4,2097,0,3,1,0,0,0
SYN00053,81,-4,2088,1,3,1,0,0,0
SYN00053,82,-4,2088,1,3,1,0,0,0
SYN00053,83,-7,2067,0,3,1,0,0,0
SYN00053,84,-7,2055,1,3,1,0,0,0
SYN00053,85,-7,2042,0,3,1,0,0,0
SYN00053,86,-7,2042,0,3,1,0,0,0
SYN00053,87,-7,2033,1,3,2,0,0,0
SYN00053,88,-7,2018,0,4,2,0,0,0
SYN00053,89,-7,2008,1,4,2,0,0,0
SYN00053,90,-7,2008,1,4,2,0,0,0
SYN00053,91,-7,1989,0,4,2,0,0,0
SYN00053,92,-7,1989,0,4,2,0,0,0
SYN00053,93,-7,1969,1,4,2,0,0,0
SYN00053,94,-7,1969,1,4,2,0,0,0
SYN00053,95,-7,1957,0,4,2,0,0,0
SYN00053,96,-7,1957,0,4,2,0,0,0
SYN00053,97,-5,1941,1,4,2,0,0,0
SYN00053,98,-5,1918,0,4,2,0,0,0
SYN00053,99,-5,1918,0,4,2,0,0,0
SYN00053,100,-5,1913,1,4,2,0,0,0
SYN00053,101,-5,1913,1,4,2,0,0,0
SYN00053,102,-5,1891,0,5,2,1,0,0
SYN00053,103,-5,1886,1,5,2,1,0,0
SYN00053,104,-5,1886,1,5,2,1,0,0
SYN00053,105,-5,1876,0,5,2,1,0,0
SYN00053,106,-5,1876,0,5,2,1,0,0
SYN00053,107,-5,1853,1,5,2,1,0,0
SYN00053,108,-5,1853,1,5,2,1,0,0
SYN00053,109,-5,1843,0,5,2,1,0,0
SYN00053,110,-5,1843,0,5,2,1,0,0
SYN00053,111,-5,1831,1,5,2,1,0,0
SYN00053,112,-5,1831,1,5,2,1,0,0
SYN00053,113,-7,1817,0,5,2,1,0,0
SYN00053,114,-7,1798,1,5,2,1,0,0
SYN00053,115,-7,1798,1,5,2,1,0,0
SYN00053,116,-7,1791,0,5,2,1,0,0
SYN00053,117,-7,1791,0,5,2,1,0,0
SYN00053,118,-5,1775,1,5,2,1,0,0
SYN00053,119,-7,1758,0,5,2,1,0,0
SYN00053,120,-7,1753,1,5,2,1,0,0
SYN00053,121,-7,1748,0,5,2,1,0,0
SYN00053,122,-7,1748,0,5,2,1,0,0
SYN00053,123,-7,1727,1,5,2,1,0,0
SYN00053,124,-7,1722,0,5,2,1,0,0
SYN00053,125,-7,1722,0,5,2,1,0,0
SYN00053,126,-7,1698,1,5,2,1,0,0
SYN00053,127,-7,1698,1,5,2,1,0,0
SYN00053,128,-7,1681,0,5,2,1,0,0
SYN00053,129,-7,1681,0,5,2,1,0,0
SYN00053,130,-7,1670,1,5,2,1,0,0
SYN00053,131,-7,1670,1,5,2,1,0,0
SYN00053,132,-7,1648,0,5,2,1,0,0
SYN00053,133,-7,1648,0,5,2,1,0,0
SYN00053,134,-4,1643,1,5,2,1,0,0
SYN00053,135,-6,1624,0,5,2,1,0,0
SYN00053,136,-6,1618,1,5,3,1,0,0
SYN00053,137,-8,1606,0,5,3,1,0,0
SYN00053,138,-8,1596,1,5,3,1,0,0
SYN00053,139,-8,1596,1,5,3,1,0,0
SYN00053,140,-11,1580,0,5,3,1,0,0
SYN00053,141,-11,1566,1,5,3,1,0,0
SYN00053,142,-11,1547,0,5,3,1,0,0
SYN00053,143,-11,1547,0,5,3,1,0,0
SYN00053,144,-9,1538,1,5,3,1,0,0
SYN00053,145,-11,1520,0,5,3,1,0,0
SYN00053,146,-11,1508,1,5,3,1,0,0
SYN00053,147,-11,1508,1,5,3,1,0,0
SYN00053,148,-13,1487,0,5,3,1,0,0
SYN00053,149,-13,1472,1,5,4,1,0,0
SYN00053,150,-15,1451,0,5,4,1,0,0
SYN00053,151,-13,1440,1,5,4,1,0,0
SYN00053,152,-13,1440,0,5,4,1,0,0
SYN00053,153,-13,1440,0,5,4,1,0,0
SYN00053,154,-13,1419,0,5,4,1,0,0
SYN00053,155,-13,1419,0,5,4,1,0,0
SYN00053,156,-10,1406,1,5,4,1,0,0
SYN00053,157,-10,1382,0,5,4,1,0,0
SYN00053,158,-10,1359,1,5,4,1,0,0
SYN00053,159,-10,1354,0,5,4,1,0,0
SYN00053,160,-10,1354,0,5,4,1,0,0
SYN00053,161,-10,1343,1,5,4,1,0,0
SYN00053,162,-10,1343,1,5,4,1,0,0
SYN00053,163,-10,1330,0,6,4,1,0,0
SYN00053,164,-8,1320,1,6,4,1,0,0
SYN00053,165,-11,1309,0,6,4,1,0,0
SYN00053,166,-11,1296,1,6,4,1,0,0
SYN00053,167,-11,1296,1,6,4,1,0,0
SYN00053,168,-11,1276,0,6,4,1,0,0
SYN00053,169,-11,1276,0,6,4,1,0,0
SYN00053,170,-11,1267,1,6,4,1,0,0
SYN00053,171,-11,1267,1,6,4,1,0,0
SYN00053,172,-11,1248,0,6,4,1,0,0
SYN00053,173,-11,1243,1,6,4,1,0,0
SYN00053,174,-11,1243,1,6,4,1,0,0
SYN00053,175,-13,1237,0,6,4,1,0,0
SYN00053,176,-11,1214,1,6,4,1,0,0
SYN00053,177,-11,1190,0,7,4,1,0,0
SYN00053,178,-9,1166,1,7,4,1,0,0
SYN00053,179,-11,1157,0,7,4,1,0,0
SYN00053,180,-8,1145,1,7,4,1,0,0
SYN00053,181,-11,1139,0,7,4,1,0,0
SYN00053,182,-11,1132,1,7,5,1,1,0
SYN00053,183,-13,1114,0,7,5,1,1,0
SYN00053,184,-13,1098,1,7,5,1,1,0
SYN00053,185,-13,1098,1,7,5,1,1,0
SYN00053,186,-13,1091,0,8,5,1,1,0
SYN00053,187,-13,1073,1,8,5,1,1,0
SYN00053,188,-13,1073,1,8,5,1,1,0
SYN00053,189,-13,1054,0,8,5,1,1,0
SYN00053,190,-13,1054,0,8,5,1,1,0
SYN00053,191,-13,1035,1,8,5,1,1,0
SYN00053,192,-13,1035,1,8,5,1,1,0
SYN00053,193,-13,1023,0,8,5,1,1,0
SYN00053,194,-13,1023,0,8,5,1,1,0
SYN00053,195,-13,1016,1,8,5,1,1,0
SYN00053,196,-13,1016,1,8,5,1,1,0
SYN00053,197,-13,1011,0,8,5,1,1,0
SYN00053,198,-13,1011,0,8,5,1,1,0
SYN00053,199,-13,988,1,8,5,1,1,0
SYN00053,200,-13,988,1,8,5,1,1,0
SYN00053,201,-13,978,0,9,5,1,1,0
SYN00053,202,-10,958,1,9,5,1,1,0
SYN00053,203,-10,951,0,9,5,1,1,0
SYN00053,204,-10,951,0,9,5,1,1,0
SYN00053,205,-10,944,1,9,5,1,1,0
SYN00053,206,-10,944,1,9,5,1,1,0
SYN00053,207,-13,927,0,9,5,1,1,0
SYN00053,208,-13,918,1,9,5,1,1,0
SYN00053,209,-13,918,1,9,5,1,1,0
SYN00053,210,-13,907,0,9,5,1,1,0
SYN00053,211,-13,886,1,9,5,1,1,0
SYN00053,212,-13,886,1,9,5,1,1,0
SYN00053,213,-15,867,0,9,5,1,1,0
SYN00053,214,-15,857,1,9,5,1,1,0
SYN00053,215,-15,857,1,9,5,1,1,0
SYN00053,216,-18,839,0,9,5,1,1,0
SYN00053,217,-15,831,1,9,5,1,1,0
SYN00053,218,-15,812,0,9,5,1,1,0
SYN00053,219,-15,812,0,9,5,1,1,0
SYN00053,220,-15,798,1,9,5,1,1,0
SYN00053,221,-15,798,1,9,5,1,1,0
SYN00053,222,-15,777,0,9,5,1,1,0
SYN00053,223,-15,758,1,9,5,1,1,0
SYN00053,224,-15,758,1,9,5,1,1,0
SYN00053,225,-15,747,0,10,5,1,1,0
SYN00053,226,-13,736,1,10,5,1,1,0
SYN00053,227,-13,721,0,10,5,1,1,0
SYN00053,228,-13,721,0,10,5,1,1,0
SYN00053,229,-13,720,1,10,5,1,1,0
SYN00053,230,-13,720,1,10,5,1,1,0
SYN00053,231,-13,720,0,10,5,1,1,0
SYN00053,232,-13,720,0,10,5,1,1,0
SYN00053,233,-13,713,0,10,5,1,1,0
SYN00053,234,-13,713,0,10,5,1,1,0
SYN00053,235,-11,705,1,10,5,1,1,0
SYN00053,236,-11,681,0,10,5,1,1,0
SYN00053,237,-11,658,1,10,5,1,1,0
SYN00053,238,-11,658,1,10,5,1,1,0
SYN00053,239,-11,637,0,10,5,1,1,0
SYN00053,240,-11,637,0,10,5,1,1,0
SYN00053,241,-11,622,1,10,5,1,1,0
SYN00053,242,-11,622,1,10,5,1,1,0
SYN00053,243,-11,603,0,10,5,1,1,0
SYN00053,244,-11,581,1,10,5,1,1,0
SYN00053,245,-11,581,1,10,5,1,1,0
SYN00053,246,-13,573,0,10,5,1,1,0
SYN00053,247,-13,566,1,10,5,1,1,0
SYN00053,248,-13,566,1,10,5,1,1,0
SYN00053,249,-16,547,0,10,5,1,1,0
SYN00053,250,-13,529,1,10,5,1,1,0
SYN00053,251,-15,513,0,10,5,1,1,0
SYN00053,252,-15,499,1,10,5,1,1,0
SYN00053,253,-15,499,1,10,5,1,1,0
SYN00053,254,-17,479,0,10,5,1,1,0
SYN00053,255,-15,460,1,10,5,1,1,0
SYN00053,256,-17,455,0,10,5,1,1,0
SYN00053,257,-17,432,1,10,5,1,1,0
SYN00053,258,-17,432,1,10,5,1,1,0
SYN00053,259,-17,425,0,10,5,1,1,0
SYN00053,260,-17,425,0,10,5,1,1,0
SYN00053,261,-15,420,1,10,5,1,1,0
SYN00053,262,-15,414,0,10,5,1,1,0
SYN00053,263,-15,414,0,10,5,1,1,0
SYN00053,264,-15,405,1,10,5,1,1,0
SYN00053,265,-15,394,0,10,5,1,1,0
SYN00053,266,-15,381,1,10,6,1,1,0
SYN00053,267,-18,359,0,10,6,1,1,0
SYN00053,268,-16,336,1,10,6,1,1,0
SYN00053,269,-16,316,0,10,6,1,1,0
SYN00053,270,-16,316,0,10,6,1,1,0
SYN00053,271,-16,296,1,10,6,1,1,0
SYN00053,272,-16,296,1,10,6,1,1,0
SYN00053,273,-16,278,0,10,6,1,1,0
SYN00053,274,-16,278,0,10,6,1,1,0
SYN00053,275,-13,263,1,10,6,1,1,0
SYN00053,276,-13,245,0,10,6,1,1,0
SYN00053,277,-13,245,0,10,6,1,1,0
SYN00053,278,-11,240,1,10,6,1,1,0
SYN00053,279,-14,220,0,10,6,1,1,0
SYN00053,280,-14,209,1,10,6,1,1,0
SYN00053,281,-14,209,1,10,6,1,1,0
SYN00053,282,-16,186,0,10,6,1,1,0
SYN00053,283,-16,173,1,10,6,1,1,0
SYN00053,284,-19,162,0,10,6,1,1,0
SYN00053,285,-19,157,1,10,6,1,1,0
SYN00053,286,-19,157,1,10,6,1,1,0
SYN00053,287,-21,139,0,10,6,1,1,0
SYN00053,288,-21,125,1,10,6,1,1,0
SYN00053,289,-21,110,0,10,6,1,1,0
SYN00053,290,-21,110,0,10,6,1,1,0
SYN00053,291,-21,103,1,10,6,1,1,0
SYN00053,292,-21,103,1,10,6,1,1,0
SYN00053,293,-21,86,0,10,6,1,1,0
SYN00053,294,-21,86,0,10,6,1,1,0
SYN00053,295,-21,65,1,10,6,1,1,0
SYN00053,296,-21,65,1,10,6,1,1,0
SYN00053,297,-21,50,0,10,6,1,1,0
SYN00053,298,-21,50,0,10,6,1,1,0
SYN00053,299,-21,26,1,10,6,1,1,0
SYN00053,300,-21,26,1,10,6,1,1,0
SYN00053,301,-21,3,0,11,6,1,1,0
SYN00053,302,-21,0,1,11,6,1,1,0
SYN00053,303,-21,0,0,11,6,1,1,0
SYN00054,1,0,2880,0,0,0,0,0,0
SYN00054,2,0,2875,0,0,0,0,0,0
SYN00054,3,0,2875,0,0,0,0,0,0
SYN00054,4,2,2861,1,0,0,0,0,0
SYN00054,5,2,2838,0,1,0,0,0,0
SYN00054,6,4,2824,1,1,0,0,0,0
SYN00054,7,4,2805,0,1,0,0,0,0
SYN00054,8,4,2805,0,1,0,0,0,0
SYN00054,9,4,2795,1,1,0,0,0,0
SYN00054,10,4,2795,1,1,0,0,0,0
SYN00054,11,4,2779,0,1,0,0,0,0
SYN00054,12,6,2772,1,1,0,0,0,0
SYN00054,13,4,2767,0,1,0,0,0,0
SYN00054,14,4,2757,1,1,0,0,0,0
SYN00054,15,4,2757,1,1,0,0,0,0
SYN00054,16,2,2740,0,1,0,0,0,0
SYN00054,17,2,2721,1,1,1,0,0,0
SYN00054,18,2,2699,0,1,1,0,0,0
SYN00054,19,2,2699,0,1,1,0,0,0
SYN00054,20,2,2676,1,1,1,0,0,0
SYN00054,21,2,2676,1,1,1,0,0,0
SYN00054,22,0,2653,0,1,1,0,0,0
SYN00054,23,2,2639,1,1,1,0,0,0
SYN00054,24,-1,2626,0,1,1,0,0,0
SYN00054,25,-1,2615,1,1,1,0,0,0
SYN00054,26,-1,2615,1,1,1,0,0,0
SYN00054,27,-1,2592,0,1,1,0,0,0
SYN00054,28,-1,2592,0,1,1,0,0,0
SYN00054,29,2,2577,1,1,1,0,0,0
SYN00054,30,0,2569,0,1,1,0,0,0
SYN00054,31,0,2547,1,1,2,0,0,0
SYN00054,32,-2,2535,0,1,2,0,0,0
SYN00054,33,0,2517,1,1,2,0,0,0
SYN00054,34,-2,2495,0,1,2,0,0,0
SYN00054,35,0,2471,1,1,2,0,0,0
SYN00054,36,-2,2454,0,1,2,0,0,0
SYN00054,37,0,2439,1,1,2,0,0,0
SYN00054,38,0,2430,0,1,2,0,0,0
SYN00054,39,0,2413,1,1,2,0,0,0
SYN00054,40,0,2413,1,1,2,0,0,0
SYN00054,41,-3,2406,0,1,2,0,0,0
SYN00054,42,-3,2392,1,1,2,0,0,0
SYN00054,43,-3,2392,1,1,2,0,0,0
SYN00054,44,-3,2375,0,1,2,0,0,0
SYN00054,45,-3,2375,0,1,2,0,0,0
SYN00054,46,-1,2352,1,1,2,0,0,0
SYN00054,47,-1,2336,0,2,2,0,0,0
SYN00054,48,2,2318,1,2,2,0,0,0
SYN00054,49,-1,2312,0,2,2,0,0,0
SYN00054,50,1,2301,1,2,2,0,0,0
SYN00054,51,-1,2277,0,2,2,0,0,0
SYN00054,52,1,2256,1,2,2,0,0,0
SYN00054,53,-1,2239,0,2,2,0,0,0
SYN00054,54,-1,2222,1,2,2,0,0,0
SYN00054,55,-1,2222,1,2,2,0,0,0
SYN00054,56,-1,2204,0,2,2,0,0,0
SYN00054,57,-1,2204,0,2,2,0,0,0
SYN00054,58,-1,2186,1,2,2,0,0,0
SYN00054,59,-1,2186,1,2,2,0,0,0
SYN00054,60,-1,2163,0,2,2,0,0,0
SYN00054,61,-1,2163,0,2,2,0,0,0
SYN00054,62,-1,2160,1,2,3,0,0,0
SYN00054,63,-1,2160,0,2,3,0,0,0
SYN00054,64,-1,2160,0,2,3,0,0,0
SYN00054,65,-1,2145,0,3,3,0,0,0
SYN00054,66,-1,2134,1,3,3,0,0,0
SYN00054,67,-1,2134,1,3,3,0,0,0
SYN00054,68,-1,2125,0,4,3,0,0,0
SYN00054,69,1,2112,1,4,3,0,0,0
SYN00054,70,-1,2089,0,4,3,0,0,0
SYN00054,71,1,2074,1,4,3,0,0,0
SYN00054,72,1,2058,0,4,3,0,0,0
SYN00054,73,1,2058,0,4,3,0,0,0
SYN00054,74,1,2049,1,4,3,0,0,0
SYN00054,75,1,2049,1,4,3,0,0,0
SYN00054,76,1,2033,0,4,3,0,0,0
SYN00054,77,1,2033,0,4,3,0,0,0
SYN00054,78,1,2015,1,4,3,0,0,0
SYN00054,79,1,1997,0,4,3,0,0,0
SYN00054,80,1,1997,0,4,3,0,0,0
SYN00054,81,4,1990,1,4,3,0,0,0
SYN00054,82,4,1969,0,4,3,0,0,0
SYN00054,83,4,1969,0,4,3,0,0,0
SYN00054,84,6,1945,1,4,3,0,0,0
SYN00054,85,6,1925,0,4,3,0,0,0
SYN00054,86,6,1925,0,4,3,0,0,0
SYN00054,87,8,1912,1,4,3,0,0,0
SYN00054,88,6,1898,0,4,3,0,0,0
SYN00054,89,6,1883,1,4,3,0,0,0
SYN00054,90,6,1883,1,4,3,0,0,0
SYN00054,91,3,1871,0,4,3,0,0,0
SYN00054,92,3,1854,1,4,3,0,0,0
SYN00054,93,3,1854,1,4,3,0,0,0
SYN00054,94,1,1840,0,4,3,0,0,0
SYN00054,95,1,1825,1,4,3,0,0,0
SYN00054,96,1,1825,1,4,3,0,0,0
SYN00054,97,-1,1811,0,4,3,0,0,0
SYN00054,98,-1,1800,1,4,4,0,0,0
SYN00054,99,-4,1795,0,4,4,0,0,0
SYN00054,100,-4,1784,1,4,4,0,0,0
SYN00054,101,-4,1784,1,4,4,0,0,0
SYN00054,102,-6,1775,0,4,4,0,0,0
SYN00054,103,-4,1756,1,4,4,0,0,0
SYN00054,104,-6,1748,0,4,4,0,0,0
SYN00054,105,-6,1732,1,4,4,0,0,0
SYN00054,106,-8,1718,0,4,4,0,0,0
SYN00054,107,-8,1706,1,4,4,0,0,0
SYN00054,108,-8,1706,1,4,4,0,0,0
SYN00054,109,-10,1687,0,4,4,0,0,0
SYN00054,110,-10,1665,1,4,4,0,0,0
SYN00054,111,-10,1665,1,4,4,0,0,0
SYN00054,112,-10,1644,0,4,4,0,0,0
SYN00054,113,-10,1644,0,4,4,0,0,0
SYN00054,114,-10,1625,1,4,4,0,0,0
SYN00054,115,-10,1625,1,4,4,0,0,0
SYN00054,116,-10,1615,0,4,4,0,0,0
SYN00054,117,-10,1615,0,4,4,0,0,0
SYN00054,118,-10,1598,1,4,4,0,0,0
SYN00054,119,-10,1598,1,4,4,0,0,0
SYN00054,120,-10,1584,0,5,4,1,0,0
SYN00054,121,-10,1560,1,5,4,1,0,0
SYN00054,122,-13,1542,0,5,4,1,0,0
SYN00054,123,-11,1525,1,5,4,1,0,0
SYN00054,124,-13,1519,0,5,4,1,0,0
SYN00054,125,-13,1514,1,5,4,1,0,0
SYN00054,126,-13,1506,0,5,4,1,0,0
SYN00054,127,-13,1506,0,5,4,1,0,0
SYN00054,128,-13,1482,1,5,4,1,0,0
SYN00054,129,-13,1482,1,5,4,1,0,0
SYN00054,130,-16,1468,0,5,4,1,0,0
SYN00054,131,-16,1449,1,5,4,1,0,0
SYN00054,132,-16,1449,1,5,4,1,0,0
SYN00054,133,-16,1441,0,5,4,1,0,0
SYN00054,134,-16,1440,1,5,4,1,0,0
SYN00054,135,-16,1440,1,5,4,1,0,0
SYN00054,136,-16,1440,0,5,4,1,0,0
SYN00054,137,-16,1440,0,5,4,1,0,0
SYN00054,138,-16,1433,0,5,4,1,0,0
SYN00054,139,-16,1433,0,5,4,1,0,0
SYN00054,140,-16,1415,1,5,4,1,0,0
SYN00054,141,-16,1415,1,5,4,1,0,0
SYN00054,142,-16,1391,0,5,4,1,0,0
SYN00054,143,-16,1391,0,5,4,1,0,0
SYN00054,144,-16,1380,1,5,4,1,0,0
SYN00054,145,-16,1374,0,5,4,1,0,0
SYN00054,146,-16,1374,0,5,4,1,0,0
SYN00054,147,-13,1359,1,5,4,1,0,0
SYN00054,148,-16,1340,0,5,4,1,0,0
SYN00054,149,-16,1334,1,5,4,1,0,0
SYN00054,150,-19,1312,0,5,4,1,0,0
SYN00054,151,-17,1293,1,5,4,1,0,0
SYN00054,152,-17,1276,0,5,4,1,0,0
SYN00054,153,-17,1276,0,5,4,1,0,0
SYN00054,154,-17,1252,1,5,4,1,0,0
SYN00054,155,-17,1252,1,5,4,1,0,0
SYN00054,156,-17,1237,0,5,4,1,0,0
SYN00054,157,-17,1216,1,5,4,1,0,0
SYN00054,158,-17,1216,1,5,4,1,0,0
SYN00054,159,-19,1198,0,5,4,1,0,0
SYN00054,160,-16,1186,1,5,4,1,0,0
SYN00054,161,-16,1171,0,6,4,1,0,0
SYN00054,162,-16,1166,1,6,4,1,0,0
SYN00054,163,-16,1166,1,6,4,1,0,0
SYN00054,164,-16,1142,0,6,4,1,0,0
SYN00054,165,-16,1142,0,6,4,1,0,0
SYN00054,166,-14,1124,1,6,4,1,0,0
SYN00054,167,-16,1106,0,6,4,1,0,0
SYN00054,168,-16,1100,1,6,4,1,0,0
SYN00054,169,-16,1100,1,6,4,1,0,0
SYN00054,170,-18,1078,0,6,4,1,0,0
SYN00054,171,-18,1065,1,6,5,1,1,0
SYN00054,172,-20,1051,0,6,5,1,1,0
SYN00054,173,-20,1036,1,6,5,1,1,0
SYN00054,174,-20,1036,1,6,5,1,1,0
SYN00054,175,-22,1031,0,6,5,1,1,0
SYN00054,176,-20,1010,1,6,5,1,1,0
SYN00054,177,-22,987,0,6,5,1,1,0
SYN00054,178,-22,976,1,6,5,1,1,0
SYN00054,179,-22,976,1,6,5,1,1,0
SYN00054,180,-22,971,0,6,5,1,1,0
SYN00054,181,-22,956,1,6,5,1,1,0
SYN00054,182,-22,956,1,6,5,1,1,0
SYN00054,183,-22,950,0,6,5,1,1,0
SYN00054,184,-22,950,0,6,5,1,1,0
SYN00054,185,-22,936,1,6,5,1,1,0
SYN00054,186,-22,936,1,6,5,1,1,0
SYN00054,187,-22,914,0,7,5,1,1,0
SYN00054,188,-22,898,1,7,5,1,1,0
SYN00054,189,-22,898,1,7,5,1,1,0
SYN00054,190,-22,877,0,7,5,1,1,0
SYN00054,191,-22,855,1,7,5,1,1,0
SYN00054,192,-22,855,1,7,5,1,1,0
SYN00054,193,-22,841,0,7,5,1,1,0
SYN00054,194,-22,841,0,7,5,1,1,0
SYN00054,195,-22,826,1,7,5,1,1,0
SYN00054,196,-22,826,1,7,5,1,1,0
SYN00054,197,-22,814,0,7,5,1,1,0
SYN00054,198,-22,814,0,7,5,1,1,0
SYN00054,199,-22,793,1,7,5,1,1,0
SYN00054,200,-22,793,1,7,5,1,1,0
SYN00054,201,-24,786,0,7,5,1,1,0
SYN00054,202,-24,762,1,7,5,1,1,0
SYN00054,203,-24,746,0,7,5,1,1,0
SYN00054,204,-24,729,1,7,5,1,1,0
SYN00054,205,-24,729,1,7,5,1,1,0
SYN00054,206,-26,720,0,7,5,1,1,0
SYN00054,207,-26,720,1,7,5,1,1,0
SYN00054,208,-26,720,1,7,5,1,1,0
SYN00054,209,-26,702,1,7,5,1,1,0
SYN00054,210,-26,702,1,7,5,1,1,0
SYN00054,211,-26,685,0,7,5,1,1,0
SYN00054,212,-26,685,0,7,5,1,1,0
SYN00054,213,-24,673,1,7,5,1,1,0
SYN00054,214,-24,662,0,7,5,1,1,0
SYN00054,215,-24,662,0,7,5,1,1,0
SYN00054,216,-24,638,1,7,5,1,1,0
SYN00054,217,-24,638,1,7,5,1,1,0
SYN00054,218,-24,623,0,7,5,1,1,0
SYN00054,219,-24,623,0,7,5,1,1,0
SYN00054,220,-24,616,1,7,5,1,1,0
SYN00054,221,-24,616,1,7,5,1,1,0
SYN00054,222,-24,610,0,7,5,1,1,0
SYN00054,223,-24,610,0,7,5,1,1,0
SYN00054,224,-24,586,1,7,5,1,1,0
SYN00054,225,-24,586,1,7,5,1,1,0
SYN00054,226,-26,566,0,7,5,1,1,0
SYN00054,227,-24,558,1,7,5,1,1,0
SYN00054,228,-24,541,0,7,5,1,1,0
SYN00054,229,-22,524,1,7,5,1,1,0
SYN00054,230,-22,507,0,7,5,1,1,0
SYN00054,231,-20,488,1,7,5,1,1,0
SYN00054,232,-20,467,0,7,5,1,1,0
SYN00054,233,-20,467,0,7,5,1,1,0
SYN00054,234,-20,454,1,7,5,1,1,0
SYN00054,235,-20,454,1,7,5,1,1,0
SYN00054,236,-20,432,0,7,5,1,1,0
SYN00054,237,-20,432,0,7,5,1,1,0
SYN00054,238,-20,411,1,7,5,1,1,0
SYN00054,239,-20,411,1,7,5,1,1,0
SYN00054,240,-20,387,0,7,5,1,1,0
SYN00054,241,-20,387,0,7,5,1,1,0
SYN00054,242,-20,367,1,7,5,1,1,0
SYN00054,243,-20,367,1,7,5,1,1,0
SYN00054,244,-22,361,0,7,5,1,1,0
SYN00054,245,-20,340,1,7,5,1,1,0
SYN00054,246,-20,326,0,7,5,1,1,0
SYN00054,247,-20,326,0,7,5,1,1,0
SYN00054,248,-20,318,1,7,5,1,1,0
SYN00054,249,-20,318,1,7,5,1,1,0
SYN00054,250,-22,307,0,7,5,1,1,0
SYN00054,251,-22,296,1,7,5,1,1,0
SYN00054,252,-22,296,1,7,5,1,1,0
SYN00054,253,-22,287,0,7,5,1,1,0
SYN00054,254,-22,287,0,7,5,1,1,0
SYN00054,255,-20,271,1,7,5,1,1,0
SYN00054,256,-22,265,0,7,5,1,1,0
SYN00054,257,-19,258,1,7,5,1,1,0
SYN00054,258,-19,235,0,7,5,1,1,0
SYN00054,259,-19,235,0,7,5,1,1,0
SYN00054,260,-19,215,1,7,5,1,1,0
SYN00054,261,-19,215,1,7,5,1,1,0
SYN00054,262,-19,196,0,7,5,1,1,0
SYN00054,263,-19,196,0,7,5,1,1,0
SYN00054,264,-16,177,1,7,5,1,1,0
SYN00054,265,-16,165,0,8,5,1,1,0
SYN00054,266,-16,143,1,8,5,1,1,0
SYN00054,267,-16,143,1,8,5,1,1,0
SYN00054,268,-16,136,0,8,5,1,1,0
SYN00054,269,-16,136,0,8,5,1,1,0
SYN00054,270,-16,116,1,8,6,1,1,0
SYN00054,271,-16,105,0,8,6,1,1,0
SYN00054,272,-16,105,0,8,6,1,1,0
SYN00054,273,-16,99,1,8,6,1,1,0
SYN00054,274,-16,99,1,8,6,1,1,0
SYN00054,275,-18,79,0,8,6,1,1,0
SYN00054,276,-18,56,1,8,7,1,1,0
SYN00054,277,-20,33,0,8,7,1,1,0
SYN00054,278,-20,9,1,8,7,1,1,0
SYN00054,279,-20,9,1,8,7,1,1,0
SYN00054,280,-22,2,0,8,7,1,1,0
SYN00054,281,-22,0,1,8,7,1,1,0
SYN00054,282,-22,0,1,8,7,1,1,0
SYN00054,283,-22,0,0,8,7,1,1,0
SYN00055,1,0,2880,1,0,0,0,0,0
SYN00055,2,0,2875,1,0,0,0,0,0
SYN00055,3,0,2875,1,0,0,0,0,0
SYN00055,4,0,2869,0,0,0,0,0,0
SYN00055,5,0,2869,0,0,0,0,0,0
SYN00055,6,0,2854,1,0,0,0,0,0
SYN00055,7,0,2854,1,0,0,0,0,0
SYN00055,8,0,2845,0,0,0,0,0,0
SYN00055,9,0,2845,0,0,0,0,0,0
SYN00055,10,3,2828,1,0,0,0,0,0
SYN00055,11,3,2805,0,0,0,0,0,0
SYN00055,12,3,2784,1,0,0,0,0,0
SYN00055,13,3,2784,1,0,0,0,0,0
SYN00055,14,3,2761,0,0,0,0,0,0
SYN00055,15,3,2761,0,0,0,0,0,0
SYN00055,16,3,2740,1,0,0,0,0,0
SYN00055,17,3,2740,1,0,0,0,0,0
SYN00055,18,3,2730,0,0,0,0,0,0
SYN00055,19,3,2730,0,0,0,0,0,0
SYN00055,20,3,2712,1,0,0,0,0,0
SYN00055,21,3,2712,1,0,0,0,0,0
SYN00055,22,3,2696,0,1,0,0,0,0
SYN00055,23,5,2686,1,1,0,0,0,0
SYN00055,24,5,2663,0,2,0,0,0,0
SYN00055,25,7,2653,1,2,0,0,0,0
SYN00055,26,5,2635,0,2,0,0,0,0
SYN00055,27,5,2627,1,2,0,0,0,0
SYN00055,28,5,2627,1,2,0,0,0,0
SYN00055,29,5,2610,0,2,0,0,0,0
SYN00055,30,5,2610,0,2,0,0,0,0
SYN00055,31,7,2591,1,2,0,0,0,0
SYN00055,32,7,2579,0,2,0,0,0,0
SYN00055,33,7,2579,0,2,0,0,0,0
SYN00055,34,7,2572,1,2,0,0,0,0
SYN00055,35,7,2572,1,2,0,0,0,0
SYN00055,36,5,2557,0,2,0,0,0,0
SYN00055,37,5,2538,1,2,0,0,0,0
SYN00055,38,5,2520,0,2,0,0,0,0
SYN00055,39,5,2520,0,2,0,0,0,0
SYN00055,40,7,2506,1,2,0,0,0,0
SYN00055,41,4,2498,0,2,0,0,0,0
SYN00055,42,4,2482,1,2,0,0,0,0
SYN00055,43,4,2482,1,2,0,0,0,0
SYN00055,44,4,2470,0,2,0,0,0,0
SYN00055,45,4,2470,0,2,0,0,0,0
SYN00055,46,6,2450,1,2,0,0,0,0
SYN00055,47,6,2439,0,2,0,0,0,0
SYN00055,48,6,2439,0,2,0,0,0,0
SYN00055,49,6,2422,1,2,0,0,0,0
SYN00055,50,6,2422,1,2,0,0,0,0
SYN00055,51,4,2409,0,2,0,0,0,0
SYN00055,52,6,2397,1,2,0,0,0,0
SYN00055,53,3,2387,0,2,0,0,0,0
SYN00055,54,5,2374,1,2,0,0,0,0
SYN00055,55,5,2356,0,2,0,0,0,0
SYN00055,56,5,2356,0,2,0,0,0,0
SYN00055,57,5,2338,1,2,1,0,0,0
SYN00055,58,3,2324,0,2,1,0,0,0
SYN00055,59,5,2307,1,2,1,0,0,0
SYN00055,60,5,2301,0,2,1,0,0,0
SYN00055,61,5,2301,0,2,1,0,0,0
SYN00055,62,5,2280,1,2,1,0,0,0
SYN00055,63,5,2280,1,2,1,0,0,0
SYN00055,64,3,2272,0,2,1,0,0,0
SYN00055,65,3,2254,1,2,1,0,0,0
SYN00055,66,3,2254,1,2,1,0,0,0
SYN00055,67,3,2235,0,2,1,0,0,0
SYN00055,68,3,2215,1,2,1,0,0,0
SYN00055,69,3,2215,1,2,1,0,0,0
SYN00055,70,3,2192,0,2,1,0,0,0
SYN00055,71,3,2192,0,2,1,0,0,0
SYN00055,72,3,2187,1,2,1,0,0,0
SYN00055,73,3,2187,1,2,1,0,0,0
SYN00055,74,1,2176,0,2,1,0,0,0
SYN00055,75,1,2171,1,2,1,0,0,0
SYN00055,76,1,2171,1,2,1,0,0,0
SYN00055,77,1,2160,0,2,1,0,0,0
SYN00055,78,1,2160,0,2,1,0,0,0
SYN00055,79,1,2160,1,2,1,0,0,0
SYN00055,80,1,2160,1,2,1,0,0,0
SYN00055,81,1,2144,1,2,1,0,0,0
SYN00055,82,1,2144,1,2,1,0,0,0
SYN00055,83,1,2128,0,2,1,0,0,0
SYN00055,84,1,2128,0,2,1,0,0,0
SYN00055,85,1,2110,1,2,2,0,0,0
SYN00055,86,-1,2097,0,2,2,0,0,0
SYN00055,87,1,2083,1,2,2,0,0,0
SYN00055,88,1,2059,0,2,2,0,0,0
SYN00055,89,1,2059,0,2,2,0,0,0
SYN00055,90,3,2047,1,2,2,0,0,0
SYN00055,91,3,2025,0,2,2,0,0,0
SYN00055,92,3,2025,0,2,2,0,0,0
SYN00055,93,3,2004,1,2,3,0,0,0
SYN00055,94,1,1985,0,2,3,0,0,0
SYN00055,95,4,1961,1,2,3,0,0,0
SYN00055,96,1,1952,0,2,3,0,0,0
SYN00055,97,4,1939,1,2,3,0,0,0
SYN00055,98,4,1915,0,2,3,0,0,0
SYN00055,99,4,1915,0,2,3,0,0,0
SYN00055,100,7,1892,1,2,3,0,0,0
SYN00055,101,7,1886,0,2,3,0,0,0
SYN00055,102,7,1886,0,2,3,0,0,0
SYN00055,103,9,1873,1,2,3,0,0,0
SYN00055,104,9,1850,0,2,3,0,0,0
SYN00055,105,9,1850,0,2,3,0,0,0
SYN00055,106,11,1836,1,2,3,0,0,0
SYN00055,107,11,1829,0,2,3,0,0,0
SYN00055,108,11,1829,0,2,3,0,0,0
SYN00055,109,14,1813,1,2,3,0,0,0
SYN00055,110,14,1793,0,2,3,0,0,0
SYN00055,111,14,1784,1,2,3,0,0,0
SYN00055,112,14,1784,1,2,3,0,0,0
SYN00055,113,12,1763,0,2,3,0,0,0
SYN00055,114,14,1755,1,2,3,0,0,0
SYN00055,115,12,1749,0,2,3,0,0,0
SYN00055,116,12,1726,1,2,3,0,0,0
SYN00055,117,12,1726,1,2,3,0,0,0
SYN00055,118,10,1704,0,2,3,0,0,0
SYN00055,119,12,1697,1,2,3,0,0,0
SYN00055,120,12,1677,0,2,3,0,0,0
SYN00055,121,12,1677,0,2,3,0,0,0
SYN00055,122,12,1672,1,2,3,0,0,0
SYN00055,123,12,1661,0,2,3,0,0,0
SYN00055,124,12,1661,0,2,3,0,0,0
SYN00055,125,12,1640,1,2,3,0,0,0
SYN00055,126,12,1640,1,2,3,0,0,0
SYN00055,127,10,1629,0,2,3,0,0,0
SYN00055,128,12,1606,1,2,3,0,0,0
SYN00055,129,10,1591,0,2,3,0,0,0
SYN00055,130,10,1579,1,2,3,0,0,0
SYN00055,131,10,1579,1,2,3,0,0,0
SYN00055,132,10,1563,0,2,3,0,0,0
SYN00055,133,10,1563,0,2,3,0,0,0
SYN00055,134,10,1550,1,2,3,0,0,0
SYN00055,135,10,1550,1,2,3,0,0,0
SYN00055,136,10,1535,0,3,3,0,0,0
SYN00055,137,10,1513,1,3,3,0,0,0
SYN00055,138,10,1513,1,3,3,0,0,0
SYN00055,139,10,1501,0,3,3,0,0,0
SYN00055,140,10,1501,0,3,3,0,0,0
SYN00055,141,12,1479,1,3,3,0,0,0
SYN00055,142,12,1460,0,4,3,0,0,0
SYN00055,143,12,1440,1,4,3,0,0,0
SYN00055,144,12,1440,1,4,3,0,0,0
SYN00055,145,12,1440,0,4,3,0,0,0
SYN00055,146,12,1440,0,4,3,0,0,0
SYN00055,147,12,1424,0,4,3,0,0,0
SYN00055,148,14,1418,1,4,3,0,0,0
SYN00055,149,12,1409,0,4,3,0,0,0
SYN00055,150,15,1385,1,4,3,0,0,0
SYN00055,151,12,1369,0,4,3,0,0,0
SYN00055,152,12,1355,1,4,3,0,0,0
SYN00055,153,12,1355,1,4,3,0,0,0
SYN00055,154,12,1334,0,4,3,0,0,0
SYN00055,155,12,1334,0,4,3,0,0,0
SYN00055,156,12,1318,1,4,3,0,0,0
SYN00055,157,12,1318,1,4,3,0,0,0
SYN00055,158,10,1300,0,4,3,0,0,0
SYN00055,159,10,1294,1,4,4,0,0,0
SYN00055,160,7,1287,0,4,4,0,0,0
SYN00055,161,7,1270,1,4,4,0,0,0
SYN00055,162,7,1259,0,4,4,0,0,0
SYN00055,163,7,1259,0,4,4,0,0,0
SYN00055,164,9,1253,1,4,4,0,0,0
SYN00055,165,9,1240,0,4,4,0,0,0
SYN00055,166,9,1240,0,4,4,0,0,0
SYN00055,167,9,1225,1,4,4,0,0,0
SYN00055,168,9,1225,1,4,4,0,0,0
SYN00055,169,9,1206,0,4,4,0,0,0
SYN00055,170,9,1206,0,4,4,0,0,0
SYN00055,171,9,1195,1,4,4,0,0,0
SYN00055,172,9,1195,1,4,4,0,0,0
SYN00055,173,9,1180,0,4,4,0,0,0
SYN00055,174,9,1167,1,4,4,0,0,0
SYN00055,175,9,1167,1,4,4,0,0,0
SYN00055,176,9,1153,0,4,4,0,0,0
SYN00055,177,9,1153,0,4,4,0,0,0
SYN00055,178,9,1142,1,4,5,0,1,0
SYN00055,179,9,1127,0,4,5,0,1,0
SYN00055,180,9,1127,0,4,5,0,1,0
SYN00055,181,9,1109,1,4,5,0,1,0
SYN00055,182,9,1109,1,4,5,0,1,0
SYN00055,183,9,1092,0,4,5,0,1,0
SYN00055,184,9,1092,0,4,5,0,1,0
SYN00055,185,9,1069,1,4,6,0,1,0
SYN00055,186,9,1062,0,4,6,0,1,0
SYN00055,187,9,1062,0,4,6,0,1,0
SYN00055,188,11,1038,1,4,6,0,1,0
SYN00055,189,11,1014,0,4,6,0,1,0
SYN00055,190,13,1009,1,4,6,0,1,0
SYN00055,191,13,997,0,4,6,0,1,0
SYN00055,192,13,990,1,4,6,0,1,0
SYN00055,193,13,990,1,4,6,0,1,0
SYN00055,194,13,981,0,5,6,1,1,0
SYN00055,195,13,970,1,5,7,1,1,0
SYN00055,196,11,956,0,5,7,1,1,0
SYN00055,197,11,945,1,5,7,1,1,0
SYN00055,198,11,945,1,5,7,1,1,0
SYN00055,199,11,940,0,5,7,1,1,0
SYN00055,200,11,940,0,5,7,1,1,0
SYN00055,201,11,933,1,5,7,1,1,0
SYN00055,202,11,933,1,5,7,1,1,0
SYN00055,203,11,913,0,5,7,1,1,0
SYN00055,204,11,913,0,5,7,1,1,0
SYN00055,205,13,904,1,5,7,1,1,0
SYN00055,206,13,889,0,5,7,1,1,0
SYN00055,207,13,889,0,5,7,1,1,0
SYN00055,208,13,879,1,5,7,1,1,0
SYN00055,209,13,872,0,5,7,1,1,0
SYN00055,210,13,852,1,5,7,1,1,0
SYN00055,211,13,852,1,5,7,1,1,0
SYN00055,212,11,834,0,5,7,1,1,0
SYN00055,213,11,826,1,5,7,1,1,0
SYN00055,214,11,826,1,5,7,1,1,0
SYN00055,215,11,810,0,5,7,1,1,0
SYN00055,216,11,802,1,5,7,1,1,0
SYN00055,217,11,802,1,5,7,1,1,0
SYN00055,218,9,795,0,5,7,1,1,0
SYN00055,219,9,777,1,5,7,1,1,0
SYN00055,220,6,758,0,5,7,1,1,0
SYN00055,221,8,753,1,5,7,1,1,0
SYN00055,222,6,748,0,5,7,1,1,0
SYN00055,223,6,743,1,5,7,1,1,0
SYN00055,224,6,743,1,5,7,1,1,0
SYN00055,225,3,725,0,5,7,1,1,0
SYN00055,226,3,720,1,5,7,1,1,0
SYN00055,227,3,720,1,5,7,1,1,0
SYN00055,228,3,720,0,5,7,1,1,0
SYN00055,229,3,720,0,5,7,1,1,0
SYN00055,230,0,707,0,5,7,1,1,0
SYN00055,231,0,692,1,5,7,1,1,0
SYN00055,232,0,692,1,5,7,1,1,0
SYN00055,233,0,669,0,6,7,1,1,0
SYN00055,234,0,645,1,6,7,1,1,0
SYN00055,235,0,645,1,6,7,1,1,0
SYN00055,236,-2,627,0,6,7,1,1,0
SYN00055,237,-2,616,1,6,7,1,1,0
SYN00055,238,-2,616,1,6,7,1,1,0
SYN00055,239,-5,595,0,6,7,1,1,0
SYN00055,240,-5,590,1,6,7,1,1,0
SYN00055,241,-5,590,1,6,7,1,1,0
SYN00055,242,-5,578,0,6,7,1,1,0
SYN00055,243,-5,578,0,6,7,1,1,0
SYN00055,244,-3,559,1,6,7,1,1,0
SYN00055,245,-3,543,0,6,7,1,1,0
SYN00055,246,-3,543,0,6,7,1,1,0
SYN00055,247,0,528,1,6,7,1,1,0
SYN00055,248,-3,513,0,6,7,1,1,0
SYN00055,249,-3,504,1,6,8,1,1,0
SYN00055,250,-3,480,0,6,8,1,1,0
SYN00055,251,-3,480,0,6,8,1,1,0
SYN00055,252,-3,461,1,6,8,1,1,0
SYN00055,253,-3,461,1,6,8,1,1,0
SYN00055,254,-3,451,0,7,8,1,1,0
SYN00055,255,-1,441,1,7,8,1,1,0
SYN00055,256,-4,425,0,7,8,1,1,0
SYN00055,257,-4,415,1,7,8,1,1,0
SYN00055,258,-6,391,0,7,8,1,1,0
SYN00055,259,-6,381,1,7,8,1,1,0
SYN00055,260,-6,381,1,7,8,1,1,0
SYN00055,261,-8,372,0,7,8,1,1,0
SYN00055,262,-8,362,1,7,8,1,1,0
SYN00055,263,-8,362,1,7,8,1,1,0
SYN00055,264,-8,347,0,7,8,1,1,0
SYN00055,265,-6,342,1,7,8,1,1,0
SYN00055,266,-6,320,0,7,8,1,1,0
SYN00055,267,-6,320,0,7,8,1,1,0
SYN00055,268,-6,304,1,7,8,1,1,0
SYN00055,269,-6,291,0,7,8,1,1,0
SYN00055,270,-6,291,0,7,8,1,1,0
SYN00055,271,-4,281,1,7,8,1,1,0
SYN00055,272,-4,274,0,7,8,1,1,0
SYN00055,273,-4,274,0,7,8,1,1,0
SYN00055,274,-4,267,1,7,8,1,1,0
SYN00055,275,-4,267,1,7,8,1,1,0
SYN00055,276,-7,256,0,7,8,1,1,0
SYN00055,277,-7,234,1,7,8,1,1,0
SYN00055,278,-7,234,1,7,8,1,1,0
SYN00055,279,-9,213,0,7,8,1,1,0
SYN00055,280,-9,198,1,7,8,1,1,0
SYN00055,281,-9,198,1,7,8,1,1,0
SYN00055,282,-9,190,0,7,8,1,1,0
SYN00055,283,-9,168,1,7,8,1,1,0
SYN00055,284,-9,168,1,7,8,1,1,0
SYN00055,285,-11,146,0,7,8,1,1,0
SYN00055,286,-8,139,1,7,8,1,1,0
SYN00055,287,-8,128,0,7,8,1,1,0
SYN00055,288,-8,128,0,7,8,1,1,0
SYN00055,289,-8,118,1,7,9,1,1,0
SYN00055,290,-10,94,0,7,9,1,1,0
SYN00055,291,-8,88,1,7,9,1,1,0
SYN00055,292,-8,71,0,7,9,1,1,0
SYN00055,293,-8,71,0,7,9,1,1,0
SYN00055,294,-8,59,1,7,9,1,1,0
SYN00055,295,-8,59,1,7,9,1,1,0
SYN00055,296,-8,36,0,7,9,1,1,0
SYN00055,297,-8,36,0,7,9,1,1,0
SYN00055,298,-8,30,1,7,9,1,1,0
SYN00055,299,-8,30,1,7,9,1,1,0
SYN00055,300,-8,21,0,7,9,1,1,0
SYN00055,301,-8,21,0,7,9,1,1,0
SYN00055,302,-8,6,1,7,9,1,1,0
SYN00055,303,-8,6,1,7,9,1,1,0
SYN00055,304,-8,0,0,7,9,1,1,0
SYN00055,305,-8,0,0,7,9,1,1,0
SYN00055,306,-8,0,1,7,9,1,1,0
SYN00056,1,0,2880,1,0,0,0,0,1
SYN00056,2,0,2871,1,0,0,0,0,1
SYN00056,3,0,2871,1,0,0,0,0,1
SYN00056,4,0,2853,0,1,0,0,0,1
SYN00056,5,2,2831,1,1,0,0,0,1
SYN00056,6,2,2820,0,1,0,0,0,1
SYN00056,7,2,2796,1,1,1,0,0,1
SYN00056,8,2,2781,0,1,1,0,0,1
SYN00056,9,2,2762,1,1,1,0,0,1
SYN00056,10,2,2762,1,1,1,0,0,1
SYN00056,11,2,2745,0,1,1,0,0,1
SYN00056,12,2,2745,0,1,1,0,0,1
SYN00056,13,2,2726,1,1,1,0,0,1
SYN00056,14,2,2726,1,1,1,0,0,1
SYN00056,15,2,2710,0,1,1,0,0,1
SYN00056,16,2,2702,1,1,1,0,0,1
SYN00056,17,2,2702,1,1,1,0,0,1
SYN00056,18,2,2695,0,1,1,0,0,1
SYN00056,19,2,2695,0,1,1,0,0,1
SYN00056,20,2,2679,1,1,2,0,0,1
SYN00056,21,2,2660,0,1,2,0,0,1
SYN00056,22,2,2660,0,1,2,0,0,1
SYN00056,23,2,2652,1,1,2,0,0,1
SYN00056,24,2,2652,1,1,2,0,0,1
SYN00056,25,2,2631,0,1,2,0,0,1
SYN00056,26,2,2631,0,1,2,0,0,1
SYN00056,27,4,2621,1,1,2,0,0,1
SYN00056,28,1,2611,0,1,2,0,0,1
SYN00056,29,3,2598,1,1,2,0,0,1
SYN00056,30,1,2581,0,1,2,0,0,1
SYN00056,31,3,2574,1,1,2,0,0,1
SYN00056,32,3,2552,0,1,2,0,0,1
SYN00056,33,3,2552,0,1,2,0,0,1
SYN00056,34,3,2542,1,1,2,0,0,1
SYN00056,35,3,2542,1,1,2,0,0,1
SYN00056,36,3,2533,0,1,2,0,0,1
SYN00056,37,3,2533,0,1,2,0,0,1
SYN00056,38,3,2527,1,1,2,0,0,1
SYN00056,39,3,2511,0,1,2,0,0,1
SYN00056,40,3,2511,0,1,2,0,0,1
SYN00056,41,3,2505,1,1,2,0,0,1
SYN00056,42,3,2497,0,1,2,0,0,1
SYN00056,43,3,2497,0,1,2,0,0,1
SYN00056,44,3,2490,1,1,2,0,0,1
SYN00056,45,3,2490,1,1,2,0,0,1
SYN00056,46,3,2479,0,2,2,0,0,1
SYN00056,47,3,2474,1,2,2,0,0,1
SYN00056,48,3,2474,1,2,2,0,0,1
SYN00056,49,3,2459,0,2,2,0,0,1
SYN00056,50,3,2459,0,2,2,0,0,1
SYN00056,51,3,2443,1,2,2,0,0,1
SYN00056,52,3,2443,1,2,2,0,0,1
SYN00056,53,1,2428,0,2,2,0,0,1
SYN00056,54,3,2421,1,2,2,0,0,1
SYN00056,55,3,2413,0,3,2,0,0,1
SYN00056,56,3,2392,1,3,2,0,0,1
SYN00056,57,1,2374,0,3,2,0,0,1
SYN00056,58,1,2366,1,3,2,0,0,1
SYN00056,59,1,2366,1,3,2,0,0,1
SYN00056,60,1,2353,0,3,2,0,0,1
SYN00056,61,1,2353,0,3,2,0,0,1
SYN00056,62,1,2343,1,3,3,0,0,1
SYN00056,63,1,2332,0,3,3,0,0,1
SYN00056,64,1,2332,0,3,3,0,0,1
SYN00056,65,1,2319,1,3,3,0,0,1
SYN00056,66,1,2306,0,3,3,0,0,1
SYN00056,67,1,2306,0,3,3,0,0,1
SYN00056,68,1,2298,1,3,3,0,0,1
SYN00056,69,1,2298,1,3,3,0,0,1
SYN00056,70,-2,2280,0,3,3,0,0,1
SYN00056,71,0,2270,1,3,3,0,0,1
SYN00056,72,0,2258,0,3,3,0,0,1
SYN00056,73,0,2258,0,3,3,0,0,1
SYN00056,74,0,2241,1,3,4,0,0,1
SYN00056,75,0,2228,0,3,4,0,0,1
SYN00056,76,0,2228,0,3,4,0,0,1
SYN00056,77,2,2205,1,3,4,0,0,1
SYN00056,78,2,2200,0,3,4,0,0,1
SYN00056,79,2,2200,0,3,4,0,0,1
SYN00056,80,2,2189,1,3,4,0,0,1
SYN00056,81,2,2189,1,3,4,0,0,1
SYN00056,82,2,2176,0,3,4,0,0,1
SYN00056,83,4,2160,1,3,4,0,0,1
SYN00056,84,4,2160,0,3,4,0,0,1
SYN00056,85,4,2160,0,3,4,0,0,1
SYN00056,86,2,2147,0,3,4,0,0,1
SYN00056,87,4,2138,1,3,4,0,0,1
SYN00056,88,4,2122,0,3,4,0,0,1
SYN00056,89,4,2122,0,3,4,0,0,1
SYN00056,90,4,2112,1,3,4,0,0,1
SYN00056,91,4,2112,1,3,4,0,0,1
SYN00056,92,4,2101,0,3,4,0,0,1
SYN00056,93,4,2101,0,3,4,0,0,1
SYN00056,94,4,2095,1,3,4,0,0,1
SYN00056,95,4,2095,1,3,4,0,0,1
SYN00056,96,4,2080,0,3,4,0,0,1
SYN00056,97,4,2080,0,3,4,0,0,1
SYN00056,98,4,2057,1,3,4,0,0,1
SYN00056,99,4,2057,1,3,4,0,0,1
SYN00056,100,2,2048,0,3,4,0,0,1
SYN00056,101,4,2026,1,3,4,0,0,1
SYN00056,102,1,2003,0,3,4,0,0,1
SYN00056,103,3,1997,1,3,4,0,0,1
SYN00056,104,3,1976,0,3,4,0,0,1
SYN00056,105,3,1976,0,3,4,0,0,1
SYN00056,106,3,1971,1,3,4,0,0,1
SYN00056,107,3,1971,1,3,4,0,0,1
SYN00056,108,0,1962,0,3,4,0,0,1
SYN00056,109,0,1938,1,3,4,0,0,1
SYN00056,110,0,1938,1,3,4,0,0,1
SYN00056,111,0,1930,0,3,4,0,0,1
SYN00056,112,0,1930,0,3,4,0,0,1
SYN00056,113,0,1925,1,3,5,0,1,1
SYN00056,114,-3,1904,0,3,5,0,1,1
SYN00056,115,-1,1885,1,3,5,0,1,1
SYN00056,116,-4,1877,0,3,5,0,1,1
SYN00056,117,-4,1858,1,3,5,0,1,1
SYN00056,118,-4,1858,1,3,5,0,1,1
SYN00056,119,-4,1846,0,3,5,0,1,1
SYN00056,120,-4,1846,0,3,5,0,1,1
SYN00056,121,-4,1828,1,3,5,0,1,1
SYN00056,122,-4,1828,1,3,5,0,1,1
SYN00056,123,-4,1808,0,4,5,0,1,1
SYN00056,124,-4,1788,1,4,5,0,1,1
SYN00056,125,-4,1788,1,4,5,0,1,1
SYN00056,126,-4,1769,0,4,5,0,1,1
SYN00056,127,-4,1769,0,4,5,0,1,1
SYN00056,128,-4,1762,1,4,6,0,1,1
SYN00056,129,-7,1752,0,4,6,0,1,1
SYN00056,130,-5,1742,1,4,6,0,1,1
SYN00056,131,-7,1725,0,4,6,0,1,1
SYN00056,132,-5,1714,1,4,6,0,1,1
SYN00056,133,-7,1693,0,4,6,0,1,1
SYN00056,134,-7,1677,1,4,6,0,1,1
SYN00056,135,-7,1677,1,4,6,0,1,1
SYN00056,136,-9,1668,0,4,6,0,1,1
SYN00056,137,-7,1646,1,4,6,0,1,1
SYN00056,138,-7,1640,0,4,6,0,1,1
SYN00056,139,-7,1640,0,4,6,0,1,1
SYN00056,140,-7,1631,1,4,6,0,1,1
SYN00056,141,-7,1631,1,4,6,0,1,1
SYN00056,142,-7,1610,0,4,6,0,1,1
SYN00056,143,-7,1588,1,4,6,0,1,1
SYN00056,144,-7,1588,1,4,6,0,1,1
SYN00056,145,-7,1578,0,5,6,1,1,1
SYN00056,146,-5,1561,1,5,6,1,1,1
SYN00056,147,-7,1542,0,5,6,1,1,1
SYN00056,148,-7,1532,1,5,6,1,1,1
SYN00056,149,-7,1532,1,5,6,1,1,1
SYN00056,150,-9,1521,0,5,6,1,1,1
SYN00056,151,-7,1511,1,5,6,1,1,1
SYN00056,152,-7,1488,0,6,6,1,1,1
SYN00056,153,-7,1482,1,6,6,1,1,1
SYN00056,154,-7,1482,1,6,6,1,1,1
SYN00056,155,-7,1462,0,7,6,1,1,1
SYN00056,156,-5,1440,1,7,6,1,1,1
SYN00056,157,-5,1440,0,7,6,1,1,1
SYN00056,158,-5,1440,0,7,6,1,1,1
SYN00056,159,-5,1430,0,8,6,1,1,1
SYN00056,160,-5,1406,1,8,6,1,1,1
SYN00056,161,-7,1397,0,8,6,1,1,1
SYN00056,162,-5,1380,1,8,6,1,1,1
SYN00056,163,-7,1372,0,8,6,1,1,1
SYN00056,164,-5,1358,1,8,6,1,1,1
SYN00056,165,-5,1344,0,8,6,1,1,1
SYN00056,166,-5,1344,0,8,6,1,1,1
SYN00056,167,-3,1333,1,8,6,1,1,1
SYN00056,168,-3,1319,0,8,6,1,1,1
SYN00056,169,-3,1319,0,8,6,1,1,1
SYN00056,170,-3,1300,1,8,6,1,1,1
SYN00056,171,-3,1300,1,8,6,1,1,1
SYN00056,172,-3,1285,0,8,6,1,1,1
SYN00056,173,-3,1285,0,8,6,1,1,1
SYN00056,174,-3,1270,1,8,6,1,1,1
SYN00056,175,-3,1246,0,8,6,1,1,1
SYN00056,176,-3,1246,0,8,6,1,1,1
SYN00056,177,-3,1222,1,8,7,1,1,1
SYN00056,178,-3,1208,0,9,7,1,1,1
SYN00056,179,-1,1200,1,9,7,1,1,1
SYN00056,180,-1,1181,0,9,7,1,1,1
SYN00056,181,-1,1181,0,9,7,1,1,1
SYN00056,182,-1,1162,1,9,7,1,1,1
SYN00056,183,-1,1162,1,9,7,1,1,1
SYN00056,184,-1,1143,0,9,7,1,1,1
SYN00056,185,-1,1143,0,9,7,1,1,1
SYN00056,186,2,1123,1,9,7,1,1,1
SYN00056,187,2,1118,0,9,7,1,1,1
SYN00056,188,2,1118,0,9,7,1,1,1
SYN00056,189,2,1096,1,9,8,1,1,1
SYN00056,190,0,1077,0,9,8,1,1,1
SYN00056,191,3,1067,1,9,8,1,1,1
SYN00056,192,1,1045,0,9,8,1,1,1
SYN00056,193,1,1038,1,9,8,1,1,1
SYN00056,194,1,1038,1,9,8,1,1,1
SYN00056,195,-1,1022,0,9,8,1,1,1
SYN00056,196,2,1003,1,9,8,1,1,1
SYN00056,197,0,991,0,9,8,1,1,1
SYN00056,198,2,981,1,9,8,1,1,1
SYN00056,199,2,967,0,9,8,1,1,1
SYN00056,200,4,956,1,9,8,1,1,1
SYN00056,201,4,945,0,9,8,1,1,1
SYN00056,202,4,945,0,9,8,1,1,1
SYN00056,203,4,927,1,9,8,1,1,1
SYN00056,204,4,927,1,9,8,1,1,1
SYN00056,205,4,907,0,9,8,1,1,1
SYN00056,206,4,907,0,9,8,1,1,1
SYN00056,207,4,893,1,9,8,1,1,1
SYN00056,208,4,893,1,9,8,1,1,1
SYN00056,209,2,869,0,9,8,1,1,1
SYN00056,210,2,846,1,9,8,1,1,1
SYN00056,211,2,846,1,9,8,1,1,1
SYN00056,212,2,829,0,9,8,1,1,1
SYN00056,213,2,824,1,9,8,1,1,1
SYN00056,214,2,824,1,9,8,1,1,1
SYN00056,215,2,800,0,9,8,1,1,1
SYN00056,216,2,800,0,9,8,1,1,1
SYN00056,217,2,776,1,9,8,1,1,1
SYN00056,218,2,758,0,9,8,1,1,1
SYN00056,219,2,758,0,9,8,1,1,1
SYN00056,220,4,748,1,9,8,1,1,1
SYN00056,221,4,737,0,9,8,1,1,1
SYN00056,222,4,737,0,9,8,1,1,1
SYN00056,223,4,732,1,9,8,1,1,1
SYN00056,224,4,732,1,9,8,1,1,1
SYN00056,225,4,722,0,9,8,1,1,1
SYN00056,226,4,722,0,9,8,1,1,1
SYN00056,227,4,720,1,9,8,1,1,1
SYN00056,228,4,720,1,9,8,1,1,1
SYN00056,229,4,720,0,9,8,1,1,1
SYN00056,230,4,720,0,9,8,1,1,1
SYN00056,231,1,713,0,9,8,1,1,1
SYN00056,232,1,694,1,9,8,1,1,1
SYN00056,233,1,671,0,9,8,1,1,1
SYN00056,234,1,671,0,9,8,1,1,1
SYN00056,235,1,666,1,9,8,1,1,1
SYN00056,236,1,666,1,9,8,1,1,1
SYN00056,237,-1,654,0,9,8,1,1,1
SYN00056,238,1,634,1,9,8,1,1,1
SYN00056,239,1,611,0,9,8,1,1,1
SYN00056,240,1,611,0,9,8,1,1,1
SYN00056,241,1,599,1,9,9,1,1,1
SYN00056,242,-2,575,0,9,9,1,1,1
SYN00056,243,-2,552,1,9,9,1,1,1
SYN00056,244,-2,552,1,9,9,1,1,1
SYN00056,245,-4,541,0,9,9,1,1,1
SYN00056,246,-2,518,1,9,9,1,1,1
SYN00056,247,-2,505,0,9,9,1,1,1
SYN00056,248,-2,505,0,9,9,1,1,1
SYN00056,249,1,493,1,9,9,1,1,1
SYN00056,250,1,487,0,10,9,1,1,1
SYN00056,251,1,469,1,10,9,1,1,1
SYN00056,252,-1,456,0,10,9,1,1,1
SYN00056,253,2,451,1,10,9,1,1,1
SYN00056,254,0,438,0,10,9,1,1,1
SYN00056,255,3,418,1,10,9,1,1,1
SYN00056,256,3,398,0,10,9,1,1,1
SYN00056,257,3,398,0,10,9,1,1,1
SYN00056,258,5,389,1,10,9,1,1,1
SYN00056,259,5,369,0,10,9,1,1,1
SYN00056,260,5,369,0,10,9,1,1,1
SYN00056,261,5,349,1,10,10,1,1,1
SYN00056,262,5,333,0,10,10,1,1,1
SYN00056,263,5,333,0,10,10,1,1,1
SYN00056,264,5,318,1,10,10,1,1,1
SYN00056,265,5,318,1,10,10,1,1,1
SYN00056,266,5,298,0,10,10,1,1,1
SYN00056,267,5,298,0,10,10,1,1,1
SYN00056,268,5,279,1,10,11,1,1,1
SYN00056,269,5,274,0,10,11,1,1,1
SYN00056,270,5,274,0,10,11,1,1,1
SYN00056,271,5,266,1,10,11,1,1,1
SYN00056,272,5,266,1,10,11,1,1,1
SYN00056,273,5,257,0,10,11,1,1,1
SYN00056,274,5,257,0,10,11,1,1,1
SYN00056,275,5,234,1,10,11,1,1,1
SYN00056,276,5,234,1,10,11,1,1,1
SYN00056,277,5,213,0,10,11,1,1,1
SYN00056,278,5,213,0,10,11,1,1,1
SYN00056,279,8,205,1,10,11,1,1,1
SYN00056,280,8,187,0,10,11,1,1,1
SYN00056,281,8,172,1,10,11,1,1,1
SYN00056,282,8,156,0,10,11,1,1,1
SYN00056,283,8,156,0,10,11,1,1,1
SYN00056,284,8,148,1,10,11,1,1,1
SYN00056,285,8,148,1,10,11,1,1,1
SYN00056,286,8,125,0,10,11,1,1,1
SYN00056,287,8,125,0,10,11,1,1,1
SYN00056,288,11,101,1,10,11,1,1,1
SYN00056,289,11,90,0,10,11,1,1,1
SYN00056,290,11,90,0,10,11,1,1,1
SYN00056,291,13,82,1,10,11,1,1,1
SYN00056,292,13,74,0,10,11,1,1,1
SYN00056,293,13,74,0,10,11,1,1,1
SYN00056,294,16,54,1,10,11,1,1,1
SYN00056,295,16,31,0,10,11,1,1,1
SYN00056,296,16,31,0,10,11,1,1,1
SYN00056,297,18,26,1,10,11,1,1,1
SYN00056,298,18,10,0,10,11,1,1,1
SYN00056,299,18,0,1,10,11,1,1,1
SYN00056,300,18,0,0,10,11,1,1,1
SYN00057,1,0,2880,1,0,0,0,0,1
SYN00057,2,0,2861,1,0,0,0,0,1
SYN00057,3,0,2861,1,0,0,0,0,1
SYN00057,4,0,2839,0,0,0,0,0,1
SYN00057,5,0,2839,0,0,0,0,0,1
SYN00057,6,0,2825,1,0,0,0,0,1
SYN00057,7,0,2825,1,0,0,0,0,1
SYN00057,8,0,2810,0,0,0,0,0,1
SYN00057,9,0,2810,0,0,0,0,0,1
SYN00057,10,0,2803,1,0,0,0,0,1
SYN00057,11,0,2803,1,0,0,0,0,1
SYN00057,12,0,2785,0,0,0,0,0,1
SYN00057,13,0,2785,0,0,0,0,0,1
SYN00057,14,3,2761,1,0,0,0,0,1
SYN00057,15,3,2739,0,0,0,0,0,1
SYN00057,16,3,2739,0,0,0,0,0,1
SYN00057,17,3,2720,1,0,0,0,0,1
SYN00057,18,3,2720,1,0,0,0,0,1
SYN00057,19,3,2708,0,0,0,0,0,1
SYN00057,20,3,2708,0,0,0,0,0,1
SYN00057,21,3,2697,1,0,0,0,0,1
SYN00057,22,3,2697,1,0,0,0,0,1
SYN00057,23,3,2680,0,0,0,0,0,1
SYN00057,24,3,2680,0,0,0,0,0,1
SYN00057,25,3,2673,1,0,0,0,0,1
SYN00057,26,3,2656,0,0,0,0,0,1
SYN00057,27,3,2656,0,0,0,0,0,1
SYN00057,28,5,2637,1,0,0,0,0,1
SYN00057,29,3,2625,0,0,0,0,0,1
SYN00057,30,5,2606,1,0,0,0,0,1
SYN00057,31,5,2594,0,0,0,0,0,1
SYN00057,32,5,2594,0,0,0,0,0,1
SYN00057,33,5,2589,1,0,0,0,0,1
SYN00057,34,5,2584,0,0,0,0,0,1
SYN00057,35,5,2584,0,0,0,0,0,1
SYN00057,36,5,2564,1,0,0,0,0,1
SYN00057,37,5,2564,1,0,0,0,0,1
SYN00057,38,2,2549,0,0,0,0,0,1
SYN00057,39,2,2536,1,0,0,0,0,1
SYN00057,40,2,2521,0,0,0,0,0,1
SYN00057,41,5,2510,1,0,0,0,0,1
SYN00057,42,5,2486,0,0,0,0,0,1
SYN00057,43,5,2486,0,0,0,0,0,1
SYN00057,44,5,2469,1,0,0,0,0,1
SYN00057,45,5,2469,1,0,0,0,0,1
SYN00057,46,5,2446,0,0,0,0,0,1
SYN00057,47,7,2433,1,0,0,0,0,1
SYN00057,48,5,2417,0,0,0,0,0,1
SYN00057,49,7,2397,1,0,0,0,0,1
SYN00057,50,7,2378,0,0,0,0,0,1
SYN00057,51,7,2378,0,0,0,0,0,1
SYN00057,52,7,2364,1,0,1,0,0,1
SYN00057,53,5,2349,0,0,1,0,0,1
SYN00057,54,5,2327,1,0,1,0,0,1
SYN00057,55,5,2309,0,1,1,0,0,1
SYN00057,56,5,2289,1,1,2,0,0,1
SYN00057,57,5,2272,0,1,2,0,0,1
SYN00057,58,5,2272,0,1,2,0,0,1
SYN00057,59,5,2252,1,1,2,0,0,1
SYN00057,60,5,2252,1,1,2,0,0,1
SYN00057,61,2,2233,0,1,2,0,0,1
SYN00057,62,2,2226,1,1,2,0,0,1
SYN00057,63,2,2203,0,1,2,0,0,1
SYN00057,64,2,2186,1,1,2,0,0,1
SYN00057,65,2,2186,1,1,2,0,0,1
SYN00057,66,2,2163,0,1,2,0,0,1
SYN00057,67,2,2163,0,1,2,0,0,1
SYN00057,68,2,2160,1,1,2,0,0,1
SYN00057,69,2,2160,1,1,2,0,0,1
SYN00057,70,2,2160,0,1,2,0,0,1
SYN00057,71,2,2160,0,1,2,0,0,1
SYN00057,72,2,2149,0,1,2,0,0,1
SYN00057,73,2,2149,0,1,2,0,0,1
SYN00057,74,2,2134,1,1,2,0,0,1
SYN00057,75,2,2134,1,1,2,0,0,1
SYN00057,76,0,2126,0,1,2,0,0,1
SYN00057,77,2,2108,1,1,2,0,0,1
SYN00057,78,0,2096,0,1,2,0,0,1
SYN00057,79,3,2077,1,1,2,0,0,1
SYN00057,80,3,2054,0,2,2,0,0,1
SYN00057,81,5,2040,1,2,2,0,0,1
SYN00057,82,5,2021,0,2,2,0,0,1
SYN00057,83,5,2021,0,2,2,0,0,1
SYN00057,84,7,2016,1,2,2,0,0,1
SYN00057,85,7,2003,0,2,2,0,0,1
SYN00057,86,7,1987,1,2,2,0,0,1
SYN00057,87,7,1987,1,2,2,0,0,1
SYN00057,88,7,1970,0,2,2,0,0,1
SYN00057,89,7,1970,0,2,2,0,0,1
SYN00057,90,7,1955,1,2,2,0,0,1
SYN00057,91,7,1938,0,2,2,0,0,1
SYN00057,92,7,1938,0,2,2,0,0,1
SYN00057,93,7,1919,1,2,2,0,0,1
SYN00057,94,7,1902,0,3,2,0,0,1
SYN00057,95,7,1883,1,3,2,0,0,1
SYN00057,96,7,1883,1,3,2,0,0,1
SYN00057,97,7,1862,0,3,2,0,0,1
SYN00057,98,7,1862,0,3,2,0,0,1
SYN00057,99,7,1854,1,3,2,0,0,1
SYN00057,100,5,1848,0,3,2,0,0,1
SYN00057,101,5,1826,1,3,2,0,0,1
SYN00057,102,5,1826,1,3,2,0,0,1
SYN00057,103,5,1810,0,3,2,0,0,1
SYN00057,104,5,1810,0,3,2,0,0,1
SYN00057,105,5,1803,1,3,2,0,0,1
SYN00057,106,5,1803,1,3,2,0,0,1
SYN00057,107,5,1795,0,4,2,0,0,1
SYN00057,108,5,1782,1,4,3,0,0,1
SYN00057,109,5,1775,0,4,3,0,0,1
SYN00057,110,5,1775,0,4,3,0,0,1
SYN00057,111,5,1760,1,4,3,0,0,1
SYN00057,112,5,1760,1,4,3,0,0,1
SYN00057,113,5,1752,0,4,3,0,0,1
SYN00057,114,5,1752,0,4,3,0,0,1
SYN00057,115,5,1735,1,4,3,0,0,1
SYN00057,116,5,1735,1,4,3,0,0,1
SYN00057,117,3,1719,0,4,3,0,0,1
SYN00057,118,5,1707,1,4,3,0,0,1
SYN00057,119,2,1699,0,4,3,0,0,1
SYN00057,120,2,1683,1,4,3,0,0,1
SYN00057,121,2,1683,1,4,3,0,0,1
SYN00057,122,0,1670,0,4,3,0,0,1
SYN00057,123,0,1665,1,4,4,0,0,1
SYN00057,124,0,1656,0,5,4,1,0,1
SYN00057,125,2,1634,1,5,4,1,0,1
SYN00057,126,2,1620,0,5,4,1,0,1
SYN00057,127,2,1613,1,5,4,1,0,1
SYN00057,128,2,1595,0,5,4,1,0,1
SYN00057,129,2,1595,0,5,4,1,0,1
SYN00057,130,4,1586,1,5,4,1,0,1
SYN00057,131,4,1565,0,5,4,1,0,1
SYN00057,132,4,1565,0,5,4,1,0,1
SYN00057,133,4,1543,1,5,5,1,1,1
SYN00057,134,2,1523,0,5,5,1,1,1
SYN00057,135,5,1517,1,5,5,1,1,1
SYN00057,136,3,1493,0,5,5,1,1,1
SYN00057,137,5,1474,1,5,5,1,1,1
SYN00057,138,5,1467,0,5,5,1,1,1
SYN00057,139,5,1467,0,5,5,1,1,1
SYN00057,140,5,1449,1,5,5,1,1,1
SYN00057,141,5,1449,1,5,5,1,1,1
SYN00057,142,5,1444,0,6,5,1,1,1
SYN00057,143,8,1440,1,6,5,1,1,1
SYN00057,144,8,1440,0,6,5,1,1,1
SYN00057,145,8,1440,0,6,5,1,1,1
SYN00057,146,8,1433,0,6,5,1,1,1
SYN00057,147,8,1433,0,6,5,1,1,1
SYN00057,148,8,1415,1,6,5,1,1,1
SYN00057,149,8,1415,1,6,5,1,1,1
SYN00057,150,8,1393,0,6,5,1,1,1
SYN00057,151,8,1378,1,6,5,1,1,1
SYN00057,152,8,1371,0,6,5,1,1,1
SYN00057,153,8,1358,1,6,5,1,1,1
SYN00057,154,8,1358,1,6,5,1,1,1
SYN00057,155,8,1339,0,6,5,1,1,1
SYN00057,156,8,1329,1,6,5,1,1,1
SYN00057,157,8,1321,0,6,5,1,1,1
SYN00057,158,8,1321,0,6,5,1,1,1
SYN00057,159,8,1305,1,6,6,1,1,1
SYN00057,160,5,1284,0,6,6,1,1,1
SYN00057,161,8,1272,1,6,6,1,1,1
SYN00057,162,6,1260,0,6,6,1,1,1
SYN00057,163,6,1251,1,6,6,1,1,1
SYN00057,164,6,1251,1,6,6,1,1,1
SYN00057,165,3,1228,0,6,6,1,1,1
SYN00057,166,3,1222,1,6,7,1,1,1
SYN00057,167,3,1202,0,6,7,1,1,1
SYN00057,168,3,1202,0,6,7,1,1,1
SYN00057,169,3,1179,1,6,7,1,1,1
SYN00057,170,3,1158,0,7,7,1,1,1
SYN00057,171,3,1138,1,7,7,1,1,1
SYN00057,172,1,1130,0,7,7,1,1,1
SYN00057,173,3,1116,1,7,7,1,1,1
SYN00057,174,3,1103,0,7,7,1,1,1
SYN00057,175,5,1095,1,7,7,1,1,1
SYN00057,176,3,1079,0,7,7,1,1,1
SYN00057,177,3,1068,1,7,7,1,1,1
SYN00057,178,3,1068,1,7,7,1,1,1
SYN00057,179,1,1061,0,7,7,1,1,1
SYN00057,180,3,1041,1,7,7,1,1,1
SYN00057,181,1,1017,0,7,7,1,1,1
SYN00057,182,1,1011,1,7,7,1,1,1
SYN00057,183,1,1011,1,7,7,1,1,1
SYN00057,184,1,987,0,7,7,1,1,1
SYN00057,185,4,971,1,7,7,1,1,1
SYN00057,186,2,949,0,7,7,1,1,1
SYN00057,187,2,929,1,7,7,1,1,1
SYN00057,188,2,929,1,7,7,1,1,1
SYN00057,189,2,913,0,7,7,1,1,1
SYN00057,190,2,913,0,7,7,1,1,1
SYN00057,191,4,896,1,7,7,1,1,1
SYN00057,192,4,880,0,7,7,1,1,1
SYN00057,193,4,880,0,7,7,1,1,1
SYN00057,194,6,875,1,7,7,1,1,1
SYN00057,195,6,854,0,8,7,1,1,1
SYN00057,196,8,834,1,8,7,1,1,1
SYN00057,197,8,814,0,8,7,1,1,1
SYN00057,198,8,814,0,8,7,1,1,1
SYN00057,199,8,794,1,8,7,1,1,1
SYN00057,200,8,794,1,8,7,1,1,1
SYN00057,201,8,787,0,8,7,1,1,1
SYN00057,202,8,787,0,8,7,1,1,1
SYN00057,203,10,770,1,8,7,1,1,1
SYN00057,204,7,755,0,8,7,1,1,1
SYN00057,205,7,746,1,8,7,1,1,1
SYN00057,206,7,746,1,8,7,1,1,1
SYN00057,207,5,724,0,8,7,1,1,1
SYN00057,208,5,720,1,8,7,1,1,1
SYN00057,209,5,720,1,8,7,1,1,1
SYN00057,210,5,720,0,8,7,1,1,1
SYN00057,211,5,720,0,8,7,1,1,1
SYN00057,212,5,706,0,8,7,1,1,1
SYN00057,213,5,706,0,8,7,1,1,1
SYN00057,214,5,687,1,8,7,1,1,1
SYN00057,215,5,687,1,8,7,1,1,1
SYN00057,216,5,675,0,9,7,1,1,1
SYN00057,217,5,655,1,9,7,1,1,1
SYN00057,218,5,655,1,9,7,1,1,1
SYN00057,219,5,633,0,9,7,1,1,1
SYN00057,220,7,614,1,9,7,1,1,1
SYN00057,221,7,595,0,9,7,1,1,1
SYN00057,222,7,595,0,9,7,1,1,1
SYN00057,223,9,571,1,9,7,1,1,1
SYN00057,224,9,547,0,9,7,1,1,1
SYN00057,225,9,547,0,9,7,1,1,1
SYN00057,226,9,524,1,9,7,1,1,1
SYN00057,227,9,524,1,9,7,1,1,1
SYN00057,228,9,516,0,9,7,1,1,1
SYN00057,229,9,509,1,9,7,1,1,1
SYN00057,230,9,492,0,9,7,1,1,1
SYN00057,231,9,492,0,9,7,1,1,1
SYN00057,232,12,474,1,9,7,1,1,1
SYN00057,233,12,451,0,9,7,1,1,1
SYN00057,234,12,451,0,9,7,1,1,1
SYN00057,235,12,443,1,9,7,1,1,1
SYN00057,236,12,443,1,9,7,1,1,1
SYN00057,237,12,428,0,9,7,1,1,1
SYN00057,238,12,428,0,9,7,1,1,1
SYN00057,239,12,422,1,9,7,1,1,1
SYN00057,240,10,414,0,9,7,1,1,1
SYN00057,241,10,392,1,9,7,1,1,1
SYN00057,242,10,392,1,9,7,1,1,1
SYN00057,243,8,372,0,9,7,1,1,1
SYN00057,244,11,351,1,9,7,1,1,1
SYN00057,245,11,340,0,9,7,1,1,1
SYN00057,246,11,321,1,9,7,1,1,1
SYN00057,247,11,321,1,9,7,1,1,1
SYN00057,248,8,300,0,9,7,1,1,1
SYN00057,249,8,289,1,9,7,1,1,1
SYN00057,250,8,289,1,9,7,1,1,1
SYN00057,251,8,276,0,9,7,1,1,1
SYN00057,252,8,276,0,9,7,1,1,1
SYN00057,253,10,268,1,9,7,1,1,1
SYN00057,254,10,245,0,9,7,1,1,1
SYN00057,255,10,245,0,9,7,1,1,1
SYN00057,256,10,235,1,9,7,1,1,1
SYN00057,257,10,235,1,9,7,1,1,1
SYN00057,258,10,215,0,9,7,1,1,1
SYN00057,259,10,215,0,9,7,1,1,1
SYN00057,260,10,206,1,9,7,1,1,1
SYN00057,261,10,189,0,9,7,1,1,1
SYN00057,262,10,189,0,9,7,1,1,1
SYN00057,263,13,179,1,9,7,1,1,1
SYN00057,264,11,160,0,9,7,1,1,1
SYN00057,265,13,149,1,9,7,1,1,1
SYN00057,266,13,130,0,9,7,1,1,1
SYN00057,267,13,130,0,9,7,1,1,1
SYN00057,268,15,118,1,9,7,1,1,1
SYN00057,269,15,94,0,9,7,1,1,1
SYN00057,270,15,94,0,9,7,1,1,1
SYN00057,271,15,80,1,9,7,1,1,1
SYN00057,272,15,80,1,9,7,1,1,1
SYN00057,273,15,71,0,9,7,1,1,1
SYN00057,274,15,71,0,9,7,1,1,1
SYN00057,275,17,64,1,9,7,1,1,1
SYN00057,276,17,46,0,9,7,1,1,1
SYN00057,277,17,46,0,9,7,1,1,1
SYN00057,278,17,28,1,9,8,1,1,1
SYN00057,279,15,5,0,9,8,1,1,1
SYN00057,280,15,0,1,9,8,1,1,1
SYN00057,281,15,0,1,9,8,1,1,1
SYN00057,282,15,0,0,9,8,1,1,1
SYN00058,1,0,2880,1,0,0,0,0,1
SYN00058,2,3,2857,1,0,0,0,0,1
SYN00058,3,3,2840,0,0,0,0,0,1
SYN00058,4,3,2840,0,0,0,0,0,1
SYN00058,5,3,2824,1,0,0,0,0,1
SYN00058,6,3,2824,1,0,0,0,0,1
SYN00058,7,3,2804,0,0,0,0,0,1
SYN00058,8,6,2792,1,0,0,0,0,1
SYN00058,9,6,2773,0,1,0,0,0,1
SYN00058,10,6,2755,1,1,0,0,0,1
SYN00058,11,6,2755,1,1,0,0,0,1
SYN00058,12,6,2747,0,1,0,0,0,1
SYN00058,13,6,2747,0,1,0,0,0,1
SYN00058,14,9,2732,1,1,0,0,0,1
SYN00058,15,9,2710,0,1,0,0,0,1
SYN00058,16,9,2710,0,1,0,0,0,1
SYN00058,17,9,2698,1,1,0,0,0,1
SYN00058,18,9,2698,1,1,0,0,0,1
SYN00058,19,9,2675,0,2,0,0,0,1
SYN00058,20,12,2660,1,2,0,0,0,1
SYN00058,21,12,2648,0,2,0,0,0,1
SYN00058,22,12,2648,0,2,0,0,0,1
SYN00058,23,14,2626,1,2,0,0,0,1
SYN00058,24,14,2620,0,2,0,0,0,1
SYN00058,25,16,2610,1,2,0,0,0,1
SYN00058,26,16,2599,0,2,0,0,0,1
SYN00058,27,16,2599,0,2,0,0,0,1
SYN00058,28,16,2582,1,2,0,0,0,1
SYN00058,29,16,2582,1,2,0,0,0,1
SYN00058,30,14,2569,0,2,0,0,0,1
SYN00058,31,14,2558,1,2,0,0,0,1
SYN00058,32,14,2558,1,2,0,0,0,1
SYN00058,33,14,2548,0,2,0,0,0,1
SYN00058,34,14,2548,0,2,0,0,0,1
SYN00058,35,14,2536,1,2,0,0,0,1
SYN00058,36,14,2536,1,2,0,0,0,1
SYN00058,37,12,2528,0,2,0,0,0,1
SYN00058,38,12,2517,1,2,0,0,0,1
SYN00058,39,12,2517,1,2,0,0,0,1
SYN00058,40,12,2498,0,2,0,0,0,1
SYN00058,41,12,2498,0,2,0,0,0,1
SYN00058,42,12,2474,1,2,1,0,0,1
SYN00058,43,12,2456,0,2,1,0,0,1
SYN00058,44,12,2456,0,2,1,0,0,1
SYN00058,45,12,2447,1,2,1,0,0,1
SYN00058,46,12,2447,1,2,1,0,0,1
SYN00058,47,10,2439,0,2,1,0,0,1
SYN00058,48,10,2430,1,2,1,0,0,1
SYN00058,49,10,2430,1,2,1,0,0,1
SYN00058,50,7,2415,0,2,1,0,0,1
SYN00058,51,7,2400,1,2,1,0,0,1
SYN00058,52,7,2400,1,2,1,0,0,1
SYN00058,53,5,2381,0,2,1,0,0,1
SYN00058,54,7,2370,1,2,1,0,0,1
SYN00058,55,7,2364,0,3,1,0,0,1
SYN00058,56,9,2355,1,3,1,0,0,1
SYN00058,57,9,2341,0,3,1,0,0,1
SYN00058,58,9,2341,0,3,1,0,0,1
SYN00058,59,9,2333,1,3,2,0,0,1
SYN00058,60,9,2312,0,3,2,0,0,1
SYN00058,61,9,2312,0,3,2,0,0,1
SYN00058,62,11,2303,1,3,2,0,0,1
SYN00058,63,9,2285,0,3,2,0,0,1
SYN00058,64,9,2270,1,3,2,0,0,1
SYN00058,65,9,2270,1,3,2,0,0,1
SYN00058,66,7,2254,0,3,2,0,0,1
SYN00058,67,7,2231,1,3,2,0,0,1
SYN00058,68,7,2231,1,3,2,0,0,1
SYN00058,69,5,2214,0,3,2,0,0,1
SYN00058,70,5,2208,1,3,2,0,0,1
SYN00058,71,5,2208,1,3,2,0,0,1
SYN00058,72,3,2184,0,3,2,0,0,1
SYN00058,73,3,2178,1,3,2,0,0,1
SYN00058,74,3,2178,1,3,2,0,0,1
SYN00058,75,1,2161,0,3,2,0,0,1
SYN00058,76,1,2160,1,3,2,0,0,1
SYN00058,77,1,2160,1,3,2,0,0,1
SYN00058,78,1,2160,0,3,2,0,0,1
SYN00058,79,1,2160,0,3,2,0,0,1
SYN00058,80,1,2147,0,3,2,0,0,1
SYN00058,81,1,2147,0,3,2,0,0,1
SYN00058,82,1,2130,1,3,2,0,0,1
SYN00058,83,1,2130,1,3,2,0,0,1
SYN00058,84,1,2125,0,3,2,0,0,1
SYN00058,85,1,2125,0,3,2,0,0,1
SYN00058,86,4,2112,1,3,2,0,0,1
SYN00058,87,4,2094,0,4,2,0,0,1
SYN00058,88,4,2076,1,4,2,0,0,1
SYN00058,89,4,2076,1,4,2,0,0,1
SYN00058,90,2,2060,0,4,2,0,0,1
SYN00058,91,2,2048,1,4,2,0,0,1
SYN00058,92,2,2048,1,4,2,0,0,1
SYN00058,93,2,2040,0,4,2,0,0,1
SYN00058,94,2,2040,0,4,2,0,0,1
SYN00058,95,4,2032,1,4,2,0,0,1
SYN00058,96,1,2018,0,4,2,0,0,1
SYN00058,97,1,2002,1,4,2,0,0,1
SYN00058,98,1,1987,0,4,2,0,0,1
SYN00058,99,1,1973,1,4,2,0,0,1
SYN00058,100,1,1973,1,4,2,0,0,1
SYN00058,101,1,1965,0,4,2,0,0,1
SYN00058,102,1,1965,0,4,2,0,0,1
SYN00058,103,1,1943,1,4,2,0,0,1
SYN00058,104,1,1943,1,4,2,0,0,1
SYN00058,105,1,1937,0,4,2,0,0,1
SYN00058,106,1,1937,0,4,2,0,0,1
SYN00058,107,3,1913,1,4,2,0,0,1
SYN00058,108,3,1907,0,4,2,0,0,1
SYN00058,109,3,1907,0,4,2,0,0,1
SYN00058,110,6,1895,1,4,2,0,0,1
SYN00058,111,6,1882,0,4,2,0,0,1
SYN00058,112,6,1882,0,4,2,0,0,1
SYN00058,113,6,1864,1,4,2,0,0,1
SYN00058,114,6,1864,1,4,2,0,0,1
SYN00058,115,3,1844,0,4,2,0,0,1
SYN00058,116,6,1834,1,4,2,0,0,1
SYN00058,117,6,1818,0,4,2,0,0,1
SYN00058,118,6,1818,0,4,2,0,0,1
SYN00058,119,8,1803,1,4,2,0,0,1
SYN00058,120,8,1787,0,4,2,0,0,1
SYN00058,121,8,1787,0,4,2,0,0,1
SYN00058,122,8,1781,1,4,2,0,0,1
SYN00058,123,8,1781,1,4,2,0,0,1
SYN00058,124,5,1763,0,4,2,0,0,1
SYN00058,125,8,1739,1,4,2,0,0,1
SYN00058,126,8,1728,0,4,2,0,0,1
SYN00058,127,8,1728,0,4,2,0,0,1
SYN00058,128,10,1717,1,4,2,0,0,1
SYN00058,129,10,1712,0,4,2,0,0,1
SYN00058,130,10,1712,0,4,2,0,0,1
SYN00058,131,10,1706,1,4,2,0,0,1
SYN00058,132,10,1706,1,4,2,0,0,1
SYN00058,133,7,1700,0,4,2,0,0,1
SYN00058,134,9,1679,1,4,2,0,0,1
SYN00058,135,9,1663,0,4,2,0,0,1
SYN00058,136,11,1641,1,4,2,0,0,1
SYN00058,137,9,1622,0,4,2,0,0,1
SYN00058,138,9,1613,1,4,2,0,0,1
SYN00058,139,9,1593,0,5,2,1,0,1
SYN00058,140,9,1588,1,5,3,1,0,1
SYN00058,141,6,1571,0,5,3,1,0,1
SYN00058,142,6,1549,1,5,3,1,0,1
SYN00058,143,4,1543,0,5,3,1,0,1
SYN00058,144,6,1531,1,5,3,1,0,1
SYN00058,145,6,1509,0,6,3,1,0,1
SYN00058,146,8,1486,1,6,3,1,0,1
SYN00058,147,6,1467,0,6,3,1,0,1
SYN00058,148,6,1459,1,6,3,1,0,1
SYN00058,149,6,1459,1,6,3,1,0,1
SYN00058,150,4,1446,0,6,3,1,0,1
SYN00058,151,4,1440,1,6,3,1,0,1
SYN00058,152,4,1440,1,6,3,1,0,1
SYN00058,153,4,1440,0,6,3,1,0,1
SYN00058,154,4,1440,0,6,3,1,0,1
SYN00058,155,1,1424,0,6,3,1,0,1
SYN00058,156,4,1407,1,6,3,1,0,1
SYN00058,157,4,1388,0,6,3,1,0,1
SYN00058,158,6,1379,1,6,3,1,0,1
SYN00058,159,6,1373,0,6,3,1,0,1
SYN00058,160,6,1373,0,6,3,1,0,1
SYN00058,161,8,1353,1,6,3,1,0,1
SYN00058,162,8,1330,0,6,3,1,0,1
SYN00058,163,8,1315,1,6,4,1,0,1
SYN00058,164,5,1302,0,6,4,1,0,1
SYN00058,165,7,1289,1,6,4,1,0,1
SYN00058,166,7,1276,0,6,4,1,0,1
SYN00058,167,7,1276,0,6,4,1,0,1
SYN00058,168,7,1265,1,6,5,1,1,1
SYN00058,169,7,1247,0,6,5,1,1,1
SYN00058,170,7,1247,0,6,5,1,1,1
SYN00058,171,7,1229,1,6,5,1,1,1
SYN00058,172,7,1229,1,6,5,1,1,1
SYN00058,173,7,1208,0,6,5,1,1,1
SYN00058,174,7,1208,0,6,5,1,1,1
SYN00058,175,7,1199,1,6,5,1,1,1
SYN00058,176,7,1199,1,6,5,1,1,1
SYN00058,177,5,1181,0,6,5,1,1,1
SYN00058,178,5,1159,1,6,5,1,1,1
SYN00058,179,5,1159,1,6,5,1,1,1
SYN00058,180,5,1148,0,6,5,1,1,1
SYN00058,181,5,1148,0,6,5,1,1,1
SYN00058,182,5,1131,1,6,5,1,1,1
SYN00058,183,5,1131,1,6,5,1,1,1
SYN00058,184,5,1116,0,7,5,1,1,1
SYN00058,185,7,1109,1,7,5,1,1,1
SYN00058,186,5,1103,0,7,5,1,1,1
SYN00058,187,5,1088,1,7,5,1,1,1
SYN00058,188,5,1088,1,7,5,1,1,1
SYN00058,189,5,1072,0,7,5,1,1,1
SYN00058,190,5,1072,0,7,5,1,1,1
SYN00058,191,5,1051,1,7,5,1,1,1
SYN00058,192,5,1051,1,7,5,1,1,1
SYN00058,193,5,1038,0,7,5,1,1,1
SYN00058,194,7,1016,1,7,5,1,1,1
SYN00058,195,7,1008,0,7,5,1,1,1
SYN00058,196,7,1008,0,7,5,1,1,1
SYN00058,197,9,1000,1,7,5,1,1,1
SYN00058,198,7,992,0,7,5,1,1,1
SYN00058,199,9,974,1,7,5,1,1,1
SYN00058,200,9,963,0,7,5,1,1,1
SYN00058,201,9,963,0,7,5,1,1,1
SYN00058,202,9,945,1,7,5,1,1,1
SYN00058,203,9,929,0,7,5,1,1,1
SYN00058,204,9,929,0,7,5,1,1,1
SYN00058,205,11,920,1,7,5,1,1,1
SYN00058,206,11,915,0,7,5,1,1,1
SYN00058,207,11,915,0,7,5,1,1,1
SYN00058,208,11,907,1,7,5,1,1,1
SYN00058,209,11,907,1,7,5,1,1,1
SYN00058,210,11,885,0,7,5,1,1,1
SYN00058,211,11,885,0,7,5,1,1,1
SYN00058,212,13,879,1,7,5,1,1,1
SYN00058,213,13,857,0,7,5,1,1,1
SYN00058,214,13,857,0,7,5,1,1,1
SYN00058,215,16,848,1,7,5,1,1,1
SYN00058,216,16,842,0,7,5,1,1,1
SYN00058,217,16,842,0,7,5,1,1,1
SYN00058,218,18,831,1,7,5,1,1,1
SYN00058,219,18,820,0,7,5,1,1,1
SYN00058,220,18,820,0,7,5,1,1,1
SYN00058,221,18,808,1,7,5,1,1,1
SYN00058,222,18,808,1,7,5,1,1,1
SYN00058,223,15,790,0,7,5,1,1,1
SYN00058,224,18,767,1,7,5,1,1,1
SYN00058,225,18,751,0,7,5,1,1,1
SYN00058,226,18,751,0,7,5,1,1,1
SYN00058,227,21,742,1,7,5,1,1,1
SYN00058,228,18,725,0,7,5,1,1,1
SYN00058,229,20,720,1,7,5,1,1,1
SYN00058,230,20,720,0,7,5,1,1,1
SYN00058,231,20,720,0,7,5,1,1,1
SYN00058,232,18,701,0,7,5,1,1,1
SYN00058,233,20,687,1,7,5,1,1,1
SYN00058,234,20,669,0,7,5,1,1,1
SYN00058,235,20,669,0,7,5,1,1,1
SYN00058,236,20,647,1,7,5,1,1,1
SYN00058,237,18,631,0,7,5,1,1,1
SYN00058,238,21,607,1,7,5,1,1,1
SYN00058,239,21,596,0,7,5,1,1,1
SYN00058,240,21,596,0,7,5,1,1,1
SYN00058,241,21,575,1,7,5,1,1,1
SYN00058,242,21,575,1,7,5,1,1,1
SYN00058,243,21,567,0,7,5,1,1,1
SYN00058,244,21,567,0,7,5,1,1,1
SYN00058,245,21,547,1,7,5,1,1,1
SYN00058,246,21,547,1,7,5,1,1,1
SYN00058,247,18,541,0,7,5,1,1,1
SYN00058,248,18,535,1,7,5,1,1,1
SYN00058,249,18,535,1,7,5,1,1,1
SYN00058,250,16,527,0,7,5,1,1,1
SYN00058,251,16,511,1,7,5,1,1,1
SYN00058,252,16,511,1,7,5,1,1,1
SYN00058,253,14,500,0,7,5,1,1,1
SYN00058,254,17,477,1,7,5,1,1,1
SYN00058,255,17,469,0,8,5,1,1,1
SYN00058,256,17,451,1,8,6,1,1,1
SYN00058,257,15,431,0,8,6,1,1,1
SYN00058,258,15,415,1,8,6,1,1,1
SYN00058,259,15,415,1,8,6,1,1,1
SYN00058,260,12,402,0,8,6,1,1,1
SYN00058,261,12,382,1,8,6,1,1,1
SYN00058,262,12,382,1,8,6,1,1,1
SYN00058,263,12,372,0,9,6,1,1,1
SYN00058,264,14,364,1,9,6,1,1,1
SYN00058,265,12,355,0,9,6,1,1,1
SYN00058,266,12,336,1,9,6,1,1,1
SYN00058,267,10,321,0,9,6,1,1,1
SYN00058,268,10,301,1,9,6,1,1,1
SYN00058,269,10,301,1,9,6,1,1,1
SYN00058,270,10,292,0,10,6,1,1,1
SYN00058,271,10,283,1,10,6,1,1,1
SYN00058,272,10,283,1,10,6,1,1,1
SYN00058,273,10,273,0,10,6,1,1,1
SYN00058,274,10,273,0,10,6,1,1,1
SYN00058,275,10,255,1,10,6,1,1,1
SYN00058,276,10,255,1,10,6,1,1,1
SYN00058,277,8,244,0,10,6,1,1,1
SYN00058,278,8,221,1,10,6,1,1,1
SYN00058,279,8,221,1,10,6,1,1,1
SYN00058,280,8,212,0,10,6,1,1,1
SYN00058,281,8,212,0,10,6,1,1,1
SYN00058,282,8,198,1,10,6,1,1,1
SYN00058,283,8,180,0,10,6,1,1,1
SYN00058,284,8,180,0,10,6,1,1,1
SYN00058,285,11,156,1,10,6,1,1,1
SYN00058,286,11,134,0,10,6,1,1,1
SYN00058,287,11,134,0,10,6,1,1,1
SYN00058,288,11,116,1,10,6,1,1,1
SYN00058,289,11,116,1,10,6,1,1,1
SYN00058,290,11,106,0,10,6,1,1,1
SYN00058,291,11,86,1,10,6,1,1,1
SYN00058,292,11,86,1,10,6,1,1,1
SYN00058,293,11,69,0,10,6,1,1,1
SYN00058,294,11,69,0,10,6,1,1,1
SYN00058,295,11,55,1,10,7,1,1,1
SYN00058,296,11,48,0,10,7,1,1,1
SYN00058,297,11,48,0,10,7,1,1,1
SYN00058,298,11,25,1,10,7,1,1,1
SYN00058,299,11,25,1,10,7,1,1,1
SYN00058,300,11,14,0,10,7,1,1,1
SYN00058,301,11,14,0,10,7,1,1,1
SYN00058,302,11,2,1,10,7,1,1,1
SYN00058,303,11,2,1,10,7,1,1,1
SYN00058,304,9,0,0,10,7,1,1,1
SYN00058,305,9,0,1,10,7,1,1,1
SYN00059,1,0,2880,1,0,0,0,0,1
SYN00059,2,0,2859,1,0,0,0,0,1
SYN00059,3,0,2859,1,0,0,0,0,1
SYN00059,4,0,2838,0,0,0,0,0,1
SYN00059,5,0,2838,0,0,0,0,0,1
SYN00059,6,0,2816,1,0,0,0,0,1
SYN00059,7,0,2816,1,0,0,0,0,1
SYN00059,8,0,2804,0,0,0,0,0,1
SYN00059,9,0,2804,0,0,0,0,0,1
SYN00059,10,2,2798,1,0,0,0,0,1
SYN00059,11,2,2787,0,0,0,0,0,1
SYN00059,12,2,2787,0,0,0,0,0,1
SYN00059,13,2,2778,1,0,0,0,0,1
SYN00059,14,2,2757,0,1,0,0,0,1
SYN00059,15,2,2735,1,1,0,0,0,1
SYN00059,16,2,2720,0,1,0,0,0,1
SYN00059,17,2,2720,0,1,0,0,0,1
SYN00059,18,2,2705,1,1,1,0,0,1
SYN00059,19,2,2695,0,1,1,0,0,1
SYN00059,20,2,2695,0,1,1,0,0,1
SYN00059,21,4,2680,1,1,1,0,0,1
SYN00059,22,4,2672,0,2,1,0,0,1
SYN00059,23,7,2660,1,2,1,0,0,1
SYN00059,24,4,2648,0,2,1,0,0,1
SYN00059,25,6,2630,1,2,1,0,0,1
SYN00059,26,6,2623,0,2,1,0,0,1
SYN00059,27,6,2623,0,2,1,0,0,1
SYN00059,28,6,2607,1,2,1,0,0,1
SYN00059,29,6,2607,1,2,1,0,0,1
SYN00059,30,6,2600,0,2,1,0,0,1
SYN00059,31,6,2600,0,2,1,0,0,1
SYN00059,32,6,2595,1,2,1,0,0,1
SYN00059,33,6,2595,1,2,1,0,0,1
SYN00059,34,6,2584,0,2,1,0,0,1
SYN00059,35,6,2565,1,2,1,0,0,1
SYN00059,36,6,2565,1,2,1,0,0,1
SYN00059,37,6,2550,0,2,1,0,0,1
SYN00059,38,6,2550,0,2,1,0,0,1
SYN00059,39,6,2545,1,2,1,0,0,1
SYN00059,40,6,2545,1,2,1,0,0,1
SYN00059,41,6,2533,0,2,1,0,0,1
SYN00059,42,6,2533,0,2,1,0,0,1
SYN00059,43,6,2518,1,2,1,0,0,1
SYN00059,44,6,2518,1,2,1,0,0,1
SYN00059,45,4,2505,0,2,1,0,0,1
SYN00059,46,4,2492,1,2,1,0,0,1
SYN00059,47,2,2472,0,2,1,0,0,1
SYN00059,48,2,2454,1,2,1,0,0,1
SYN00059,49,2,2454,1,2,1,0,0,1
SYN00059,50,2,2449,0,2,1,0,0,1
SYN00059,51,2,2449,0,2,1,0,0,1
SYN00059,52,2,2443,1,2,1,0,0,1
SYN00059,53,2,2443,1,2,1,0,0,1
SYN00059,54,2,2419,0,2,1,0,0,1
SYN00059,55,2,2419,0,2,1,0,0,1
SYN00059,56,2,2412,1,2,1,0,0,1
SYN00059,57,2,2397,0,2,1,0,0,1
SYN00059,58,2,2397,0,2,1,0,0,1
SYN00059,59,2,2375,1,2,1,0,0,1
SYN00059,60,2,2375,1,2,1,0,0,1
SYN00059,61,2,2356,0,2,1,0,0,1
SYN00059,62,2,2349,1,2,2,0,0,1
SYN00059,63,2,2343,0,2,2,0,0,1
SYN00059,64,2,2343,0,2,2,0,0,1
SYN00059,65,2,2336,1,2,3,0,0,1
SYN00059,66,2,2312,0,3,3,0,0,1
SYN00059,67,5,2298,1,3,3,0,0,1
SYN00059,68,3,2282,0,3,3,0,0,1
SYN00059,69,5,2265,1,3,3,0,0,1
SYN00059,70,3,2248,0,3,3,0,0,1
SYN00059,71,3,2225,1,3,3,0,0,1
SYN00059,72,3,2225,1,3,3,0,0,1
SYN00059,73,1,2215,0,3,3,0,0,1
SYN00059,74,3,2202,1,3,3,0,0,1
SYN00059,75,1,2188,0,3,3,0,0,1
SYN00059,76,3,2164,1,3,3,0,0,1
SYN00059,77,3,2160,0,3,3,0,0,1
SYN00059,78,3,2160,0,3,3,0,0,1
SYN00059,79,3,2160,1,3,3,0,0,1
SYN00059,80,3,2160,1,3,3,0,0,1
SYN00059,81,6,2139,1,3,3,0,0,1
SYN00059,82,6,2118,0,4,3,0,0,1
SYN00059,83,9,2094,1,4,3,0,0,1
SYN00059,84,7,2089,0,4,3,0,0,1
SYN00059,85,9,2084,1,4,3,0,0,1
SYN00059,86,7,2072,0,4,3,0,0,1
SYN00059,87,9,2055,1,4,3,0,0,1
SYN00059,88,9,2032,0,4,3,0,0,1
SYN00059,89,9,2032,0,4,3,0,0,1
SYN00059,90,11,2009,1,4,3,0,0,1
SYN00059,91,9,1987,0,4,3,0,0,1
SYN00059,92,9,1967,1,4,3,0,0,1
SYN00059,93,9,1967,1,4,3,0,0,1
SYN00059,94,7,1946,0,4,3,0,0,1
SYN00059,95,7,1933,1,4,3,0,0,1
SYN00059,96,7,1933,1,4,3,0,0,1
SYN00059,97,7,1916,0,4,3,0,0,1
SYN00059,98,9,1910,1,4,3,0,0,1
SYN00059,99,9,1894,0,4,3,0,0,1
SYN00059,100,9,1894,0,4,3,0,0,1
SYN00059,101,12,1881,1,4,3,0,0,1
SYN00059,102,10,1866,0,4,3,0,0,1
SYN00059,103,10,1851,1,4,3,0,0,1
SYN00059,104,10,1851,1,4,3,0,0,1
SYN00059,105,8,1841,0,4,3,0,0,1
SYN00059,106,11,1824,1,4,3,0,0,1
SYN00059,107,8,1806,0,4,3,0,0,1
SYN00059,108,10,1792,1,4,3,0,0,1
SYN00059,109,10,1787,0,4,3,0,0,1
SYN00059,110,10,1787,0,4,3,0,0,1
SYN00059,111,10,1764,1,4,3,0,0,1
SYN00059,112,10,1764,1,4,3,0,0,1
SYN00059,113,7,1750,0,4,3,0,0,1
SYN00059,114,7,1739,1,4,3,0,0,1
SYN00059,115,7,1717,0,4,3,0,0,1
SYN00059,116,9,1699,1,4,3,0,0,1
SYN00059,117,9,1692,0,4,3,0,0,1
SYN00059,118,9,1692,0,4,3,0,0,1
SYN00059,119,11,1669,1,4,3,0,0,1
SYN00059,120,9,1663,0,4,3,0,0,1
SYN00059,121,9,1639,1,4,4,0,0,1
SYN00059,122,9,1615,0,4,4,0,0,1
SYN00059,123,9,1615,0,4,4,0,0,1
SYN00059,124,9,1599,1,4,4,0,0,1
SYN00059,125,9,1599,1,4,4,0,0,1
SYN00059,126,9,1580,0,4,4,0,0,1
SYN00059,127,9,1580,0,4,4,0,0,1
SYN00059,128,9,1566,1,4,4,0,0,1
SYN00059,129,9,1547,0,5,4,1,0,1
SYN00059,130,11,1536,1,5,4,1,0,1
SYN00059,131,9,1515,0,5,4,1,0,1
SYN00059,132,11,1492,1,5,4,1,0,1
SYN00059,133,9,1485,0,5,4,1,0,1
SYN00059,134,9,1468,1,5,4,1,0,1
SYN00059,135,9,1468,1,5,4,1,0,1
SYN00059,136,6,1451,0,5,4,1,0,1
SYN00059,137,6,1440,1,5,4,1,0,1
SYN00059,138,6,1440,1,5,4,1,0,1
SYN00059,139,6,1440,0,5,4,1,0,1
SYN00059,140,6,1440,0,5,4,1,0,1
SYN00059,141,6,1427,0,5,4,1,0,1
SYN00059,142,6,1427,0,5,4,1,0,1
SYN00059,143,9,1422,1,5,4,1,0,1
SYN00059,144,7,1406,0,5,4,1,0,1
SYN00059,145,7,1389,1,5,5,1,1,1
SYN00059,146,7,1376,0,5,5,1,1,1
SYN00059,147,7,1376,0,5,5,1,1,1
SYN00059,148,7,1367,1,5,5,1,1,1
SYN00059,149,7,1367,1,5,5,1,1,1
SYN00059,150,7,1346,0,5,5,1,1,1
SYN00059,151,9,1341,1,5,5,1,1,1
SYN00059,152,7,1327,0,5,5,1,1,1
SYN00059,153,9,1316,1,5,5,1,1,1
SYN00059,154,9,1309,0,5,5,1,1,1
SYN00059,155,9,1309,0,5,5,1,1,1
SYN00059,156,9,1286,1,5,5,1,1,1
SYN00059,157,9,1286,1,5,5,1,1,1
SYN00059,158,9,1263,0,5,5,1,1,1
SYN00059,159,9,1263,0,5,5,1,1,1
SYN00059,160,12,1257,1,5,5,1,1,1
SYN00059,161,10,1249,0,5,5,1,1,1
SYN00059,162,12,1230,1,5,5,1,1,1
SYN00059,163,12,1218,0,5,5,1,1,1
SYN00059,164,12,1218,0,5,5,1,1,1
SYN00059,165,12,1210,1,5,5,1,1,1
SYN00059,166,12,1210,1,5,5,1,1,1
SYN00059,167,12,1205,0,5,5,1,1,1
SYN00059,168,12,1205,0,5,5,1,1,1
SYN00059,169,12,1196,1,5,5,1,1,1
SYN00059,170,12,1196,1,5,5,1,1,1
SYN00059,171,10,1182,0,5,5,1,1,1
SYN00059,172,10,1176,1,5,5,1,1,1
SYN00059,173,10,1176,1,5,5,1,1,1
SYN00059,174,10,1159,0,5,5,1,1,1
SYN00059,175,10,1153,1,5,5,1,1,1
SYN00059,176,8,1141,0,5,5,1,1,1
SYN00059,177,8,1135,1,5,5,1,1,1
SYN00059,178,8,1135,1,5,5,1,1,1
SYN00059,179,6,1122,0,5,5,1,1,1
SYN00059,180,6,1104,1,5,6,1,1,1
SYN00059,181,6,1084,0,6,6,1,1,1
SYN00059,182,8,1078,1,6,6,1,1,1
SYN00059,183,8,1060,0,6,6,1,1,1
SYN00059,184,8,1060,0,6,6,1,1,1
SYN00059,185,11,1043,1,6,6,1,1,1
SYN00059,186,11,1027,0,6,6,1,1,1
SYN00059,187,11,1027,0,6,6,1,1,1
SYN00059,188,13,1018,1,6,6,1,1,1
SYN00059,189,13,1000,0,7,6,1,1,1
SYN00059,190,13,989,1,7,6,1,1,1
SYN00059,191,13,989,1,7,6,1,1,1
SYN00059,192,13,980,0,8,6,1,1,1
SYN00059,193,13,959,1,8,6,1,1,1
SYN00059,194,13,959,1,8,6,1,1,1
SYN00059,195,13,951,0,8,6,1,1,1
SYN00059,196,13,951,0,8,6,1,1,1
SYN00059,197,13,938,1,8,7,1,1,1
SYN00059,198,13,914,0,8,7,1,1,1
SYN00059,199,13,914,0,8,7,1,1,1
SYN00059,200,13,893,1,8,7,1,1,1
SYN00059,201,13,893,1,8,7,1,1,1
SYN00059,202,10,884,0,8,7,1,1,1
SYN00059,203,10,876,1,8,7,1,1,1
SYN00059,204,10,876,1,8,7,1,1,1
SYN00059,205,10,866,0,9,7,1,1,1
SYN00059,206,10,851,1,9,7,1,1,1
SYN00059,207,10,851,1,9,7,1,1,1
SYN00059,208,10,839,0,9,7,1,1,1
SYN00059,209,10,839,0,9,7,1,1,1
SYN00059,210,12,833,1,9,7,1,1,1
SYN00059,211,12,827,0,9,7,1,1,1
SYN00059,212,12,827,0,9,7,1,1,1
SYN00059,213,12,822,1,9,7,1,1,1
SYN00059,214,12,822,1,9,7,1,1,1
SYN00059,215,10,812,0,9,7,1,1,1
SYN00059,216,10,791,1,9,7,1,1,1
SYN00059,217,10,791,1,9,7,1,1,1
SYN00059,218,10,774,0,10,7,1,1,1
SYN00059,219,10,760,1,10,7,1,1,1
SYN00059,220,10,744,0,10,7,1,1,1
SYN00059,221,12,723,1,10,7,1,1,1
SYN00059,222,12,720,0,10,7,1,1,1
SYN00059,223,12,720,0,10,7,1,1,1
SYN00059,224,12,720,1,10,7,1,1,1
SYN00059,225,12,720,1,10,7,1,1,1
SYN00059,226,14,715,1,10,7,1,1,1
SYN00059,227,14,692,0,10,7,1,1,1
SYN00059,228,14,692,0,10,7,1,1,1
SYN00059,229,16,679,1,10,7,1,1,1
SYN00059,230,16,664,0,10,7,1,1,1
SYN00059,231,16,664,0,10,7,1,1,1
SYN00059,232,18,652,1,10,7,1,1,1
SYN00059,233,18,631,0,10,7,1,1,1
SYN00059,234,18,631,0,10,7,1,1,1
SYN00059,235,18,607,1,10,7,1,1,1
SYN00059,236,16,588,0,10,7,1,1,1
SYN00059,237,16,568,1,10,7,1,1,1
SYN00059,238,16,568,1,10,7,1,1,1
SYN00059,239,16,562,0,11,7,1,1,1
SYN00059,240,18,550,1,11,7,1,1,1
SYN00059,241,18,543,0,11,7,1,1,1
SYN00059,242,18,543,0,11,7,1,1,1
SYN00059,243,18,525,1,11,7,1,1,1
SYN00059,244,18,525,1,11,7,1,1,1
SYN00059,245,16,512,0,11,7,1,1,1
SYN00059,246,16,494,1,11,7,1,1,1
SYN00059,247,16,485,0,11,7,1,1,1
SYN00059,248,16,469,1,11,7,1,1,1
SYN00059,249,16,469,1,11,7,1,1,1
SYN00059,250,16,453,0,11,7,1,1,1
SYN00059,251,16,453,0,11,7,1,1,1
SYN00059,252,16,446,1,11,8,1,1,1
SYN00059,253,16,424,0,11,8,1,1,1
SYN00059,254,16,424,0,11,8,1,1,1
SYN00059,255,16,414,1,11,8,1,1,1
SYN00059,256,16,414,1,11,8,1,1,1
SYN00059,257,16,399,0,11,8,1,1,1
SYN00059,258,16,399,0,11,8,1,1,1
SYN00059,259,16,378,1,11,8,1,1,1
SYN00059,260,16,378,1,11,8,1,1,1
SYN00059,261,16,360,0,11,8,1,1,1
SYN00059,262,16,360,0,11,8,1,1,1
SYN00059,263,18,341,1,11,8,1,1,1
SYN00059,264,18,336,0,11,8,1,1,1
SYN00059,265,18,336,0,11,8,1,1,1
SYN00059,266,18,321,1,11,8,1,1,1
SYN00059,267,18,321,1,11,8,1,1,1
SYN00059,268,18,306,0,11,8,1,1,1
SYN00059,269,18,306,0,11,8,1,1,1
SYN00059,270,18,296,1,11,8,1,1,1
SYN00059,271,18,296,1,11,8,1,1,1
SYN00059,272,15,281,0,11,8,1,1,1
SYN00059,273,15,271,1,11,8,1,1,1
SYN00059,274,15,271,1,11,8,1,1,1
SYN00059,275,15,259,0,11,8,1,1,1
SYN00059,276,15,259,0,11,8,1,1,1
SYN00059,277,17,236,1,11,8,1,1,1
SYN00059,278,17,220,0,11,8,1,1,1
SYN00059,279,17,208,1,11,8,1,1,1
SYN00059,280,17,208,1,11,8,1,1,1
SYN00059,281,17,186,0,11,8,1,1,1
SYN00059,282,17,186,0,11,8,1,1,1
SYN00059,283,17,172,1,11,8,1,1,1
SYN00059,284,17,172,1,11,8,1,1,1
SYN00059,285,17,154,0,11,8,1,1,1
SYN00059,286,19,147,1,11,8,1,1,1
SYN00059,287,19,135,0,12,8,1,1,1
SYN00059,288,19,111,1,12,8,1,1,1
SYN00059,289,19,111,1,12,8,1,1,1
SYN00059,290,19,106,0,12,8,1,1,1
SYN00059,291,21,89,1,12,8,1,1,1
SYN00059,292,21,65,0,12,8,1,1,1
SYN00059,293,21,65,0,12,8,1,1,1
SYN00059,294,24,55,1,12,8,1,1,1
SYN00059,295,24,35,0,12,8,1,1,1
SYN00059,296,24,35,0,12,8,1,1,1
SYN00059,297,24,28,1,12,8,1,1,1
SYN00059,298,24,28,1,12,8,1,1,1
SYN00059,299,24,9,0,12,8,1,1,1
SYN00059,300,24,9,0,12,8,1,1,1
SYN00059,301,26,2,1,12,8,1,1,1
SYN00059,302,24,0,0,12,8,1,1,1
SYN00059,303,24,0,1,12,8,1,1,1
SYN00060,1,0,2880,0,0,0,0,0,1
SYN00060,2,0,2872,0,0,0,0,0,1
SYN00060,3,0,2872,0,0,0,0,0,1
SYN00060,4,2,2853,1,0,0,0,0,1
SYN00060,5,2,2829,0,0,0,0,0,1
SYN00060,6,2,2829,0,0,0,0,0,1
SYN00060,7,2,2822,1,0,0,0,0,1
SYN00060,8,2,2822,1,0,0,0,0,1
SYN00060,9,2,2809,0,1,0,0,0,1
SYN00060,10,2,2801,1,1,0,0,0,1
SYN00060,11,2,2779,0,1,0,0,0,1
SYN00060,12,2,2779,0,1,0,0,0,1
SYN00060,13,2,2774,1,1,0,0,0,1
SYN00060,14,2,2774,1,1,0,0,0,1
SYN00060,15,2,2758,0,1,0,0,0,1
SYN00060,16,2,2758,0,1,0,0,0,1
SYN00060,17,5,2739,1,1,0,0,0,1
SYN00060,18,3,2731,0,1,0,0,0,1
SYN00060,19,3,2722,1,1,0,0,0,1
SYN00060,20,3,2722,1,1,0,0,0,1
SYN00060,21,3,2706,0,1,0,0,0,1
SYN00060,22,3,2706,0,1,0,0,0,1
SYN00060,23,3,2695,1,1,0,0,0,1
SYN00060,24,3,2695,1,1,0,0,0,1
SYN00060,25,1,2690,0,1,0,0,0,1
SYN00060,26,1,2676,1,1,0,0,0,1
SYN00060,27,1,2676,1,1,0,0,0,1
SYN00060,28,1,2666,0,1,0,0,0,1
SYN00060,29,1,2666,0,1,0,0,0,1
SYN00060,30,3,2650,1,1,0,0,0,1
SYN00060,31,3,2633,0,1,0,0,0,1
SYN00060,32,3,2633,0,1,0,0,0,1
SYN00060,33,3,2623,1,1,0,0,0,1
SYN00060,34,3,2623,1,1,0,0,0,1
SYN00060,35,1,2604,0,1,0,0,0,1
SYN00060,36,1,2581,1,1,0,0,0,1
SYN00060,37,1,2581,1,1,0,0,0,1
SYN00060,38,1,2567,0,1,0,0,0,1
SYN00060,39,1,2567,0,1,0,0,0,1
SYN00060,40,4,2551,1,1,0,0,0,1
SYN00060,41,4,2527,0,1,0,0,0,1
SYN00060,42,4,2527,0,1,0,0,0,1
SYN00060,43,6,2505,1,1,0,0,0,1
SYN00060,44,6,2494,0,1,0,0,0,1
SYN00060,45,6,2494,0,1,0,0,0,1
SYN00060,46,9,2473,1,1,0,0,0,1
SYN00060,47,9,2462,0,1,0,0,0,1
SYN00060,48,9,2462,0,1,0,0,0,1
SYN00060,49,11,2450,1,1,0,0,0,1
SYN00060,50,9,2433,0,1,0,0,0,1
SYN00060,51,11,2423,1,1,0,0,0,1
SYN00060,52,11,2404,0,1,0,0,0,1
SYN00060,53,11,2404,0,1,0,0,0,1
SYN00060,54,11,2396,1,1,0,0,0,1
SYN00060,55,11,2396,1,1,0,0,0,1
SYN00060,56,11,2386,0,1,0,0,0,1
SYN00060,57,11,2386,0,1,0,0,0,1
SYN00060,58,11,2362,1,1,0,0,0,1
SYN00060,59,11,2338,0,1,0,0,0,1
SYN00060,60,11,2338,0,1,0,0,0,1
SYN00060,61,11,2324,1,1,0,0,0,1
SYN00060,62,11,2324,1,1,0,0,0,1
SYN00060,63,8,2312,0,1,0,0,0,1
SYN00060,64,8,2300,1,1,0,0,0,1
SYN00060,65,8,2300,1,1,0,0,0,1
SYN00060,66,6,2288,0,1,0,0,0,1
SYN00060,67,6,2279,1,1,0,0,0,1
SYN00060,68,6,2279,1,1,0,0,0,1
SYN00060,69,6,2269,0,2,0,0,0,1
SYN00060,70,6,2250,1,2,0,0,0,1
SYN00060,71,6,2250,1,2,0,0,0,1
SYN00060,72,6,2239,0,2,0,0,0,1
SYN00060,73,6,2239,0,2,0,0,0,1
SYN00060,74,6,2223,1,2,0,0,0,1
SYN00060,75,6,2223,1,2,0,0,0,1
SYN00060,76,3,2203,0,2,0,0,0,1
SYN00060,77,3,2185,1,2,0,0,0,1
SYN00060,78,3,2185,1,2,0,0,0,1
SYN00060,79,3,2171,0,2,0,0,0,1
SYN00060,80,3,2171,0,2,0,0,0,1
SYN00060,81,5,2160,1,2,0,0,0,1
SYN00060,82,5,2160,0,2,0,0,0,1
SYN00060,83,5,2160,0,2,0,0,0,1
SYN00060,84,3,2140,0,2,0,0,0,1
SYN00060,85,5,2117,1,2,0,0,0,1
SYN00060,86,5,2095,0,2,0,0,0,1
SYN00060,87,5,2095,0,2,0,0,0,1
SYN00060,88,5,2088,1,2,0,0,0,1
SYN00060,89,5,2088,1,2,0,0,0,1
SYN00060,90,3,2075,0,2,0,0,0,1
SYN00060,91,3,2060,1,2,0,0,0,1
SYN00060,92,3,2060,1,2,0,0,0,1
SYN00060,93,0,2053,0,2,0,0,0,1
SYN00060,94,0,2035,1,2,0,0,0,1
SYN00060,95,0,2035,1,2,0,0,0,1
SYN00060,96,-2,2017,0,2,0,0,0,1
SYN00060,97,1,2012,1,2,0,0,0,1
SYN00060,98,-1,1990,0,2,0,0,0,1
SYN00060,99,-1,1969,1,2,1,0,0,1
SYN00060,100,-1,1948,0,2,1,0,0,1
SYN00060,101,-1,1948,0,2,1,0,0,1
SYN00060,102,-1,1924,1,2,1,0,0,1
SYN00060,103,-1,1924,1,2,1,0,0,1
SYN00060,104,-1,1906,0,2,1,0,0,1
SYN00060,105,-1,1906,0,2,1,0,0,1
SYN00060,106,-1,1891,1,2,1,0,0,1
SYN00060,107,-1,1885,0,3,1,0,0,1
SYN00060,108,1,1877,1,3,1,0,0,1
SYN00060,109,1,1853,0,3,1,0,0,1
SYN00060,110,1,1853,0,3,1,0,0,1
SYN00060,111,1,1840,1,3,1,0,0,1
SYN00060,112,1,1840,1,3,1,0,0,1
SYN00060,113,1,1826,0,3,1,0,0,1
SYN00060,114,1,1826,0,3,1,0,0,1
SYN00060,115,4,1812,1,3,1,0,0,1
SYN00060,116,4,1793,0,4,1,0,0,1
SYN00060,117,6,1774,1,4,1,0,0,1
SYN00060,118,6,1759,0,4,1,0,0,1
SYN00060,119,6,1759,0,4,1,0,0,1
SYN00060,120,6,1750,1,4,1,0,0,1
SYN00060,121,6,1750,1,4,1,0,0,1
SYN00060,122,4,1727,0,4,1,0,0,1
SYN00060,123,4,1714,1,4,1,0,0,1
SYN00060,124,4,1714,1,4,1,0,0,1
SYN00060,125,1,1701,0,4,1,0,0,1
SYN00060,126,1,1691,1,4,1,0,0,1
SYN00060,127,1,1691,1,4,1,0,0,1
SYN00060,128,1,1675,0,4,1,0,0,1
SYN00060,129,1,1675,0,4,1,0,0,1
SYN00060,130,3,1658,1,4,1,0,0,1
SYN00060,131,3,1643,0,5,1,1,0,1
SYN00060,132,3,1629,1,5,1,1,0,1
SYN00060,133,3,1629,1,5,1,1,0,1
SYN00060,134,0,1618,0,5,1,1,0,1
SYN00060,135,0,1601,1,5,1,1,0,1
SYN00060,136,0,1601,1,5,1,1,0,1
SYN00060,137,-2,1582,0,5,1,1,0,1
SYN00060,138,-2,1575,1,5,1,1,0,1
SYN00060,139,-2,1575,1,5,1,1,0,1
SYN00060,140,-2,1567,0,5,1,1,0,1
SYN00060,141,-2,1567,0,5,1,1,0,1
SYN00060,142,-2,1551,1,5,1,1,0,1
SYN00060,143,-2,1551,1,5,1,1,0,1
SYN00060,144,-2,1529,0,5,1,1,0,1
SYN00060,145,0,1514,1,5,1,1,0,1
SYN00060,146,0,1493,0,5,1,1,0,1
SYN00060,147,0,1493,0,5,1,1,0,1
SYN00060,148,2,1484,1,5,1,1,0,1
SYN00060,149,0,1468,0,5,1,1,0,1
SYN00060,150,2,1457,1,5,1,1,0,1
SYN00060,151,-1,1449,0,5,1,1,0,1
SYN00060,152,-1,1443,1,5,1,1,0,1
SYN00060,153,-1,1443,1,5,1,1,0,1
SYN00060,154,-1,1440,0,5,1,1,0,1
SYN00060,155,-1,1440,0,5,1,1,0,1
SYN00060,156,-1,1440,1,5,1,1,0,1
SYN00060,157,-1,1440,1,5,1,1,0,1
SYN00060,158,1,1430,1,5,1,1,0,1
SYN00060,159,-1,1411,0,5,1,1,0,1
SYN00060,160,1,1397,1,5,1,1,0,1
SYN00060,161,1,1386,0,6,1,1,0,1
SYN00060,162,1,1367,1,6,1,1,0,1
SYN00060,163,-1,1348,0,6,1,1,0,1
SYN00060,164,1,1337,1,6,1,1,0,1
SYN00060,165,-1,1314,0,6,1,1,0,1
SYN00060,166,-1,1305,1,6,1,1,0,1
SYN00060,167,-1,1305,1,6,1,1,0,1
SYN00060,168,-1,1296,0,6,1,1,0,1
SYN00060,169,1,1277,1,6,1,1,0,1
SYN00060,170,-1,1272,0,6,1,1,0,1
SYN00060,171,1,1258,1,6,1,1,0,1
SYN00060,172,-1,1239,0,6,1,1,0,1
SYN00060,173,-1,1221,1,6,1,1,0,1
SYN00060,174,-1,1221,1,6,1,1,0,1
SYN00060,175,-1,1208,0,6,1,1,0,1
SYN00060,176,-1,1208,0,6,1,1,0,1
SYN00060,177,-1,1191,1,6,2,1,0,1
SYN00060,178,-4,1169,0,6,2,1,0,1
SYN00060,179,-2,1160,1,6,2,1,0,1
SYN00060,180,-4,1147,0,6,2,1,0,1
SYN00060,181,-4,1136,1,6,2,1,0,1
SYN00060,182,-4,1136,1,6,2,1,0,1
SYN00060,183,-4,1128,0,6,2,1,0,1
SYN00060,184,-4,1128,0,6,2,1,0,1
SYN00060,185,-4,1113,1,6,2,1,0,1
SYN00060,186,-4,1113,1,6,2,1,0,1
SYN00060,187,-4,1099,0,7,2,1,0,1
SYN00060,188,-2,1083,1,7,2,1,0,1
SYN00060,189,-4,1064,0,7,2,1,0,1
SYN00060,190,-4,1046,1,7,3,1,0,1
SYN00060,191,-4,1022,0,8,3,1,0,1
SYN00060,192,-4,1007,1,8,3,1,0,1
SYN00060,193,-4,1007,1,8,3,1,0,1
SYN00060,194,-4,989,0,8,3,1,0,1
SYN00060,195,-4,971,1,8,3,1,0,1
SYN00060,196,-4,971,1,8,3,1,0,1
SYN00060,197,-4,960,0,8,3,1,0,1
SYN00060,198,-4,960,0,8,3,1,0,1
SYN00060,199,-4,948,1,8,3,1,0,1
SYN00060,200,-4,948,1,8,3,1,0,1
SYN00060,201,-4,928,0,8,3,1,0,1
SYN00060,202,-4,914,1,8,4,1,0,1
SYN00060,203,-4,902,0,8,4,1,0,1
SYN00060,204,-4,902,0,8,4,1,0,1
SYN00060,205,-4,885,1,8,4,1,0,1
SYN00060,206,-4,885,1,8,4,1,0,1
SYN00060,207,-4,872,0,8,4,1,0,1
SYN00060,208,-4,872,0,8,4,1,0,1
SYN00060,209,-4,856,1,8,4,1,0,1
SYN00060,210,-4,856,1,8,4,1,0,1
SYN00060,211,-6,846,0,8,4,1,0,1
SYN00060,212,-4,833,1,8,4,1,0,1
SYN00060,213,-4,826,0,8,4,1,0,1
SYN00060,214,-4,826,0,8,4,1,0,1
SYN00060,215,-2,815,1,8,4,1,0,1
SYN00060,216,-2,793,0,8,4,1,0,1
SYN00060,217,-2,793,0,8,4,1,0,1
SYN00060,218,0,777,1,8,4,1,0,1
SYN00060,219,-3,767,0,8,4,1,0,1
SYN00060,220,-3,753,1,8,4,1,0,1
SYN00060,221,-3,753,1,8,4,1,0,1
SYN00060,222,-3,729,0,8,4,1,0,1
SYN00060,223,-3,729,0,8,4,1,0,1
SYN00060,224,-3,720,1,8,4,1,0,1
SYN00060,225,-3,720,1,8,4,1,0,1
SYN00060,226,-3,720,0,8,4,1,0,1
SYN00060,227,-3,720,0,8,4,1,0,1
SYN00060,228,-3,710,0,8,4,1,0,1
SYN00060,229,-3,710,0,8,4,1,0,1
SYN00060,230,-1,692,1,8,4,1,0,1
SYN00060,231,-1,687,0,8,4,1,0,1
SYN00060,232,-1,687,0,8,4,1,0,1
SYN00060,233,2,672,1,8,4,1,0,1
SYN00060,234,2,661,0,8,4,1,0,1
SYN00060,235,4,637,1,8,4,1,0,1
SYN00060,236,4,629,0,8,4,1,0,1
SYN00060,237,4,629,0,8,4,1,0,1
SYN00060,238,4,608,1,8,4,1,0,1
SYN00060,239,4,608,1,8,4,1,0,1
SYN00060,240,2,592,0,8,4,1,0,1
SYN00060,241,2,582,1,8,4,1,0,1
SYN00060,242,2,582,1,8,4,1,0,1
SYN00060,243,2,577,0,9,4,1,0,1
SYN00060,244,4,567,1,9,4,1,0,1
SYN00060,245,2,561,0,9,4,1,0,1
SYN00060,246,2,548,1,9,4,1,0,1
SYN00060,247,2,539,0,9,4,1,0,1
SYN00060,248,2,539,0,9,4,1,0,1
SYN00060,249,2,526,1,9,5,1,1,1
SYN00060,250,2,505,0,9,5,1,1,1
SYN00060,251,2,505,0,9,5,1,1,1
SYN00060,252,2,493,1,9,5,1,1,1
SYN00060,253,2,469,0,9,5,1,1,1
SYN00060,254,2,469,0,9,5,1,1,1
SYN00060,255,2,459,1,9,5,1,1,1
SYN00060,256,2,438,0,9,5,1,1,1
SYN00060,257,2,438,0,9,5,1,1,1
SYN00060,258,4,419,1,9,5,1,1,1
SYN00060,259,2,401,0,9,5,1,1,1
SYN00060,260,2,388,1,9,5,1,1,1
SYN00060,261,2,388,1,9,5,1,1,1
SYN00060,262,2,381,0,9,5,1,1,1
SYN00060,263,2,368,1,9,5,1,1,1
SYN00060,264,2,368,1,9,5,1,1,1
SYN00060,265,2,346,0,9,5,1,1,1
SYN00060,266,2,346,0,9,5,1,1,1
SYN00060,267,2,327,1,9,6,1,1,1
SYN00060,268,2,303,0,9,6,1,1,1
SYN00060,269,4,291,1,9,6,1,1,1
SYN00060,270,4,269,0,9,6,1,1,1
SYN00060,271,4,254,1,9,7,1,1,1
SYN00060,272,2,249,0,9,7,1,1,1
SYN00060,273,5,238,1,9,7,1,1,1
SYN00060,274,3,217,0,9,7,1,1,1
SYN00060,275,3,204,1,9,7,1,1,1
SYN00060,276,3,204,1,9,7,1,1,1
SYN00060,277,3,194,0,9,7,1,1,1
SYN00060,278,3,194,0,9,7,1,1,1
SYN00060,279,3,185,1,9,7,1,1,1
SYN00060,280,3,185,1,9,7,1,1,1
SYN00060,281,1,164,0,9,7,1,1,1
SYN00060,282,1,151,1,9,7,1,1,1
SYN00060,283,1,133,0,9,7,1,1,1
SYN00060,284,1,133,0,9,7,1,1,1
SYN00060,285,3,117,1,9,7,1,1,1
SYN00060,286,3,109,0,9,7,1,1,1
SYN00060,287,3,86,1,9,7,1,1,1
SYN00060,288,3,68,0,9,7,1,1,1
SYN00060,289,3,68,0,9,7,1,1,1
SYN00060,290,6,47,1,9,7,1,1,1
SYN00060,291,4,29,0,9,7,1,1,1
SYN00060,292,4,21,1,9,7,1,1,1
SYN00060,293,4,21,1,9,7,1,1,1
SYN00060,294,2,16,0,9,7,1,1,1
SYN00060,295,4,8,1,9,7,1,1,1
SYN00060,296,4,0,0,9,7,1,1,1
SYN00060,297,4,0,1,9,7,1,1,1
SYN00061,1,0,2880,1,0,0,0,0,0
SYN00061,2,0,2873,1,0,0,0,0,0
SYN00061,3,0,2873,1,0,0,0,0,0
SYN00061,4,0,2867,0,0,0,0,0,0
SYN00061,5,0,2867,0,0,0,0,0,0
SYN00061,6,3,2853,1,0,0,0,0,0
SYN00061,7,3,2838,0,1,0,0,0,0
SYN00061,8,3,2815,1,1,0,0,0,0
SYN00061,9,3,2815,1,1,0,0,0,0
SYN00061,10,0,2804,0,1,0,0,0,0
SYN00061,11,2,2786,1,1,0,0,0,0
SYN00061,12,2,2777,0,1,0,0,0,0
SYN00061,13,2,2777,0,1,0,0,0,0
SYN00061,14,4,2759,1,1,0,0,0,0
SYN00061,15,1,2754,0,1,0,0,0,0
SYN00061,16,1,2737,1,1,1,0,0,0
SYN00061,17,-2,2713,0,1,1,0,0,0
SYN00061,18,-2,2697,1,1,1,0,0,0
SYN00061,19,-2,2697,1,1,1,0,0,0
SYN00061,20,-2,2678,0,2,1,0,0,0
SYN00061,21,0,2665,1,2,1,0,0,0
SYN00061,22,0,2655,0,2,1,0,0,0
SYN00061,23,0,2655,0,2,1,0,0,0
SYN00061,24,0,2646,1,2,2,0,0,0
SYN00061,25,-2,2640,0,2,2,0,0,0
SYN00061,26,0,2622,1,2,2,0,0,0
SYN00061,27,0,2616,0,2,2,0,0,0
SYN00061,28,0,2616,0,2,2,0,0,0
SYN00061,29,0,2592,1,2,2,0,0,0
SYN00061,30,0,2592,1,2,2,0,0,0
SYN00061,31,0,2573,0,2,2,0,0,0
SYN00061,32,0,2573,0,2,2,0,0,0
SYN00061,33,2,2558,1,2,2,0,0,0
SYN00061,34,-1,2545,0,2,2,0,0,0
SYN00061,35,2,2525,1,2,2,0,0,0
SYN00061,36,0,2510,0,2,2,0,0,0
SYN00061,37,0,2492,1,2,3,0,0,0
SYN00061,38,0,2471,0,2,3,0,0,0
SYN00061,39,0,2451,1,2,3,0,0,0
SYN00061,40,-2,2439,0,2,3,0,0,0
SYN00061,41,-2,2421,1,2,3,0,0,0
SYN00061,42,-2,2421,1,2,3,0,0,0
SYN00061,43,-2,2409,0,2,3,0,0,0
SYN00061,44,-2,2409,0,2,3,0,0,0
SYN00061,45,0,2400,1,2,3,0,0,0
SYN00061,46,-2,2388,0,2,3,0,0,0
SYN00061,47,0,2377,1,2,3,0,0,0
SYN00061,48,0,2361,0,3,3,0,0,0
SYN00061,49,0,2346,1,3,3,0,0,0
SYN00061,50,0,2346,1,3,3,0,0,0
SYN00061,51,0,2341,0,3,3,0,0,0
SYN00061,52,0,2341,0,3,3,0,0,0
SYN00061,53,2,2330,1,3,3,0,0,0
SYN00061,54,-1,2312,0,3,3,0,0,0
SYN00061,55,-1,2306,1,3,3,0,0,0
SYN00061,56,-1,2306,1,3,3,0,0,0
SYN00061,57,-3,2299,0,3,3,0,0,0
SYN00061,58,-3,2277,1,3,3,0,0,0
SYN00061,59,-3,2277,1,3,3,0,0,0
SYN00061,60,-3,2268,0,3,3,0,0,0
SYN00061,61,-3,2268,0,3,3,0,0,0
SYN00061,62,-3,2249,1,3,3,0,0,0
SYN00061,63,-3,2249,1,3,3,0,0,0
SYN00061,64,-6,2226,0,3,3,0,0,0
SYN00061,65,-6,2221,1,3,3,0,0,0
SYN00061,66,-6,2221,1,3,3,0,0,0
SYN00061,67,-6,2205,0,3,3,0,0,0
SYN00061,68,-6,2205,0,3,3,0,0,0
SYN00061,69,-4,2196,1,3,3,0,0,0
SYN00061,70,-4,2175,0,3,3,0,0,0
SYN00061,71,-4,2175,0,3,3,0,0,0
SYN00061,72,-4,2160,1,3,3,0,0,0
SYN00061,73,-4,2160,0,3,3,0,0,0
SYN00061,74,-4,2160,0,3,3,0,0,0
SYN00061,75,-6,2153,0,3,3,0,0,0
SYN00061,76,-6,2130,1,3,3,0,0,0
SYN00061,77,-6,2130,1,3,3,0,0,0
SYN00061,78,-6,2119,0,3,3,0,0,0
SYN00061,79,-6,2119,0,3,3,0,0,0
SYN00061,80,-4,2103,1,3,3,0,0,0
SYN00061,81,-6,2080,0,3,3,0,0,0
SYN00061,82,-6,2063,1,3,3,0,0,0
SYN00061,83,-6,2055,0,4,3,0,0,0
SYN00061,84,-6,2038,1,4,3,0,0,0
SYN00061,85,-6,2038,1,4,3,0,0,0
SYN00061,86,-6,2021,0,4,3,0,0,0
SYN00061,87,-6,2021,0,4,3,0,0,0
SYN00061,88,-6,2016,1,4,3,0,0,0
SYN00061,89,-8,1994,0,4,3,0,0,0
SYN00061,90,-8,1984,1,4,3,0,0,0
SYN00061,91,-8,1984,1,4,3,0,0,0
SYN00061,92,-8,1979,0,4,3,0,0,0
SYN00061,93,-8,1979,0,4,3,0,0,0
SYN00061,94,-8,1963,1,4,3,0,0,0
SYN00061,95,-8,1963,1,4,3,0,0,0
SYN00061,96,-10,1948,0,4,3,0,0,0
SYN00061,97,-10,1937,1,4,3,0,0,0
SYN00061,98,-10,1937,1,4,3,0,0,0
SYN00061,99,-10,1920,0,4,3,0,0,0
SYN00061,100,-10,1920,0,4,3,0,0,0
SYN00061,101,-10,1909,1,4,4,0,0,0
SYN00061,102,-10,1901,0,4,4,0,0,0
SYN00061,103,-10,1883,1,4,4,0,0,0
SYN00061,104,-10,1883,1,4,4,0,0,0
SYN00061,105,-12,1860,0,4,4,0,0,0
SYN00061,106,-10,1843,1,4,4,0,0,0
SYN00061,107,-10,1838,0,4,4,0,0,0
SYN00061,108,-10,1838,0,4,4,0,0,0
SYN00061,109,-10,1817,1,4,4,0,0,0
SYN00061,110,-10,1802,0,4,4,0,0,0
SYN00061,111,-10,1802,0,4,4,0,0,0
SYN00061,112,-10,1785,1,4,4,0,0,0
SYN00061,113,-10,1785,1,4,4,0,0,0
SYN00061,114,-12,1764,0,4,4,0,0,0
SYN00061,115,-12,1749,1,4,5,0,1,0
SYN00061,116,-12,1739,0,4,5,0,1,0
SYN00061,117,-12,1739,0,4,5,0,1,0
SYN00061,118,-12,1721,1,4,5,0,1,0
SYN00061,119,-12,1721,1,4,5,0,1,0
SYN00061,120,-12,1705,0,5,5,1,1,0
SYN00061,121,-12,1686,1,5,5,1,1,0
SYN00061,122,-12,1686,1,5,5,1,1,0
SYN00061,123,-12,1676,0,5,5,1,1,0
SYN00061,124,-12,1676,0,5,5,1,1,0
SYN00061,125,-12,1652,1,5,5,1,1,0
SYN00061,126,-12,1652,1,5,5,1,1,0
SYN00061,127,-14,1644,0,5,5,1,1,0
SYN00061,128,-14,1638,1,5,5,1,1,0
SYN00061,129,-14,1638,1,5,5,1,1,0
SYN00061,130,-16,1614,0,5,5,1,1,0
SYN00061,131,-16,1594,1,5,5,1,1,0
SYN00061,132,-16,1594,1,5,5,1,1,0
SYN00061,133,-18,1577,0,5,5,1,1,0
SYN00061,134,-16,1555,1,5,5,1,1,0
SYN00061,135,-16,1543,0,5,5,1,1,0
SYN00061,136,-16,1543,0,5,5,1,1,0
SYN00061,137,-14,1529,1,5,5,1,1,0
SYN00061,138,-14,1518,0,5,5,1,1,0
SYN00061,139,-14,1518,0,5,5,1,1,0
SYN00061,140,-12,1499,1,5,5,1,1,0
SYN00061,141,-14,1478,0,5,5,1,1,0
SYN00061,142,-12,1472,1,5,5,1,1,0
SYN00061,143,-12,1448,0,5,5,1,1,0
SYN00061,144,-12,1448,0,5,5,1,1,0
SYN00061,145,-10,1440,1,5,5,1,1,0
SYN00061,146,-10,1440,0,5,5,1,1,0
SYN00061,147,-10,1440,0,5,5,1,1,0
SYN00061,148,-10,1428,0,5,5,1,1,0
SYN00061,149,-8,1417,1,5,5,1,1,0
SYN00061,150,-11,1405,0,5,5,1,1,0
SYN00061,151,-9,1386,1,5,5,1,1,0
SYN00061,152,-11,1371,0,5,5,1,1,0
SYN00061,153,-11,1352,1,5,5,1,1,0
SYN00061,154,-11,1352,1,5,5,1,1,0
SYN00061,155,-11,1330,0,5,5,1,1,0
SYN00061,156,-11,1330,0,5,5,1,1,0
SYN00061,157,-11,1319,1,5,5,1,1,0
SYN00061,158,-11,1319,1,5,5,1,1,0
SYN00061,159,-11,1308,0,6,5,1,1,0
SYN00061,160,-11,1287,1,6,6,1,1,0
SYN00061,161,-14,1277,0,6,6,1,1,0
SYN00061,162,-14,1255,1,6,6,1,1,0
SYN00061,163,-14,1255,1,6,6,1,1,0
SYN00061,164,-14,1232,0,7,6,1,1,0
SYN00061,165,-14,1223,1,7,6,1,1,0
SYN00061,166,-14,1223,1,7,6,1,1,0
SYN00061,167,-14,1202,0,7,6,1,1,0
SYN00061,168,-14,1202,0,7,6,1,1,0
SYN00061,169,-12,1194,1,7,6,1,1,0
SYN00061,170,-14,1185,0,7,6,1,1,0
SYN00061,171,-14,1168,1,7,6,1,1,0
SYN00061,172,-14,1153,0,7,6,1,1,0
SYN00061,173,-14,1153,0,7,6,1,1,0
SYN00061,174,-14,1132,1,7,6,1,1,0
SYN00061,175,-14,1132,1,7,6,1,1,0
SYN00061,176,-14,1109,0,7,6,1,1,0
SYN00061,177,-14,1109,0,7,6,1,1,0
SYN00061,178,-12,1103,1,7,6,1,1,0
SYN00061,179,-14,1091,0,7,6,1,1,0
SYN00061,180,-12,1068,1,7,6,1,1,0
SYN00061,181,-14,1051,0,7,6,1,1,0
SYN00061,182,-14,1039,1,7,6,1,1,0
SYN00061,183,-14,1039,1,7,6,1,1,0
SYN00061,184,-14,1030,0,7,6,1,1,0
SYN00061,185,-14,1030,0,7,6,1,1,0
SYN00061,186,-14,1024,1,7,6,1,1,0
SYN00061,187,-14,1024,1,7,6,1,1,0
SYN00061,188,-14,1016,0,7,6,1,1,0
SYN00061,189,-14,1016,0,7,6,1,1,0
SYN00061,190,-14,996,1,7,6,1,1,0
SYN00061,191,-17,985,0,7,6,1,1,0
SYN00061,192,-15,966,1,7,6,1,1,0
SYN00061,193,-17,951,0,7,6,1,1,0
SYN00061,194,-17,929,1,7,6,1,1,0
SYN00061,195,-17,913,0,7,6,1,1,0
SYN00061,196,-17,897,1,7,6,1,1,0
SYN00061,197,-17,897,1,7,6,1,1,0
SYN00061,198,-19,877,0,7,6,1,1,0
SYN00061,199,-19,868,1,7,6,1,1,0
SYN00061,200,-19,868,1,7,6,1,1,0
SYN00061,201,-19,848,0,7,6,1,1,0
SYN00061,202,-19,848,0,7,6,1,1,0
SYN00061,203,-17,828,1,7,6,1,1,0
SYN00061,204,-19,805,0,7,6,1,1,0
SYN00061,205,-17,798,1,7,6,1,1,0
SYN00061,206,-17,792,0,7,6,1,1,0
SYN00061,207,-17,792,0,7,6,1,1,0
SYN00061,208,-15,787,1,7,6,1,1,0
SYN00061,209,-15,772,0,7,6,1,1,0
SYN00061,210,-15,772,0,7,6,1,1,0
SYN00061,211,-15,767,1,7,6,1,1,0
SYN00061,212,-15,767,1,7,6,1,1,0
SYN00061,213,-18,745,0,7,6,1,1,0
SYN00061,214,-18,734,1,7,6,1,1,0
SYN00061,215,-18,734,1,7,6,1,1,0
SYN00061,216,-20,723,0,7,6,1,1,0
SYN00061,217,-20,720,1,7,6,1,1,0
SYN00061,218,-20,720,1,7,6,1,1,0
SYN00061,219,-20,720,0,7,6,1,1,0
SYN00061,220,-20,720,0,7,6,1,1,0
SYN00061,221,-20,700,0,8,6,1,1,0
SYN00061,222,-20,682,1,8,6,1,1,0
SYN00061,223,-20,672,0,8,6,1,1,0
SYN00061,224,-20,672,0,8,6,1,1,0
SYN00061,225,-20,651,1,8,6,1,1,0
SYN00061,226,-20,651,1,8,6,1,1,0
SYN00061,227,-22,639,0,8,6,1,1,0
SYN00061,228,-22,632,1,8,6,1,1,0
SYN00061,229,-22,632,1,8,6,1,1,0
SYN00061,230,-22,625,0,9,6,1,1,0
SYN00061,231,-22,614,1,9,6,1,1,0
SYN00061,232,-22,614,1,9,6,1,1,0
SYN00061,233,-25,591,0,9,6,1,1,0
SYN00061,234,-25,583,1,9,6,1,1,0
SYN00061,235,-25,583,1,9,6,1,1,0
SYN00061,236,-27,564,0,9,6,1,1,0
SYN00061,237,-27,559,1,9,6,1,1,0
SYN00061,238,-27,547,0,9,6,1,1,0
SYN00061,239,-27,547,0,9,6,1,1,0
SYN00061,240,-27,524,1,9,6,1,1,0
SYN00061,241,-27,524,1,9,6,1,1,0
SYN00061,242,-27,505,0,9,6,1,1,0
SYN00061,243,-27,505,0,9,6,1,1,0
SYN00061,244,-25,484,1,9,6,1,1,0
SYN00061,245,-25,461,0,9,6,1,1,0
SYN00061,246,-25,461,0,9,6,1,1,0
SYN00061,247,-25,446,1,9,7,1,1,0
SYN00061,248,-25,427,0,9,7,1,1,0
SYN00061,249,-25,427,0,9,7,1,1,0
SYN00061,250,-25,405,1,9,7,1,1,0
SYN00061,251,-25,383,0,9,7,1,1,0
SYN00061,252,-25,383,0,9,7,1,1,0
SYN00061,253,-25,373,1,9,7,1,1,0
SYN00061,254,-25,373,1,9,7,1,1,0
SYN00061,255,-27,356,0,9,7,1,1,0
SYN00061,256,-27,341,1,9,8,1,1,0
SYN00061,257,-27,321,0,10,8,1,1,0
SYN00061,258,-27,314,1,10,9,1,1,0
SYN00061,259,-30,291,0,10,9,1,1,0
SYN00061,260,-30,278,1,10,9,1,1,0
SYN00061,261,-30,278,1,10,9,1,1,0
SYN00061,262,-30,256,0,10,9,1,1,0
SYN00061,263,-30,256,0,10,9,1,1,0
SYN00061,264,-28,232,1,10,9,1,1,0
SYN00061,265,-28,220,0,10,9,1,1,0
SYN00061,266,-28,220,0,10,9,1,1,0
SYN00061,267,-26,205,1,10,9,1,1,0
SYN00061,268,-28,183,0,10,9,1,1,0
SYN00061,269,-26,167,1,10,9,1,1,0
SYN00061,270,-26,150,0,10,9,1,1,0
SYN00061,271,-26,150,0,10,9,1,1,0
SYN00061,272,-26,139,1,10,10,1,1,0
SYN00061,273,-26,130,0,10,10,1,1,0
SYN00061,274,-26,130,0,10,10,1,1,0
SYN00061,275,-24,119,1,10,10,1,1,0
SYN00061,276,-26,101,0,10,10,1,1,0
SYN00061,277,-26,86,1,10,10,1,1,0
SYN00061,278,-26,86,1,10,10,1,1,0
SYN00061,279,-26,63,0,10,10,1,1,0
SYN00061,280,-26,63,0,10,10,1,1,0
SYN00061,281,-24,41,1,10,10,1,1,0
SYN00061,282,-26,34,0,10,10,1,1,0
SYN00061,283,-24,16,1,10,10,1,1,0
SYN00061,284,-27,3,0,10,10,1,1,0
SYN00061,285,-27,0,1,10,10,1,1,0
SYN00061,286,-27,0,0,10,10,1,1,0
SYN00062,1,0,2880,0,0,0,0,0,1
SYN00062,2,0,2864,0,0,0,0,0,1
SYN00062,3,0,2850,1,0,0,0,0,1
SYN00062,4,0,2850,1,0,0,0,0,1
SYN00062,5,0,2844,0,0,0,0,0,1
SYN00062,6,0,2844,0,0,0,0,0,1
SYN00062,7,3,2837,1,0,0,0,0,1
SYN00062,8,3,2819,0,1,0,0,0,1
SYN00062,9,3,2799,1,1,0,0,0,1
SYN00062,10,3,2799,1,1,0,0,0,1
SYN00062,11,3,2788,0,2,0,0,0,1
SYN00062,12,5,2783,1,2,0,0,0,1
SYN00062,13,5,2769,0,2,0,0,0,1
SYN00062,14,5,2769,0,2,0,0,0,1
SYN00062,15,5,2746,1,2,0,0,0,1
SYN00062,16,5,2746,1,2,0,0,0,1
SYN00062,17,5,2727,0,2,0,0,0,1
SYN00062,18,5,2727,0,2,0,0,0,1
SYN00062,19,5,2705,1,2,0,0,0,1
SYN00062,20,5,2705,1,2,0,0,0,1
SYN00062,21,3,2686,0,2,0,0,0,1
SYN00062,22,3,2665,1,2,1,0,0,1
SYN00062,23,1,2649,0,2,1,0,0,1
SYN00062,24,1,2634,1,2,1,0,0,1
SYN00062,25,1,2634,1,2,1,0,0,1
SYN00062,26,-2,2616,0,2,1,0,0,1
SYN00062,27,0,2596,1,2,1,0,0,1
SYN00062,28,0,2586,0,2,1,0,0,1
SYN00062,29,0,2571,1,2,1,0,0,1
SYN00062,30,0,2571,1,2,1,0,0,1
SYN00062,31,0,2561,0,3,1,0,0,1
SYN00062,32,0,2545,1,3,1,0,0,1
SYN00062,33,0,2545,1,3,1,0,0,1
SYN00062,34,0,2523,0,3,1,0,0,1
SYN00062,35,0,2523,0,3,1,0,0,1
SYN00062,36,0,2510,1,3,1,0,0,1
SYN00062,37,0,2510,1,3,1,0,0,1
SYN00062,38,0,2491,0,3,1,0,0,1
SYN00062,39,0,2491,0,3,1,0,0,1
SYN00062,40,0,2480,1,3,1,0,0,1
SYN00062,41,0,2470,0,4,1,0,0,1
SYN00062,42,0,2453,1,4,1,0,0,1
SYN00062,43,0,2453,1,4,1,0,0,1
SYN00062,44,-3,2443,0,4,1,0,0,1
SYN00062,45,-3,2438,1,4,1,0,0,1
SYN00062,46,-3,2438,1,4,1,0,0,1
SYN00062,47,-5,2418,0,4,1,0,0,1
SYN00062,48,-5,2405,1,4,2,0,0,1
SYN00062,49,-7,2386,0,4,2,0,0,1
SYN00062,50,-7,2376,1,4,2,0,0,1
SYN00062,51,-7,2376,1,4,2,0,0,1
SYN00062,52,-7,2371,0,4,2,0,0,1
SYN00062,53,-7,2371,0,4,2,0,0,1
SYN00062,54,-7,2362,1,4,2,0,0,1
SYN00062,55,-7,2362,1,4,2,0,0,1
SYN00062,56,-9,2354,0,4,2,0,0,1
SYN00062,57,-7,2338,1,4,2,0,0,1
SYN00062,58,-10,2325,0,4,2,0,0,1
SYN00062,59,-10,2316,1,4,3,0,0,1
SYN00062,60,-10,2301,0,4,3,0,0,1
SYN00062,61,-10,2301,0,4,3,0,0,1
SYN00062,62,-10,2286,1,4,3,0,0,1
SYN00062,63,-10,2286,1,4,3,0,0,1
SYN00062,64,-10,2271,0,4,3,0,0,1
SYN00062,65,-10,2271,0,4,3,0,0,1
SYN00062,66,-10,2253,1,4,3,0,0,1
SYN00062,67,-10,2242,0,4,3,0,0,1
SYN00062,68,-10,2242,0,4,3,0,0,1
SYN00062,69,-8,2227,1,4,3,0,0,1
SYN00062,70,-8,2217,0,5,3,1,0,1
SYN00062,71,-6,2202,1,5,3,1,0,1
SYN00062,72,-6,2192,0,5,3,1,0,1
SYN00062,73,-6,2192,0,5,3,1,0,1
SYN00062,74,-6,2171,1,5,3,1,0,1
SYN00062,75,-6,2171,1,5,3,1,0,1
SYN00062,76,-6,2160,0,5,3,1,0,1
SYN00062,77,-6,2160,0,5,3,1,0,1
SYN00062,78,-6,2160,1,5,3,1,0,1
SYN00062,79,-6,2160,1,5,3,1,0,1
SYN00062,80,-4,2153,1,5,3,1,0,1
SYN00062,81,-6,2137,0,5,3,1,0,1
SYN00062,82,-6,2117,1,5,3,1,0,1
SYN00062,83,-6,2117,1,5,3,1,0,1
SYN00062,84,-9,2094,0,5,3,1,0,1
SYN00062,85,-9,2074,1,5,3,1,0,1
SYN00062,86,-9,2074,1,5,3,1,0,1
SYN00062,87,-9,2059,0,5,3,1,0,1
SYN00062,88,-9,2059,0,5,3,1,0,1
SYN00062,89,-9,2036,1,5,3,1,0,1
SYN00062,90,-9,2036,1,5,3,1,0,1
SYN00062,91,-11,2018,0,5,3,1,0,1
SYN00062,92,-11,2000,1,5,3,1,0,1
SYN00062,93,-11,2000,1,5,3,1,0,1
SYN00062,94,-13,1993,0,5,3,1,0,1
SYN00062,95,-13,1981,1,5,3,1,0,1
SYN00062,96,-13,1981,1,5,3,1,0,1
SYN00062,97,-13,1966,0,5,3,1,0,1
SYN00062,98,-13,1944,1,5,3,1,0,1
SYN00062,99,-13,1944,1,5,3,1,0,1
SYN00062,100,-13,1936,0,5,3,1,0,1
SYN00062,101,-13,1936,0,5,3,1,0,1
SYN00062,102,-13,1912,1,5,3,1,0,1
SYN00062,103,-13,1912,1,5,3,1,0,1
SYN00062,104,-15,1894,0,5,3,1,0,1
SYN00062,105,-12,1871,1,5,3,1,0,1
SYN00062,106,-12,1859,0,5,3,1,0,1
SYN00062,107,-12,1859,0,5,3,1,0,1
SYN00062,108,-10,1843,1,5,3,1,0,1
SYN00062,109,-12,1820,0,5,3,1,0,1
SYN00062,110,-12,1809,1,5,3,1,0,1
SYN00062,111,-12,1809,1,5,3,1,0,1
SYN00062,112,-12,1787,0,5,3,1,0,1
SYN00062,113,-12,1763,1,5,3,1,0,1
SYN00062,114,-12,1763,1,5,3,1,0,1
SYN00062,115,-14,1740,0,5,3,1,0,1
SYN00062,116,-14,1731,1,5,3,1,0,1
SYN00062,117,-14,1731,1,5,3,1,0,1
SYN00062,118,-17,1713,0,5,3,1,0,1
SYN00062,119,-17,1708,1,5,3,1,0,1
SYN00062,120,-17,1708,1,5,3,1,0,1
SYN00062,121,-17,1684,0,5,3,1,0,1
SYN00062,122,-17,1684,0,5,3,1,0,1
SYN00062,123,-17,1678,1,5,3,1,0,1
SYN00062,124,-17,1678,1,5,3,1,0,1
SYN00062,125,-19,1656,0,5,3,1,0,1
SYN00062,126,-19,1651,1,5,3,1,0,1
SYN00062,127,-19,1651,1,5,3,1,0,1
SYN00062,128,-21,1629,0,5,3,1,0,1
SYN00062,129,-18,1619,1,5,3,1,0,1
SYN00062,130,-18,1612,0,5,3,1,0,1
SYN00062,131,-18,1612,0,5,3,1,0,1
SYN00062,132,-18,1589,1,5,3,1,0,1
SYN00062,133,-18,1589,1,5,3,1,0,1
SYN00062,134,-18,1572,0,5,3,1,0,1
SYN00062,135,-18,1572,0,5,3,1,0,1
SYN00062,136,-18,1566,1,5,3,1,0,1
SYN00062,137,-18,1566,1,5,3,1,0,1
SYN00062,138,-18,1545,0,5,3,1,0,1
SYN00062,139,-18,1545,0,5,3,1,0,1
SYN00062,140,-18,1539,1,5,3,1,0,1
SYN00062,141,-18,1539,1,5,3,1,0,1
SYN00062,142,-18,1534,0,5,3,1,0,1
SYN00062,143,-18,1534,0,5,3,1,0,1
SYN00062,144,-18,1514,1,5,3,1,0,1
SYN00062,145,-18,1514,1,5,3,1,0,1
SYN00062,146,-18,1509,0,5,3,1,0,1
SYN00062,147,-18,1509,0,5,3,1,0,1
SYN00062,148,-18,1486,1,5,3,1,0,1
SYN00062,149,-18,1486,1,5,3,1,0,1
SYN00062,150,-18,1465,0,5,3,1,0,1
SYN00062,151,-18,1465,0,5,3,1,0,1
SYN00062,152,-18,1446,1,5,3,1,0,1
SYN00062,153,-18,1440,0,5,3,1,0,1
SYN00062,154,-18,1440,0,5,3,1,0,1
SYN00062,155,-18,1440,1,5,3,1,0,1
SYN00062,156,-18,1440,1,5,3,1,0,1
SYN00062,157,-18,1428,1,5,3,1,0,1
SYN00062,158,-18,1428,1,5,3,1,0,1
SYN00062,159,-18,1415,0,5,3,1,0,1
SYN00062,160,-18,1415,0,5,3,1,0,1
SYN00062,161,-15,1399,1,5,3,1,0,1
SYN00062,162,-15,1394,0,5,3,1,0,1
SYN00062,163,-12,1372,1,5,3,1,0,1
SYN00062,164,-12,1353,0,5,3,1,0,1
SYN00062,165,-12,1353,0,5,3,1,0,1
SYN00062,166,-10,1336,1,5,3,1,0,1
SYN00062,167,-10,1314,0,5,3,1,0,1
SYN00062,168,-10,1314,0,5,3,1,0,1
SYN00062,169,-10,1309,1,5,3,1,0,1
SYN00062,170,-10,1309,1,5,3,1,0,1
SYN00062,171,-10,1301,0,5,3,1,0,1
SYN00062,172,-10,1301,0,5,3,1,0,1
SYN00062,173,-10,1296,1,5,3,1,0,1
SYN00062,174,-10,1284,0,5,3,1,0,1
SYN00062,175,-10,1284,0,5,3,1,0,1
SYN00062,176,-10,1274,1,5,3,1,0,1
SYN00062,177,-10,1274,1,5,3,1,0,1
SYN00062,178,-10,1266,0,5,3,1,0,1
SYN00062,179,-10,1266,0,5,3,1,0,1
SYN00062,180,-7,1260,1,5,3,1,0,1
SYN00062,181,-7,1243,0,5,3,1,0,1
SYN00062,182,-7,1220,1,5,3,1,0,1
SYN00062,183,-7,1220,1,5,3,1,0,1
SYN00062,184,-10,1208,0,5,3,1,0,1
SYN00062,185,-10,1203,1,5,3,1,0,1
SYN00062,186,-10,1182,0,6,3,1,0,1
SYN00062,187,-10,1177,1,6,3,1,0,1
SYN00062,188,-10,1177,1,6,3,1,0,1
SYN00062,189,-10,1162,0,6,3,1,0,1
SYN00062,190,-10,1162,0,6,3,1,0,1
SYN00062,191,-10,1152,1,6,3,1,0,1
SYN00062,192,-12,1133,0,6,3,1,0,1
SYN00062,193,-10,1124,1,6,3,1,0,1
SYN00062,194,-10,1116,0,6,3,1,0,1
SYN00062,195,-10,1099,1,6,3,1,0,1
SYN00062,196,-10,1099,1,6,3,1,0,1
SYN00062,197,-10,1084,0,7,3,1,0,1
SYN00062,198,-10,1062,1,7,3,1,0,1
SYN00062,199,-10,1062,1,7,3,1,0,1
SYN00062,200,-10,1054,0,7,3,1,0,1
SYN00062,201,-10,1054,0,7,3,1,0,1
SYN00062,202,-10,1030,1,7,3,1,0,1
SYN00062,203,-10,1021,0,7,3,1,0,1
SYN00062,204,-10,1021,0,7,3,1,0,1
SYN00062,205,-10,1014,1,7,3,1,0,1
SYN00062,206,-10,1014,1,7,3,1,0,1
SYN00062,207,-10,1009,0,7,3,1,0,1
SYN00062,208,-10,1009,0,7,3,1,0,1
SYN00062,209,-10,1000,1,7,3,1,0,1
SYN00062,210,-10,1000,1,7,3,1,0,1
SYN00062,211,-10,995,0,7,3,1,0,1
SYN00062,212,-10,995,0,7,3,1,0,1
SYN00062,213,-8,984,1,7,3,1,0,1
SYN00062,214,-8,965,0,8,3,1,0,1
SYN00062,215,-8,945,1,8,3,1,0,1
SYN00062,216,-8,945,1,8,3,1,0,1
SYN00062,217,-8,927,0,8,3,1,0,1
SYN00062,218,-8,927,0,8,3,1,0,1
SYN00062,219,-8,906,1,8,4,1,0,1
SYN00062,220,-8,900,0,8,4,1,0,1
SYN00062,221,-8,900,0,8,4,1,0,1
SYN00062,222,-6,877,1,8,4,1,0,1
SYN00062,223,-6,856,0,8,4,1,0,1
SYN00062,224,-6,856,0,8,4,1,0,1
SYN00062,225,-6,837,1,8,4,1,0,1
SYN00062,226,-6,837,1,8,4,1,0,1
SYN00062,227,-9,816,0,8,4,1,0,1
SYN00062,228,-9,793,1,8,5,1,1,1
SYN00062,229,-12,775,0,8,5,1,1,1
SYN00062,230,-12,769,1,8,5,1,1,1
SYN00062,231,-12,761,0,9,5,1,1,1
SYN00062,232,-12,749,1,9,5,1,1,1
SYN00062,233,-12,749,1,9,5,1,1,1
SYN00062,234,-14,732,0,9,5,1,1,1
SYN00062,235,-14,720,1,9,5,1,1,1
SYN00062,236,-14,720,1,9,5,1,1,1
SYN00062,237,-14,720,0,9,5,1,1,1
SYN00062,238,-14,720,0,9,5,1,1,1
SYN00062,239,-14,699,0,9,5,1,1,1
SYN00062,240,-14,699,0,9,5,1,1,1
SYN00062,241,-14,689,1,9,5,1,1,1
SYN00062,242,-14,689,1,9,5,1,1,1
SYN00062,243,-14,678,0,9,5,1,1,1
SYN00062,244,-14,678,0,9,5,1,1,1
SYN00062,245,-12,664,1,9,5,1,1,1
SYN00062,246,-12,656,0,9,5,1,1,1
SYN00062,247,-12,656,0,9,5,1,1,1
SYN00062,248,-9,644,1,9,5,1,1,1
SYN00062,249,-9,639,0,10,5,1,1,1
SYN00062,250,-9,623,1,10,5,1,1,1
SYN00062,251,-9,623,1,10,5,1,1,1
SYN00062,252,-9,612,0,10,5,1,1,1
SYN00062,253,-9,612,0,10,5,1,1,1
SYN00062,254,-9,607,1,10,5,1,1,1
SYN00062,255,-9,607,1,10,5,1,1,1
SYN00062,256,-9,588,0,10,5,1,1,1
SYN00062,257,-9,588,0,10,5,1,1,1
SYN00062,258,-7,581,1,10,5,1,1,1
SYN00062,259,-9,574,0,10,5,1,1,1
SYN00062,260,-9,567,1,10,6,1,1,1
SYN00062,261,-9,554,0,10,6,1,1,1
SYN00062,262,-9,554,0,10,6,1,1,1
SYN00062,263,-7,544,1,10,6,1,1,1
SYN00062,264,-9,520,0,10,6,1,1,1
SYN00062,265,-7,498,1,10,6,1,1,1
SYN00062,266,-7,478,0,10,6,1,1,1
SYN00062,267,-7,478,0,10,6,1,1,1
SYN00062,268,-4,466,1,10,6,1,1,1
SYN00062,269,-4,459,0,10,6,1,1,1
SYN00062,270,-4,459,0,10,6,1,1,1
SYN00062,271,-4,443,1,10,6,1,1,1
SYN00062,272,-4,443,1,10,6,1,1,1
SYN00062,273,-4,421,0,10,6,1,1,1
SYN00062,274,-4,421,0,10,6,1,1,1
SYN00062,275,-1,413,1,10,6,1,1,1
SYN00062,276,-1,389,0,11,6,1,1,1
SYN00062,277,-1,369,1,11,6,1,1,1
SYN00062,278,-1,369,1,11,6,1,1,1
SYN00062,279,-1,354,0,11,6,1,1,1
SYN00062,280,-1,354,0,11,6,1,1,1
SYN00062,281,1,331,1,11,6,1,1,1
SYN00062,282,1,310,0,11,6,1,1,1
SYN00062,283,1,310,0,11,6,1,1,1
SYN00062,284,3,300,1,11,6,1,1,1
SYN00062,285,3,291,0,11,6,1,1,1
SYN00062,286,3,291,0,11,6,1,1,1
SYN00062,287,5,272,1,11,6,1,1,1
SYN00062,288,5,261,0,11,6,1,1,1
SYN00062,289,5,261,0,11,6,1,1,1
SYN00062,290,8,245,1,11,6,1,1,1
SYN00062,291,8,233,0,11,6,1,1,1
SYN00062,292,8,233,0,11,6,1,1,1
SYN00062,293,8,223,1,11,6,1,1,1
SYN00062,294,8,223,1,11,6,1,1,1
SYN00062,295,8,208,0,11,6,1,1,1
SYN00062,296,8,208,0,11,6,1,1,1
SYN00062,297,11,184,1,11,6,1,1,1
SYN00062,298,11,164,0,11,6,1,1,1
SYN00062,299,11,164,0,11,6,1,1,1
SYN00062,300,13,154,1,11,6,1,1,1
SYN00062,301,11,132,0,11,6,1,1,1
SYN00062,302,11,117,1,11,6,1,1,1
SYN00062,303,11,117,1,11,6,1,1,1
SYN00062,304,11,93,0,11,6,1,1,1
SYN00062,305,11,93,0,11,6,1,1,1
SYN00062,306,11,76,1,11,7,1,1,1
SYN00062,307,9,52,0,11,7,1,1,1
SYN00062,308,11,36,1,11,7,1,1,1
SYN00062,309,11,14,0,11,7,1,1,1
SYN00062,310,11,4,1,11,7,1,1,1
SYN00062,311,11,4,1,11,7,1,1,1
SYN00062,312,11,0,0,11,7,1,1,1
SYN00062,313,11,0,1,11,7,1,1,1
SYN00063,1,0,2880,0,0,0,0,0,1
SYN00063,2,0,2867,0,0,0,0,0,1
SYN00063,3,2,2844,1,0,0,0,0,1
SYN00063,4,2,2821,0,1,0,0,0,1
SYN00063,5,4,2802,1,1,0,0,0,1
SYN00063,6,2,2794,0,1,0,0,0,1
SYN00063,7,4,2780,1,1,0,0,0,1
SYN00063,8,2,2765,0,1,0,0,0,1
SYN00063,9,2,2755,1,1,0,0,0,1
SYN00063,10,2,2755,1,1,0,0,0,1
SYN00063,11,0,2738,0,1,0,0,0,1
SYN00063,12,0,2718,1,1,0,0,0,1
SYN00063,13,0,2718,1,1,0,0,0,1
SYN00063,14,-2,2697,0,1,0,0,0,1
SYN00063,15,1,2676,1,1,0,0,0,1
SYN00063,16,1,2671,0,1,0,0,0,1
SYN00063,17,1,2671,0,1,0,0,0,1
SYN00063,18,4,2659,1,1,0,0,0,1
SYN00063,19,4,2650,0,1,0,0,0,1
SYN00063,20,4,2632,1,1,1,0,0,1
SYN00063,21,4,2624,0,1,1,0,0,1
SYN00063,22,4,2624,0,1,1,0,0,1
SYN00063,23,4,2602,1,1,1,0,0,1
SYN00063,24,4,2602,1,1,1,0,0,1
SYN00063,25,4,2597,0,1,1,0,0,1
SYN00063,26,4,2597,0,1,1,0,0,1
SYN00063,27,6,2591,1,1,1,0,0,1
SYN00063,28,6,2571,0,1,1,0,0,1
SYN00063,29,6,2571,0,1,1,0,0,1
SYN00063,30,8,2547,1,1,1,0,0,1
SYN00063,31,6,2524,0,1,1,0,0,1
SYN00063,32,6,2512,1,1,1,0,0,1
SYN00063,33,6,2512,1,1,1,0,0,1
SYN00063,34,4,2507,0,1,1,0,0,1
SYN00063,35,4,2483,1,1,1,0,0,1
SYN00063,36,4,2483,1,1,1,0,0,1
SYN00063,37,4,2476,0,1,1,0,0,1
SYN00063,38,4,2476,0,1,1,0,0,1
SYN00063,39,6,2454,1,1,1,0,0,1
SYN00063,40,6,2443,0,1,1,0,0,1
SYN00063,41,6,2443,0,1,1,0,0,1
SYN00063,42,6,2421,1,1,1,0,0,1
SYN00063,43,6,2421,1,1,1,0,0,1
SYN00063,44,6,2407,0,1,1,0,0,1
SYN00063,45,6,2407,0,1,1,0,0,1
SYN00063,46,6,2387,1,1,1,0,0,1
SYN00063,47,6,2387,1,1,1,0,0,1
SYN00063,48,6,2377,0,1,1,0,0,1
SYN00063,49,6,2377,0,1,1,0,0,1
SYN00063,50,6,2370,1,1,1,0,0,1
SYN00063,51,6,2370,1,1,1,0,0,1
SYN00063,52,3,2357,0,1,1,0,0,1
SYN00063,53,3,2344,1,1,1,0,0,1
SYN00063,54,3,2344,1,1,1,0,0,1
SYN00063,55,0,2334,0,1,1,0,0,1
SYN00063,56,0,2320,1,1,1,0,0,1
SYN00063,57,0,2320,1,1,1,0,0,1
SYN00063,58,0,2309,0,1,1,0,0,1
SYN00063,59,0,2309,0,1,1,0,0,1
SYN00063,60,0,2286,1,1,1,0,0,1
SYN00063,61,0,2286,1,1,1,0,0,1
SYN00063,62,-3,2278,0,1,1,0,0,1
SYN00063,63,-3,2270,1,1,1,0,0,1
SYN00063,64,-3,2270,1,1,1,0,0,1
SYN00063,65,-5,2256,0,1,1,0,0,1
SYN00063,66,-5,2238,1,1,1,0,0,1
SYN00063,67,-5,2238,1,1,1,0,0,1
SYN00063,68,-5,2217,0,1,1,0,0,1
SYN00063,69,-5,2217,0,1,1,0,0,1
SYN00063,70,-5,2195,1,1,1,0,0,1
SYN00063,71,-5,2195,1,1,1,0,0,1
SYN00063,72,-5,2177,0,1,1,0,0,1
SYN00063,73,-3,2171,1,1,1,0,0,1
SYN00063,74,-5,2164,0,1,1,0,0,1
SYN00063,75,-3,2160,1,1,1,0,0,1
SYN00063,76,-3,2160,0,1,1,0,0,1
SYN00063,77,-3,2160,0,1,1,0,0,1
SYN00063,78,-5,2136,0,1,1,0,0,1
SYN00063,79,-5,2128,1,1,1,0,0,1
SYN00063,80,-5,2128,1,1,1,0,0,1
SYN00063,81,-5,2111,0,1,1,0,0,1
SYN00063,82,-5,2111,0,1,1,0,0,1
SYN00063,83,-2,2103,1,1,1,0,0,1
SYN00063,84,-2,2098,0,1,1,0,0,1
SYN00063,85,-2,2098,0,1,1,0,0,1
SYN00063,86,-2,2093,1,1,1,0,0,1
SYN00063,87,-2,2082,0,1,1,0,0,1
SYN00063,88,-2,2082,0,1,1,0,0,1
SYN00063,89,-2,2067,1,1,1,0,0,1
SYN00063,90,-2,2067,1,1,1,0,0,1
SYN00063,91,-2,2053,0,1,1,0,0,1
SYN00063,92,-2,2053,0,1,1,0,0,1
SYN00063,93,-2,2031,1,1,1,0,0,1
SYN00063,94,-2,2031,1,1,1,0,0,1
SYN00063,95,-4,2007,0,1,1,0,0,1
SYN00063,96,-2,2001,1,1,1,0,0,1
SYN00063,97,-2,1993,0,1,1,0,0,1
SYN00063,98,-2,1993,0,1,1,0,0,1
SYN00063,99,-2,1974,1,1,1,0,0,1
SYN00063,100,-2,1974,1,1,1,0,0,1
SYN00063,101,-2,1959,0,2,1,0,0,1
SYN00063,102,0,1945,1,2,1,0,0,1
SYN00063,103,0,1932,0,2,1,0,0,1
SYN00063,104,0,1908,1,2,1,0,0,1
SYN00063,105,0,1908,1,2,1,0,0,1
SYN00063,106,0,1885,0,2,1,0,0,1
SYN00063,107,0,1862,1,2,1,0,0,1
SYN00063,108,0,1857,0,3,1,0,0,1
SYN00063,109,0,1840,1,3,1,0,0,1
SYN00063,110,0,1840,1,3,1,0,0,1
SYN00063,111,0,1832,0,3,1,0,0,1
SYN00063,112,0,1832,0,3,1,0,0,1
SYN00063,113,0,1821,1,3,1,0,0,1
SYN00063,114,0,1821,1,3,1,0,0,1
SYN00063,115,0,1815,0,3,1,0,0,1
SYN00063,116,0,1815,0,3,1,0,0,1
SYN00063,117,0,1792,1,3,1,0,0,1
SYN00063,118,0,1792,1,3,1,0,0,1
SYN00063,119,0,1782,0,3,1,0,0,1
SYN00063,120,0,1761,1,3,1,0,0,1
SYN00063,121,0,1761,1,3,1,0,0,1
SYN00063,122,0,1754,0,3,1,0,0,1
SYN00063,123,0,1754,0,3,1,0,0,1
SYN00063,124,0,1741,1,3,1,0,0,1
SYN00063,125,0,1741,1,3,1,0,0,1
SYN00063,126,-2,1729,0,3,1,0,0,1
SYN00063,127,-2,1718,1,3,1,0,0,1
SYN00063,128,-2,1718,1,3,1,0,0,1
SYN00063,129,-2,1701,0,4,1,0,0,1
SYN00063,130,-2,1682,1,4,1,0,0,1
SYN00063,131,-2,1682,1,4,1,0,0,1
SYN00063,132,-2,1672,0,4,1,0,0,1
SYN00063,133,-2,1672,0,4,1,0,0,1
SYN00063,134,-2,1663,1,4,1,0,0,1
SYN00063,135,-2,1663,1,4,1,0,0,1
SYN00063,136,-4,1647,0,4,1,0,0,1
SYN00063,137,-4,1627,1,4,1,0,0,1
SYN00063,138,-4,1627,1,4,1,0,0,1
SYN00063,139,-6,1614,0,4,1,0,0,1
SYN00063,140,-6,1606,1,4,1,0,0,1
SYN00063,141,-6,1606,1,4,1,0,0,1
SYN00063,142,-6,1583,0,4,1,0,0,1
SYN00063,143,-6,1583,0,4,1,0,0,1
SYN00063,144,-3,1578,1,4,1,0,0,1
SYN00063,145,-3,1568,0,4,1,0,0,1
SYN00063,146,-3,1568,0,4,1,0,0,1
SYN00063,147,-3,1554,1,4,1,0,0,1
SYN00063,148,-3,1554,1,4,1,0,0,1
SYN00063,149,-3,1536,0,4,1,0,0,1
SYN00063,150,-3,1536,0,4,1,0,0,1
SYN00063,151,-3,1530,1,4,2,0,0,1
SYN00063,152,-3,1508,0,4,2,0,0,1
SYN00063,153,-3,1508,0,4,2,0,0,1
SYN00063,154,-3,1492,1,4,2,0,0,1
SYN00063,155,-3,1492,1,4,2,0,0,1
SYN00063,156,-3,1477,0,4,2,0,0,1
SYN00063,157,-3,1477,0,4,2,0,0,1
SYN00063,158,-3,1465,1,4,2,0,0,1
SYN00063,159,-3,1456,0,4,2,0,0,1
SYN00063,160,-3,1456,0,4,2,0,0,1
SYN00063,161,-3,1441,1,4,2,0,0,1
SYN00063,162,-3,1441,1,4,2,0,0,1
SYN00063,163,-5,1440,0,4,2,0,0,1
SYN00063,164,-5,1440,1,4,2,0,0,1
SYN00063,165,-5,1440,1,4,2,0,0,1
SYN00063,166,-5,1430,1,4,2,0,0,1
SYN00063,167,-5,1430,1,4,2,0,0,1
SYN00063,168,-5,1408,0,4,2,0,0,1
SYN00063,169,-5,1408,0,4,2,0,0,1
SYN00063,170,-5,1384,1,4,2,0,0,1
SYN00063,171,-5,1373,0,4,2,0,0,1
SYN00063,172,-5,1373,0,4,2,0,0,1
SYN00063,173,-5,1350,1,4,2,0,0,1
SYN00063,174,-5,1350,1,4,2,0,0,1
SYN00063,175,-7,1328,0,4,2,0,0,1
SYN00063,176,-7,1317,1,4,2,0,0,1
SYN00063,177,-7,1317,1,4,2,0,0,1
SYN00063,178,-7,1300,0,4,2,0,0,1
SYN00063,179,-7,1300,0,4,2,0,0,1
SYN00063,180,-5,1285,1,4,2,0,0,1
SYN00063,181,-5,1275,0,4,2,0,0,1
SYN00063,182,-5,1275,0,4,2,0,0,1
SYN00063,183,-5,1267,1,4,2,0,0,1
SYN00063,184,-5,1267,1,4,2,0,0,1
SYN00063,185,-7,1254,0,4,2,0,0,1
SYN00063,186,-7,1243,1,4,2,0,0,1
SYN00063,187,-7,1243,1,4,2,0,0,1
SYN00063,188,-7,1233,0,4,2,0,0,1
SYN00063,189,-7,1217,1,4,2,0,0,1
SYN00063,190,-7,1195,0,4,2,0,0,1
SYN00063,191,-7,1195,0,4,2,0,0,1
SYN00063,192,-5,1189,1,4,2,0,0,1
SYN00063,193,-5,1174,0,4,2,0,0,1
SYN00063,194,-5,1174,0,4,2,0,0,1
SYN00063,195,-3,1156,1,4,2,0,0,1
SYN00063,196,-3,1138,0,4,2,0,0,1
SYN00063,197,-3,1138,0,4,2,0,0,1
SYN00063,198,-1,1117,1,4,2,0,0,1
SYN00063,199,-1,1097,0,4,2,0,0,1
SYN00063,200,-1,1091,1,4,2,0,0,1
SYN00063,201,-1,1091,1,4,2,0,0,1
SYN00063,202,-1,1078,0,4,2,0,0,1
SYN00063,203,-1,1078,0,4,2,0,0,1
SYN00063,204,-1,1072,1,4,2,0,0,1
SYN00063,205,-1,1072,1,4,2,0,0,1
SYN00063,206,-1,1067,0,4,2,0,0,1
SYN00063,207,-1,1067,0,4,2,0,0,1
SYN00063,208,1,1045,1,4,2,0,0,1
SYN00063,209,1,1022,0,4,2,0,0,1
SYN00063,210,1,1022,0,4,2,0,0,1
SYN00063,211,4,1009,1,4,2,0,0,1
SYN00063,212,2,1004,0,4,2,0,0,1
SYN00063,213,2,992,1,4,2,0,0,1
SYN00063,214,-1,978,0,4,2,0,0,1
SYN00063,215,-1,960,1,4,3,0,0,1
SYN00063,216,-1,941,0,4,3,0,0,1
SYN00063,217,-1,941,0,4,3,0,0,1
SYN00063,218,-1,920,1,4,3,0,0,1
SYN00063,219,-1,920,1,4,3,0,0,1
SYN00063,220,-1,914,0,4,3,0,0,1
SYN00063,221,-1,914,0,4,3,0,0,1
SYN00063,222,1,900,1,4,3,0,0,1
SYN00063,223,1,886,0,4,3,0,0,1
SYN00063,224,4,869,1,4,3,0,0,1
SYN00063,225,4,857,0,4,3,0,0,1
SYN00063,226,4,857,0,4,3,0,0,1
SYN00063,227,4,848,1,4,3,0,0,1
SYN00063,228,4,848,1,4,3,0,0,1
SYN00063,229,4,834,0,5,3,1,0,1
SYN00063,230,6,829,1,5,3,1,0,1
SYN00063,231,4,806,0,5,3,1,0,1
SYN00063,232,4,790,1,5,3,1,0,1
SYN00063,233,4,790,1,5,3,1,0,1
SYN00063,234,4,771,0,5,3,1,0,1
SYN00063,235,4,771,0,5,3,1,0,1
SYN00063,236,4,762,1,5,4,1,0,1
SYN00063,237,4,750,0,5,4,1,0,1
SYN00063,238,4,750,0,5,4,1,0,1
SYN00063,239,4,731,1,5,4,1,0,1
SYN00063,240,4,731,1,5,4,1,0,1
SYN00063,241,4,721,0,5,4,1,0,1
SYN00063,242,4,721,0,5,4,1,0,1
SYN00063,243,7,720,1,5,4,1,0,1
SYN00063,244,7,720,0,5,4,1,0,1
SYN00063,245,7,720,0,5,4,1,0,1
SYN00063,246,7,713,0,5,4,1,0,1
SYN00063,247,7,713,0,5,4,1,0,1
SYN00063,248,7,701,1,5,4,1,0,1
SYN00063,249,7,701,1,5,4,1,0,1
SYN00063,250,7,681,0,5,4,1,0,1
SYN00063,251,7,681,0,5,4,1,0,1
SYN00063,252,7,672,1,5,4,1,0,1
SYN00063,253,7,652,0,5,4,1,0,1
SYN00063,254,7,652,0,5,4,1,0,1
SYN00063,255,7,632,1,5,4,1,0,1
SYN00063,256,7,632,1,5,4,1,0,1
SYN00063,257,7,615,0,5,4,1,0,1
SYN00063,258,7,615,0,5,4,1,0,1
SYN00063,259,7,603,1,5,4,1,0,1
SYN00063,260,7,603,1,5,4,1,0,1
SYN00063,261,7,581,0,5,4,1,0,1
SYN00063,262,7,581,0,5,4,1,0,1
SYN00063,263,7,575,1,5,4,1,0,1
SYN00063,264,7,575,1,5,4,1,0,1
SYN00063,265,4,569,0,5,4,1,0,1
SYN00063,266,6,559,1,5,4,1,0,1
SYN00063,267,3,540,0,5,4,1,0,1
SYN00063,268,3,518,1,5,4,1,0,1
SYN00063,269,3,518,1,5,4,1,0,1
SYN00063,270,3,510,0,5,4,1,0,1
SYN00063,271,3,510,0,5,4,1,0,1
SYN00063,272,6,499,1,5,4,1,0,1
SYN00063,273,4,491,0,5,4,1,0,1
SYN00063,274,6,476,1,5,4,1,0,1
SYN00063,275,6,460,0,5,4,1,0,1
SYN00063,276,6,460,0,5,4,1,0,1
SYN00063,277,6,442,1,5,4,1,0,1
SYN00063,278,6,442,1,5,4,1,0,1
SYN00063,279,6,420,0,5,4,1,0,1
SYN00063,280,6,420,0,5,4,1,0,1
SYN00063,281,8,415,1,5,4,1,0,1
SYN00063,282,5,397,0,5,4,1,0,1
SYN00063,283,5,381,1,5,4,1,0,1
SYN00063,284,5,381,1,5,4,1,0,1
SYN00063,285,3,374,0,5,4,1,0,1
SYN00063,286,3,368,1,5,4,1,0,1
SYN00063,287,3,368,1,5,4,1,0,1
SYN00063,288,3,347,0,5,4,1,0,1
SYN00063,289,3,347,0,5,4,1,0,1
SYN00063,290,3,333,1,5,4,1,0,1
SYN00063,291,3,333,1,5,4,1,0,1
SYN00063,292,3,322,0,5,4,1,0,1
SYN00063,293,3,322,0,5,4,1,0,1
SYN00063,294,3,315,1,5,4,1,0,1
SYN00063,295,3,315,1,5,4,1,0,1
SYN00063,296,3,296,0,5,4,1,0,1
SYN00063,297,3,280,1,5,4,1,0,1
SYN00063,298,3,280,1,5,4,1,0,1
SYN00063,299,1,258,0,5,4,1,0,1
SYN00063,300,1,240,1,5,4,1,0,1
SYN00063,301,1,240,1,5,4,1,0,1
SYN00063,302,1,222,0,5,4,1,0,1
SYN00063,303,1,222,0,5,4,1,0,1
SYN00063,304,1,201,1,5,4,1,0,1
SYN00063,305,-1,194,0,5,4,1,0,1
SYN00063,306,2,180,1,5,4,1,0,1
SYN00063,307,2,161,0,5,4,1,0,1
SYN00063,308,2,149,1,5,4,1,0,1
SYN00063,309,2,149,1,5,4,1,0,1
SYN00063,310,2,140,0,5,4,1,0,1
SYN00063,311,2,140,0,5,4,1,0,1
SYN00063,312,2,118,1,5,4,1,0,1
SYN00063,313,2,118,1,5,4,1,0,1
SYN00063,314,2,102,0,5,4,1,0,1
SYN00063,315,2,79,1,5,5,1,1,1
SYN00063,316,0,68,0,5,5,1,1,1
SYN00063,317,0,53,1,5,6,1,1,1
SYN00063,318,0,47,0,5,6,1,1,1
SYN00063,319,0,47,0,5,6,1,1,1
SYN00063,320,0,37,1,5,7,1,1,1
SYN00063,321,0,27,0,5,7,1,1,1
SYN00063,322,0,27,0,5,7,1,1,1
SYN00063,323,3,9,1,5,7,1,1,1
SYN00063,324,1,0,0,5,7,1,1,1
SYN00063,325,1,0,1,5,7,1,1,1
SYN00064,1,0,2880,0,0,0,0,0,0
SYN00064,2,0,2868,0,0,0,0,0,0
SYN00064,3,0,2868,0,0,0,0,0,0
SYN00064,4,0,2863,1,0,0,0,0,0
SYN00064,5,0,2851,0,0,0,0,0,0
SYN00064,6,0,2851,0,0,0,0,0,0
SYN00064,7,0,2841,1,0,0,0,0,0
SYN00064,8,-2,2820,0,0,0,0,0,0
SYN00064,9,-2,2801,1,0,0,0,0,0
SYN00064,10,-2,2801,1,0,0,0,0,0
SYN00064,11,-2,2785,0,0,0,0,0,0
SYN00064,12,-2,2785,0,0,0,0,0,0
SYN00064,13,-2,2771,1,0,0,0,0,0
SYN00064,14,-2,2771,1,0,0,0,0,0
SYN00064,15,-4,2747,0,0,0,0,0,0
SYN00064,16,-4,2728,1,0,0,0,0,0
SYN00064,17,-4,2728,1,0,0,0,0,0
SYN00064,18,-6,2719,0,0,0,0,0,0
SYN00064,19,-4,2695,1,0,0,0,0,0
SYN00064,20,-4,2687,0,0,0,0,0,0
SYN00064,21,-4,2687,0,0,0,0,0,0
SYN00064,22,-4,2677,1,0,0,0,0,0
SYN00064,23,-4,2677,1,0,0,0,0,0
SYN00064,24,-6,2666,0,0,0,0,0,0
SYN00064,25,-6,2660,1,0,0,0,0,0
SYN00064,26,-6,2660,1,0,0,0,0,0
SYN00064,27,-6,2639,0,1,0,0,0,0
SYN00064,28,-4,2618,1,1,0,0,0,0
SYN00064,29,-4,2599,0,1,0,0,0,0
SYN00064,30,-4,2599,0,1,0,0,0,0
SYN00064,31,-4,2594,1,1,0,0,0,0
SYN00064,32,-4,2594,1,1,0,0,0,0
SYN00064,33,-4,2587,0,1,0,0,0,0
SYN00064,34,-4,2587,0,1,0,0,0,0
SYN00064,35,-2,2576,1,1,0,0,0,0
SYN00064,36,-2,2565,0,1,0,0,0,0
SYN00064,37,-2,2565,0,1,0,0,0,0
SYN00064,38,-2,2542,1,1,0,0,0,0
SYN00064,39,-2,2542,1,1,0,0,0,0
SYN00064,40,-4,2532,0,1,0,0,0,0
SYN00064,41,-4,2518,1,1,0,0,0,0
SYN00064,42,-4,2518,1,1,0,0,0,0
SYN00064,43,-4,2496,0,2,0,0,0,0
SYN00064,44,-2,2485,1,2,0,0,0,0
SYN00064,45,-2,2463,0,2,0,0,0,0
SYN00064,46,-2,2463,0,2,0,0,0,0
SYN00064,47,-2,2445,1,2,0,0,0,0
SYN00064,48,-2,2445,1,2,0,0,0,0
SYN00064,49,-4,2426,0,2,0,0,0,0
SYN00064,50,-4,2404,1,2,0,0,0,0
SYN00064,51,-4,2404,1,2,0,0,0,0
SYN00064,52,-4,2396,0,2,0,0,0,0
SYN00064,53,-4,2380,1,2,0,0,0,0
SYN00064,54,-4,2380,1,2,0,0,0,0
SYN00064,55,-6,2357,0,2,0,0,0,0
SYN00064,56,-4,2348,1,2,0,0,0,0
SYN00064,57,-4,2343,0,2,0,0,0,0
SYN00064,58,-4,2343,0,2,0,0,0,0
SYN00064,59,-2,2327,1,2,0,0,0,0
SYN00064,60,-5,2303,0,2,0,0,0,0
SYN00064,61,-3,2285,1,2,0,0,0,0
SYN00064,62,-3,2276,0,2,0,0,0,0
SYN00064,63,-3,2276,0,2,0,0,0,0
SYN00064,64,-1,2261,1,2,0,0,0,0
SYN00064,65,-1,2251,0,2,0,0,0,0
SYN00064,66,-1,2251,0,2,0,0,0,0
SYN00064,67,1,2234,1,2,0,0,0,0
SYN00064,68,-1,2217,0,2,0,0,0,0
SYN00064,69,1,2210,1,2,0,0,0,0
SYN00064,70,-1,2190,0,2,0,0,0,0
SYN00064,71,-1,2183,1,2,0,0,0,0
SYN00064,72,-1,2183,1,2,0,0,0,0
SYN00064,73,-1,2177,0,2,0,0,0,0
SYN00064,74,-1,2177,0,2,0,0,0,0
SYN00064,75,2,2160,1,2,0,0,0,0
SYN00064,76,2,2160,0,2,0,0,0,0
SYN00064,77,2,2160,0,2,0,0,0,0
SYN00064,78,0,2149,0,2,0,0,0,0
SYN00064,79,0,2144,1,2,0,0,0,0
SYN00064,80,0,2122,0,2,0,0,0,0
SYN00064,81,0,2122,0,2,0,0,0,0
SYN00064,82,0,2114,1,2,0,0,0,0
SYN00064,83,0,2114,1,2,0,0,0,0
SYN00064,84,0,2108,0,2,0,0,0,0
SYN00064,85,0,2108,0,2,0,0,0,0
SYN00064,86,2,2088,1,2,0,0,0,0
SYN00064,87,0,2082,0,2,0,0,0,0
SYN00064,88,0,2062,1,2,0,0,0,0
SYN00064,89,0,2062,1,2,0,0,0,0
SYN00064,90,0,2044,0,2,0,0,0,0
SYN00064,91,0,2044,0,2,0,0,0,0
SYN00064,92,3,2023,1,2,0,0,0,0
SYN00064,93,3,2006,0,2,0,0,0,0
SYN00064,94,3,2006,0,2,0,0,0,0
SYN00064,95,5,1995,1,2,0,0,0,0
SYN00064,96,5,1989,0,3,0,0,0,0
SYN00064,97,5,1983,1,3,0,0,0,0
SYN00064,98,5,1973,0,3,0,0,0,0
SYN00064,99,5,1973,0,3,0,0,0,0
SYN00064,100,7,1949,1,3,0,0,0,0
SYN00064,101,5,1927,0,3,0,0,0,0
SYN00064,102,5,1905,1,3,0,0,0,0
SYN00064,103,5,1905,1,3,0,0,0,0
SYN00064,104,5,1891,0,3,0,0,0,0
SYN00064,105,5,1891,0,3,0,0,0,0
SYN00064,106,5,1874,1,3,0,0,0,0
SYN00064,107,5,1874,1,3,0,0,0,0
SYN00064,108,5,1869,0,3,0,0,0,0
SYN00064,109,5,1852,1,3,0,0,0,0
SYN00064,110,5,1852,1,3,0,0,0,0
SYN00064,111,3,1832,0,3,0,0,0,0
SYN00064,112,3,1809,1,3,0,0,0,0
SYN00064,113,3,1801,0,3,0,0,0,0
SYN00064,114,3,1787,1,3,0,0,0,0
SYN00064,115,3,1787,1,3,0,0,0,0
SYN00064,116,3,1774,0,3,0,0,0,0
SYN00064,117,3,1774,0,3,0,0,0,0
SYN00064,118,3,1756,1,3,1,0,0,0
SYN00064,119,0,1740,0,3,1,0,0,0
SYN00064,120,0,1722,1,3,1,0,0,0
SYN00064,121,0,1722,1,3,1,0,0,0
SYN00064,122,0,1709,0,3,1,0,0,0
SYN00064,123,0,1709,0,3,1,0,0,0
SYN00064,124,0,1696,1,3,2,0,0,0
SYN00064,125,-2,1688,0,3,2,0,0,0
SYN00064,126,0,1668,1,3,2,0,0,0
SYN00064,127,0,1645,0,3,2,0,0,0
SYN00064,128,0,1645,0,3,2,0,0,0
SYN00064,129,2,1622,1,3,2,0,0,0
SYN00064,130,0,1600,0,3,2,0,0,0
SYN00064,131,0,1579,1,3,2,0,0,0
SYN00064,132,0,1579,1,3,2,0,0,0
SYN00064,133,0,1558,0,4,2,0,0,0
SYN00064,134,0,1536,1,4,2,0,0,0
SYN00064,135,0,1536,1,4,2,0,0,0
SYN00064,136,-3,1516,0,4,2,0,0,0
SYN00064,137,-3,1495,1,4,2,0,0,0
SYN00064,138,-3,1495,1,4,2,0,0,0
SYN00064,139,-5,1487,0,4,2,0,0,0
SYN00064,140,-3,1478,1,4,2,0,0,0
SYN00064,141,-5,1468,0,4,2,0,0,0
SYN00064,142,-5,1445,1,4,2,0,0,0
SYN00064,143,-5,1445,1,4,2,0,0,0
SYN00064,144,-7,1440,0,4,2,0,0,0
SYN00064,145,-7,1440,1,4,2,0,0,0
SYN00064,146,-7,1440,1,4,2,0,0,0
SYN00064,147,-5,1432,1,4,2,0,0,0
SYN00064,148,-5,1426,0,4,2,0,0,0
SYN00064,149,-2,1403,1,4,2,0,0,0
SYN00064,150,-2,1391,0,5,2,1,0,0
SYN00064,151,-2,1378,1,5,2,1,0,0
SYN00064,152,-2,1378,1,5,2,1,0,0
SYN00064,153,-2,1363,0,5,2,1,0,0
SYN00064,154,-2,1363,0,5,2,1,0,0
SYN00064,155,-2,1353,1,5,3,1,0,0
SYN00064,156,-2,1334,0,5,3,1,0,0
SYN00064,157,-2,1334,0,5,3,1,0,0
SYN00064,158,-2,1324,1,5,3,1,0,0
SYN00064,159,-2,1324,1,5,3,1,0,0
SYN00064,160,-4,1304,0,5,3,1,0,0
SYN00064,161,-4,1292,1,5,3,1,0,0
SYN00064,162,-6,1272,0,5,3,1,0,0
SYN00064,163,-6,1253,1,5,3,1,0,0
SYN00064,164,-6,1253,1,5,3,1,0,0
SYN00064,165,-8,1248,0,5,3,1,0,0
SYN00064,166,-8,1238,1,5,3,1,0,0
SYN00064,167,-8,1238,1,5,3,1,0,0
SYN00064,168,-10,1219,0,5,3,1,0,0
SYN00064,169,-10,1212,1,5,3,1,0,0
SYN00064,170,-10,1212,1,5,3,1,0,0
SYN00064,171,-12,1197,0,5,3,1,0,0
SYN00064,172,-9,1180,1,5,3,1,0,0
SYN00064,173,-9,1158,0,5,3,1,0,0
SYN00064,174,-9,1158,0,5,3,1,0,0
SYN00064,175,-9,1144,1,5,3,1,0,0
SYN00064,176,-9,1144,1,5,3,1,0,0
SYN00064,177,-9,1122,0,5,3,1,0,0
SYN00064,178,-9,1122,0,5,3,1,0,0
SYN00064,179,-7,1104,1,5,3,1,0,0
SYN00064,180,-7,1085,0,5,3,1,0,0
SYN00064,181,-7,1068,1,5,3,1,0,0
SYN00064,182,-9,1044,0,5,3,1,0,0
SYN00064,183,-9,1024,1,5,4,1,0,0
SYN00064,184,-11,1007,0,5,4,1,0,0
SYN00064,185,-11,994,1,5,4,1,0,0
SYN00064,186,-11,994,1,5,4,1,0,0
SYN00064,187,-13,979,0,5,4,1,0,0
SYN00064,188,-13,961,1,5,4,1,0,0
SYN00064,189,-13,961,1,5,4,1,0,0
SYN00064,190,-13,948,0,6,4,1,0,0
SYN00064,191,-11,942,1,6,4,1,0,0
SYN00064,192,-14,918,0,6,4,1,0,0
SYN00064,193,-12,895,1,6,4,1,0,0
SYN00064,194,-14,877,0,6,4,1,0,0
SYN00064,195,-14,858,1,6,4,1,0,0
SYN00064,196,-14,858,1,6,4,1,0,0
SYN00064,197,-14,839,0,6,4,1,0,0
SYN00064,198,-14,839,0,6,4,1,0,0
SYN00064,199,-14,817,1,6,4,1,0,0
SYN00064,200,-14,817,1,6,4,1,0,0
SYN00064,201,-14,797,0,6,4,1,0,0
SYN00064,202,-14,797,0,6,4,1,0,0
SYN00064,203,-14,788,1,6,4,1,0,0
SYN00064,204,-14,788,1,6,4,1,0,0
SYN00064,205,-14,772,0,6,4,1,0,0
SYN00064,206,-14,772,0,6,4,1,0,0
SYN00064,207,-14,758,1,6,4,1,0,0
SYN00064,208,-14,758,1,6,4,1,0,0
SYN00064,209,-16,739,0,6,4,1,0,0
SYN00064,210,-13,729,1,6,4,1,0,0
SYN00064,211,-13,720,0,7,4,1,0,0
SYN00064,212,-13,720,1,7,4,1,0,0
SYN00064,213,-13,720,1,7,4,1,0,0
SYN00064,214,-11,715,1,7,4,1,0,0
SYN00064,215,-13,696,0,7,4,1,0,0
SYN00064,216,-11,674,1,7,4,1,0,0
SYN00064,217,-11,664,0,7,4,1,0,0
SYN00064,218,-11,664,0,7,4,1,0,0
SYN00064,219,-9,643,1,7,4,1,0,0
SYN00064,220,-12,628,0,7,4,1,0,0
SYN00064,221,-12,618,1,7,5,1,1,0
SYN00064,222,-14,612,0,7,5,1,1,0
SYN00064,223,-14,605,1,7,5,1,1,0
SYN00064,224,-14,605,1,7,5,1,1,0
SYN00064,225,-14,584,0,7,5,1,1,0
SYN00064,226,-14,584,0,7,5,1,1,0
SYN00064,227,-14,569,1,7,5,1,1,0
SYN00064,228,-14,569,1,7,5,1,1,0
SYN00064,229,-14,564,0,7,5,1,1,0
SYN00064,230,-14,554,1,7,5,1,1,0
SYN00064,231,-14,554,1,7,5,1,1,0
SYN00064,232,-14,540,0,7,5,1,1,0
SYN00064,233,-14,540,0,7,5,1,1,0
SYN00064,234,-12,532,1,7,5,1,1,0
SYN00064,235,-14,520,0,7,5,1,1,0
SYN00064,236,-14,510,1,7,5,1,1,0
SYN00064,237,-14,510,1,7,5,1,1,0
SYN00064,238,-16,494,0,7,5,1,1,0
SYN00064,239,-14,475,1,7,5,1,1,0
SYN00064,240,-14,470,0,7,5,1,1,0
SYN00064,241,-14,470,0,7,5,1,1,0
SYN00064,242,-12,462,1,7,5,1,1,0
SYN00064,243,-12,451,0,7,5,1,1,0
SYN00064,244,-12,451,0,7,5,1,1,0
SYN00064,245,-10,437,1,7,5,1,1,0
SYN00064,246,-10,414,0,7,5,1,1,0
SYN00064,247,-10,414,0,7,5,1,1,0
SYN00064,248,-10,394,1,7,5,1,1,0
SYN00064,249,-10,394,1,7,5,1,1,0
SYN00064,250,-10,377,0,7,5,1,1,0
SYN00064,251,-10,377,0,7,5,1,1,0
SYN00064,252,-7,358,1,7,5,1,1,0
SYN00064,253,-7,353,0,7,5,1,1,0
SYN00064,254,-7,347,1,7,5,1,1,0
SYN00064,255,-7,347,1,7,5,1,1,0
SYN00064,256,-7,328,0,7,5,1,1,0
SYN00064,257,-7,328,0,7,5,1,1,0
SYN00064,258,-7,313,1,7,5,1,1,0
SYN00064,259,-7,313,1,7,5,1,1,0
SYN00064,260,-9,298,0,7,5,1,1,0
SYN00064,261,-9,275,1,7,5,1,1,0
SYN00064,262,-9,275,1,7,5,1,1,0
SYN00064,263,-9,261,0,7,5,1,1,0
SYN00064,264,-9,255,1,7,5,1,1,0
SYN00064,265,-9,255,1,7,5,1,1,0
SYN00064,266,-9,248,0,8,5,1,1,0
SYN00064,267,-9,235,1,8,5,1,1,0
SYN00064,268,-9,235,1,8,5,1,1,0
SYN00064,269,-11,213,0,8,5,1,1,0
SYN00064,270,-11,190,1,8,5,1,1,0
SYN00064,271,-11,172,0,8,5,1,1,0
SYN00064,272,-11,172,0,8,5,1,1,0
SYN00064,273,-8,161,1,8,5,1,1,0
SYN00064,274,-8,141,0,9,5,1,1,0
SYN00064,275,-8,134,1,9,5,1,1,0
SYN00064,276,-8,134,1,9,5,1,1,0
SYN00064,277,-10,123,0,9,5,1,1,0
SYN00064,278,-8,112,1,9,5,1,1,0
SYN00064,279,-8,103,0,10,5,1,1,0
SYN00064,280,-6,83,1,10,5,1,1,0
SYN00064,281,-6,72,0,10,5,1,1,0
SYN00064,282,-6,72,0,10,5,1,1,0
SYN00064,283,-4,56,1,10,5,1,1,0
SYN00064,284,-4,37,0,11,5,1,1,0
SYN00064,285,-4,27,1,11,5,1,1,0
SYN00064,286,-4,27,1,11,5,1,1,0
SYN00064,287,-4,14,0,11,5,1,1,0
SYN00064,288,-4,14,0,11,5,1,1,0
SYN00064,289,-2,0,1,11,5,1,1,0
SYN00064,290,-2,0,0,11,5,1,1,0
SYN00065,1,0,2880,1,0,0,0,0,1
SYN00065,2,0,2871,1,0,0,0,0,1
SYN00065,3,0,2871,1,0,0,0,0,1
SYN00065,4,0,2857,0,0,0,0,0,1
SYN00065,5,3,2838,1,0,0,0,0,1
SYN00065,6,3,2823,0,0,0,0,0,1
SYN00065,7,3,2823,0,0,0,0,0,1
SYN00065,8,3,2806,1,0,0,0,0,1
SYN00065,9,3,2806,1,0,0,0,0,1
SYN00065,10,3,2797,0,0,0,0,0,1
SYN00065,11,3,2797,0,0,0,0,0,1
SYN00065,12,5,2775,1,0,0,0,0,1
SYN00065,13,5,2752,0,1,0,0,0,1
SYN00065,14,7,2740,1,1,0,0,0,1
SYN00065,15,4,2717,0,1,0,0,0,1
SYN00065,16,4,2701,1,1,0,0,0,1
SYN00065,17,4,2677,0,1,0,0,0,1
SYN00065,18,4,2677,0,1,0,0,0,1
SYN00065,19,4,2670,1,1,0,0,0,1
SYN00065,20,4,2670,1,1,0,0,0,1
SYN00065,21,2,2657,0,1,0,0,0,1
SYN00065,22,4,2643,1,1,0,0,0,1
SYN00065,23,2,2636,0,1,0,0,0,1
SYN00065,24,5,2622,1,1,0,0,0,1
SYN00065,25,5,2616,0,1,0,0,0,1
SYN00065,26,5,2616,0,1,0,0,0,1
SYN00065,27,5,2608,1,1,0,0,0,1
SYN00065,28,5,2608,1,1,0,0,0,1
SYN00065,29,5,2584,0,1,0,0,0,1
SYN00065,30,5,2584,0,1,0,0,0,1
SYN00065,31,7,2577,1,1,0,0,0,1
SYN00065,32,4,2572,0,1,0,0,0,1
SYN00065,33,4,2549,1,1,0,0,0,1
SYN00065,34,4,2549,1,1,0,0,0,1
SYN00065,35,4,2526,0,1,0,0,0,1
SYN00065,36,4,2526,0,1,0,0,0,1
SYN00065,37,7,2508,1,1,0,0,0,1
SYN00065,38,7,2487,0,1,0,0,0,1
SYN00065,39,7,2487,0,1,0,0,0,1
SYN00065,40,7,2474,1,1,0,0,0,1
SYN00065,41,7,2474,1,1,0,0,0,1
SYN00065,42,7,2455,0,1,0,0,0,1
SYN00065,43,7,2436,1,1,0,0,0,1
SYN00065,44,7,2436,1,1,0,0,0,1
SYN00065,45,7,2413,0,1,0,0,0,1
SYN00065,46,7,2413,0,1,0,0,0,1
SYN00065,47,7,2390,1,1,1,0,0,1
SYN00065,48,5,2379,0,1,1,0,0,1
SYN00065,49,7,2366,1,1,1,0,0,1
SYN00065,50,5,2344,0,1,1,0,0,1
SYN00065,51,8,2321,1,1,1,0,0,1
SYN00065,52,6,2315,0,1,1,0,0,1
SYN00065,53,8,2294,1,1,1,0,0,1
SYN00065,54,8,2270,0,1,1,0,0,1
SYN00065,55,8,2270,0,1,1,0,0,1
SYN00065,56,8,2249,1,1,1,0,0,1
SYN00065,57,8,2229,0,1,1,0,0,1
SYN00065,58,8,2229,0,1,1,0,0,1
SYN00065,59,8,2215,1,1,1,0,0,1
SYN00065,60,8,2215,1,1,1,0,0,1
SYN00065,61,8,2191,0,2,1,0,0,1
SYN00065,62,8,2167,1,2,2,0,0,1
SYN00065,63,8,2162,0,2,2,0,0,1
SYN00065,64,11,2160,1,2,2,0,0,1
SYN00065,65,11,2160,0,2,2,0,0,1
SYN00065,66,11,2160,0,2,2,0,0,1
SYN00065,67,11,2146,0,3,2,0,0,1
SYN00065,68,14,2128,1,3,2,0,0,1
SYN00065,69,14,2113,0,3,2,0,0,1
SYN00065,70,14,2113,0,3,2,0,0,1
SYN00065,71,14,2098,1,3,2,0,0,1
SYN00065,72,14,2098,1,3,2,0,0,1
SYN00065,73,14,2082,0,3,2,0,0,1
SYN00065,74,14,2061,1,3,2,0,0,1
SYN00065,75,14,2061,1,3,2,0,0,1
SYN00065,76,14,2054,0,4,2,0,0,1
SYN00065,77,14,2044,1,4,2,0,0,1
SYN00065,78,14,2044,1,4,2,0,0,1
SYN00065,79,14,2036,0,4,2,0,0,1
SYN00065,80,14,2036,0,4,2,0,0,1
SYN00065,81,14,2028,1,4,2,0,0,1
SYN00065,82,14,2028,1,4,2,0,0,1
SYN00065,83,12,2011,0,4,2,0,0,1
SYN00065,84,12,2002,1,4,2,0,0,1
SYN00065,85,12,2002,1,4,2,0,0,1
SYN00065,86,12,1994,0,4,2,0,0,1
SYN00065,87,12,1994,0,4,2,0,0,1
SYN00065,88,12,1989,1,4,2,0,0,1
SYN00065,89,12,1989,1,4,2,0,0,1
SYN00065,90,10,1967,0,4,2,0,0,1
SYN00065,91,10,1953,1,4,3,0,0,1
SYN00065,92,8,1933,0,4,3,0,0,1
SYN00065,93,8,1912,1,4,3,0,0,1
SYN00065,94,8,1912,1,4,3,0,0,1
SYN00065,95,8,1899,0,4,3,0,0,1
SYN00065,96,8,1899,0,4,3,0,0,1
SYN00065,97,8,1893,1,4,3,0,0,1
SYN00065,98,8,1884,0,4,3,0,0,1
SYN00065,99,8,1884,0,4,3,0,0,1
SYN00065,100,10,1871,1,4,3,0,0,1
SYN00065,101,10,1863,0,4,3,0,0,1
SYN00065,102,10,1863,0,4,3,0,0,1
SYN00065,103,10,1839,1,4,3,0,0,1
SYN00065,104,10,1831,0,4,3,0,0,1
SYN00065,105,10,1831,0,4,3,0,0,1
SYN00065,106,13,1807,1,4,3,0,0,1
SYN00065,107,13,1784,0,4,3,0,0,1
SYN00065,108,13,1784,0,4,3,0,0,1
SYN00065,109,13,1774,1,4,3,0,0,1
SYN00065,110,13,1766,0,4,3,0,0,1
SYN00065,111,13,1766,0,4,3,0,0,1
SYN00065,112,13,1757,1,4,3,0,0,1
SYN00065,113,13,1757,1,4,3,0,0,1
SYN00065,114,13,1733,0,4,3,0,0,1
SYN00065,115,13,1733,0,4,3,0,0,1
SYN00065,116,13,1711,1,4,3,0,0,1
SYN00065,117,13,1711,1,4,3,0,0,1
SYN00065,118,11,1704,0,4,3,0,0,1
SYN00065,119,14,1697,1,4,3,0,0,1
SYN00065,120,11,1692,0,4,3,0,0,1
SYN00065,121,14,1673,1,4,3,0,0,1
SYN00065,122,11,1667,0,4,3,0,0,1
SYN00065,123,11,1652,1,4,3,0,0,1
SYN00065,124,11,1652,1,4,3,0,0,1
SYN00065,125,9,1638,0,4,3,0,0,1
SYN00065,126,12,1624,1,4,3,0,0,1
SYN00065,127,12,1607,0,5,3,1,0,1
SYN00065,128,15,1598,1,5,3,1,0,1
SYN00065,129,15,1579,0,5,3,1,0,1
SYN00065,130,15,1579,0,5,3,1,0,1
SYN00065,131,15,1562,1,5,3,1,0,1
SYN00065,132,15,1562,1,5,3,1,0,1
SYN00065,133,15,1556,0,6,3,1,0,1
SYN00065,134,17,1546,1,6,3,1,0,1
SYN00065,135,17,1533,0,6,3,1,0,1
SYN00065,136,17,1533,0,6,3,1,0,1
SYN00065,137,19,1517,1,6,3,1,0,1
SYN00065,138,16,1499,0,6,3,1,0,1
SYN00065,139,19,1480,1,6,3,1,0,1
SYN00065,140,19,1474,0,6,3,1,0,1
SYN00065,141,19,1457,1,6,3,1,0,1
SYN00065,142,19,1457,1,6,3,1,0,1
SYN00065,143,19,1440,0,6,3,1,0,1
SYN00065,144,19,1440,0,6,3,1,0,1
SYN00065,145,19,1440,1,6,3,1,0,1
SYN00065,146,19,1440,1,6,3,1,0,1
SYN00065,147,19,1421,1,6,3,1,0,1
SYN00065,148,19,1421,1,6,3,1,0,1
SYN00065,149,17,1402,0,6,3,1,0,1
SYN00065,150,17,1382,1,6,3,1,0,1
SYN00065,151,17,1382,1,6,3,1,0,1
SYN00065,152,17,1372,0,7,3,1,0,1
SYN00065,153,17,1356,1,7,3,1,0,1
SYN00065,154,17,1356,1,7,3,1,0,1
SYN00065,155,15,1350,0,7,3,1,0,1
SYN00065,156,15,1327,1,7,3,1,0,1
SYN00065,157,15,1327,1,7,3,1,0,1
SYN00065,158,15,1303,0,7,3,1,0,1
SYN00065,159,15,1303,0,7,3,1,0,1
SYN00065,160,15,1279,1,7,3,1,0,1
SYN00065,161,15,1279,1,7,3,1,0,1
SYN00065,162,15,1270,0,7,3,1,0,1
SYN00065,163,15,1270,0,7,3,1,0,1
SYN00065,164,15,1262,1,7,3,1,0,1
SYN00065,165,15,1262,1,7,3,1,0,1
SYN00065,166,15,1238,0,7,3,1,0,1
SYN00065,167,15,1238,0,7,3,1,0,1
SYN00065,168,15,1216,1,7,4,1,0,1
SYN00065,169,15,1210,0,7,4,1,0,1
SYN00065,170,15,1210,0,7,4,1,0,1
SYN00065,171,15,1205,1,7,4,1,0,1
SYN00065,172,15,1205,1,7,4,1,0,1
SYN00065,173,15,1193,0,7,4,1,0,1
SYN00065,174,15,1182,1,7,4,1,0,1
SYN00065,175,15,1182,1,7,4,1,0,1
SYN00065,176,13,1169,0,7,4,1,0,1
SYN00065,177,13,1154,1,7,4,1,0,1
SYN00065,178,13,1154,1,7,4,1,0,1
SYN00065,179,13,1132,0,8,4,1,0,1
SYN00065,180,13,1125,1,8,5,1,1,1
SYN00065,181,13,1113,0,8,5,1,1,1
SYN00065,182,13,1113,0,8,5,1,1,1
SYN00065,183,13,1094,1,8,5,1,1,1
SYN00065,184,13,1094,1,8,5,1,1,1
SYN00065,185,11,1080,0,8,5,1,1,1
SYN00065,186,11,1060,1,8,5,1,1,1
SYN00065,187,11,1060,1,8,5,1,1,1
SYN00065,188,8,1041,0,8,5,1,1,1
SYN00065,189,8,1036,1,8,5,1,1,1
SYN00065,190,8,1013,0,8,5,1,1,1
SYN00065,191,8,1013,0,8,5,1,1,1
SYN00065,192,8,990,1,8,5,1,1,1
SYN00065,193,8,990,1,8,5,1,1,1
SYN00065,194,8,977,0,8,5,1,1,1
SYN00065,195,8,977,0,8,5,1,1,1
SYN00065,196,8,963,1,8,5,1,1,1
SYN00065,197,8,963,1,8,5,1,1,1
SYN00065,198,8,945,0,8,5,1,1,1
SYN00065,199,8,945,0,8,5,1,1,1
SYN00065,200,10,937,1,8,5,1,1,1
SYN00065,201,8,915,0,8,5,1,1,1
SYN00065,202,8,906,1,8,5,1,1,1
SYN00065,203,8,906,1,8,5,1,1,1
SYN00065,204,8,893,0,8,5,1,1,1
SYN00065,205,8,893,0,8,5,1,1,1
SYN00065,206,10,871,1,8,5,1,1,1
SYN00065,207,10,857,0,8,5,1,1,1
SYN00065,208,10,857,0,8,5,1,1,1
SYN00065,209,12,850,1,8,5,1,1,1
SYN00065,210,12,832,0,8,5,1,1,1
SYN00065,211,12,832,0,8,5,1,1,1
SYN00065,212,12,826,1,8,5,1,1,1
SYN00065,213,10,811,0,8,5,1,1,1
SYN00065,214,13,796,1,8,5,1,1,1
SYN00065,215,13,778,0,8,5,1,1,1
SYN00065,216,13,778,0,8,5,1,1,1
SYN00065,217,13,772,1,8,5,1,1,1
SYN00065,218,13,772,1,8,5,1,1,1
SYN00065,219,13,748,0,8,5,1,1,1
SYN00065,220,13,748,0,8,5,1,1,1
SYN00065,221,15,735,1,8,5,1,1,1
SYN00065,222,15,721,0,8,5,1,1,1
SYN00065,223,15,721,0,8,5,1,1,1
SYN00065,224,15,720,1,8,5,1,1,1
SYN00065,225,15,720,1,8,5,1,1,1
SYN00065,226,15,720,0,8,5,1,1,1
SYN00065,227,15,720,0,8,5,1,1,1
SYN00065,228,15,699,0,9,5,1,1,1
SYN00065,229,15,682,1,9,5,1,1,1
SYN00065,230,15,682,1,9,5,1,1,1
SYN00065,231,13,669,0,9,5,1,1,1
SYN00065,232,13,660,1,9,5,1,1,1
SYN00065,233,13,660,1,9,5,1,1,1
SYN00065,234,11,641,0,9,5,1,1,1
SYN00065,235,11,627,1,9,6,1,1,1
SYN00065,236,9,617,0,9,6,1,1,1
SYN00065,237,9,605,1,9,6,1,1,1
SYN00065,238,9,605,1,9,6,1,1,1
SYN00065,239,9,595,0,9,6,1,1,1
SYN00065,240,9,595,0,9,6,1,1,1
SYN00065,241,9,572,1,9,6,1,1,1
SYN00065,242,9,572,1,9,6,1,1,1
SYN00065,243,9,562,0,10,6,1,1,1
SYN00065,244,9,557,1,10,6,1,1,1
SYN00065,245,9,557,1,10,6,1,1,1
SYN00065,246,9,549,0,10,6,1,1,1
SYN00065,247,9,549,0,10,6,1,1,1
SYN00065,248,9,529,1,10,6,1,1,1
SYN00065,249,9,529,1,10,6,1,1,1
SYN00065,250,9,517,0,10,6,1,1,1
SYN00065,251,9,517,0,10,6,1,1,1
SYN00065,252,9,493,1,10,6,1,1,1
SYN00065,253,9,478,0,10,6,1,1,1
SYN00065,254,9,461,1,10,6,1,1,1
SYN00065,255,9,461,1,10,6,1,1,1
SYN00065,256,9,456,0,10,6,1,1,1
SYN00065,257,9,434,1,10,6,1,1,1
SYN00065,258,9,434,1,10,6,1,1,1
SYN00065,259,9,420,0,10,6,1,1,1
SYN00065,260,9,420,0,10,6,1,1,1
SYN00065,261,9,413,1,10,6,1,1,1
SYN00065,262,9,413,1,10,6,1,1,1
SYN00065,263,7,405,0,10,6,1,1,1
SYN00065,264,7,386,1,10,6,1,1,1
SYN00065,265,7,386,1,10,6,1,1,1
SYN00065,266,7,370,0,10,6,1,1,1
SYN00065,267,7,370,0,10,6,1,1,1
SYN00065,268,7,351,1,10,7,1,1,1
SYN00065,269,7,343,0,10,7,1,1,1
SYN00065,270,7,343,0,10,7,1,1,1
SYN00065,271,7,336,1,10,7,1,1,1
SYN00065,272,7,321,0,10,7,1,1,1
SYN00065,273,7,298,1,10,8,1,1,1
SYN00065,274,7,284,0,10,8,1,1,1
SYN00065,275,7,284,0,10,8,1,1,1
SYN00065,276,7,272,1,10,8,1,1,1
SYN00065,277,7,272,1,10,8,1,1,1
SYN00065,278,7,248,0,10,8,1,1,1
SYN00065,279,7,248,0,10,8,1,1,1
SYN00065,280,9,238,1,10,8,1,1,1
SYN00065,281,9,229,0,10,8,1,1,1
SYN00065,282,9,229,0,10,8,1,1,1
SYN00065,283,9,224,1,10,8,1,1,1
SYN00065,284,9,224,1,10,8,1,1,1
SYN00065,285,6,214,0,10,8,1,1,1
SYN00065,286,6,197,1,10,8,1,1,1
SYN00065,287,6,197,1,10,8,1,1,1
SYN00065,288,6,179,0,11,8,1,1,1
SYN00065,289,8,169,1,11,8,1,1,1
SYN00065,290,8,157,0,11,8,1,1,1
SYN00065,291,8,157,0,11,8,1,1,1
SYN00065,292,8,139,1,11,8,1,1,1
SYN00065,293,6,118,0,11,8,1,1,1
SYN00065,294,8,99,1,11,8,1,1,1
SYN00065,295,8,78,0,12,8,1,1,1
SYN00065,296,8,67,1,12,9,1,1,1
SYN00065,297,8,54,0,12,9,1,1,1
SYN00065,298,11,31,1,12,9,1,1,1
SYN00065,299,11,12,0,13,9,1,1,1
SYN00065,300,11,0,1,13,9,1,1,1
SYN00065,301,11,0,1,13,9,1,1,1
SYN00065,302,11,0,0,13,9,1,1,1
SYN00066,1,0,2880,1,0,0,0,0,1
SYN00066,2,3,2868,1,0,0,0,0,1
SYN00066,3,1,2861,0,0,0,0,0,1
SYN00066,4,1,2848,1,0,0,0,0,1
SYN00066,5,1,2830,0,0,0,0,0,1
SYN00066,6,1,2830,0,0,0,0,0,1
SYN00066,7,1,2816,1,0,0,0,0,1
SYN00066,8,1,2816,1,0,0,0,0,1
SYN00066,9,1,2798,0,0,0,0,0,1
SYN00066,10,1,2789,1,0,0,0,0,1
SYN00066,11,1,2789,1,0,0,0,0,1
SYN00066,12,-2,2780,0,0,0,0,0,1
SYN00066,13,0,2767,1,0,0,0,0,1
SYN00066,14,0,2750,0,0,0,0,0,1
SYN00066,15,0,2750,0,0,0,0,0,1
SYN00066,16,0,2745,1,0,1,0,0,1
SYN00066,17,0,2723,0,0,1,0,0,1
SYN00066,18,0,2712,1,0,1,0,0,1
SYN00066,19,0,2712,1,0,1,0,0,1
SYN00066,20,0,2698,0,0,1,0,0,1
SYN00066,21,0,2683,1,0,1,0,0,1
SYN00066,22,0,2683,1,0,1,0,0,1
SYN00066,23,0,2661,0,1,1,0,0,1
SYN00066,24,0,2645,1,1,1,0,0,1
SYN00066,25,0,2645,1,1,1,0,0,1
SYN00066,26,-2,2635,0,1,1,0,0,1
SYN00066,27,-2,2613,1,1,1,0,0,1
SYN00066,28,-2,2613,1,1,1,0,0,1
SYN00066,29,-4,2599,0,1,1,0,0,1
SYN00066,30,-4,2592,1,1,1,0,0,1
SYN00066,31,-4,2592,1,1,1,0,0,1
SYN00066,32,-4,2582,0,1,1,0,0,1
SYN00066,33,-4,2582,0,1,1,0,0,1
SYN00066,34,-2,2568,1,1,1,0,0,1
SYN00066,35,-2,2545,0,1,1,0,0,1
SYN00066,36,-2,2545,0,1,1,0,0,1
SYN00066,37,0,2526,1,1,1,0,0,1
SYN00066,38,0,2510,0,1,1,0,0,1
SYN00066,39,0,2510,0,1,1,0,0,1
SYN00066,40,2,2486,1,1,1,0,0,1
SYN00066,41,2,2467,0,1,1,0,0,1
SYN00066,42,2,2467,0,1,1,0,0,1
SYN00066,43,2,2444,1,1,2,0,0,1
SYN00066,44,2,2435,0,1,2,0,0,1
SYN00066,45,2,2435,0,1,2,0,0,1
SYN00066,46,2,2430,1,1,2,0,0,1
SYN00066,47,2,2430,1,1,2,0,0,1
SYN00066,48,0,2420,0,1,2,0,0,1
SYN00066,49,2,2403,1,1,2,0,0,1
SYN00066,50,2,2381,0,1,2,0,0,1
SYN00066,51,2,2381,0,1,2,0,0,1
SYN00066,52,4,2358,1,1,2,0,0,1
SYN00066,53,4,2352,0,1,2,0,0,1
SYN00066,54,4,2352,0,1,2,0,0,1
SYN00066,55,6,2337,1,1,2,0,0,1
SYN00066,56,6,2328,0,1,2,0,0,1
SYN00066,57,6,2328,0,1,2,0,0,1
SYN00066,58,6,2310,1,1,2,0,0,1
SYN00066,59,6,2310,1,1,2,0,0,1
SYN00066,60,4,2297,0,1,2,0,0,1
SYN00066,61,7,2283,1,1,2,0,0,1
SYN00066,62,7,2275,0,2,2,0,0,1
SYN00066,63,9,2252,1,2,2,0,0,1
SYN00066,64,7,2244,0,2,2,0,0,1
SYN00066,65,9,2227,1,2,2,0,0,1
SYN00066,66,9,2207,0,2,2,0,0,1
SYN00066,67,9,2207,0,2,2,0,0,1
SYN00066,68,12,2189,1,2,2,0,0,1
SYN00066,69,12,2172,0,2,2,0,0,1
SYN00066,70,12,2172,0,2,2,0,0,1
SYN00066,71,15,2160,1,2,2,0,0,1
SYN00066,72,15,2160,0,2,2,0,0,1
SYN00066,73,15,2160,0,2,2,0,0,1
SYN00066,74,15,2150,0,2,2,0,0,1
SYN00066,75,15,2150,0,2,2,0,0,1
SYN00066,76,18,2127,1,2,2,0,0,1
SYN00066,77,16,2105,0,2,2,0,0,1
SYN00066,78,16,2092,1,2,2,0,0,1
SYN00066,79,14,2070,0,2,2,0,0,1
SYN00066,80,17,2049,1,2,2,0,0,1
SYN00066,81,15,2044,0,2,2,0,0,1
SYN00066,82,17,2029,1,2,2,0,0,1
SYN00066,83,17,2007,0,2,2,0,0,1
SYN00066,84,17,2007,0,2,2,0,0,1
SYN00066,85,20,1997,1,2,2,0,0,1
SYN00066,86,20,1975,0,2,2,0,0,1
SYN00066,87,20,1975,0,2,2,0,0,1
SYN00066,88,20,1962,1,2,2,0,0,1
SYN00066,89,20,1962,1,2,2,0,0,1
SYN00066,90,20,1957,0,2,2,0,0,1
SYN00066,91,20,1957,0,2,2,0,0,1
SYN00066,92,20,1952,1,2,2,0,0,1
SYN00066,93,20,1952,1,2,2,0,0,1
SYN00066,94,20,1934,0,2,2,0,0,1
SYN00066,95,20,1934,0,2,2,0,0,1
SYN00066,96,22,1924,1,2,2,0,0,1
SYN00066,97,22,1907,0,2,2,0,0,1
SYN00066,98,22,1907,0,2,2,0,0,1
SYN00066,99,22,1886,1,2,2,0,0,1
SYN00066,100,22,1886,1,2,2,0,0,1
SYN00066,101,22,1876,0,2,2,0,0,1
SYN00066,102,22,1866,1,2,2,0,0,1
SYN00066,103,22,1866,1,2,2,0,0,1
SYN00066,104,20,1858,0,2,2,0,0,1
SYN00066,105,20,1844,1,2,2,0,0,1
SYN00066,106,20,1844,1,2,2,0,0,1
SYN00066,107,20,1822,0,2,2,0,0,1
SYN00066,108,23,1809,1,2,2,0,0,1
SYN00066,109,21,1803,0,2,2,0,0,1
SYN00066,110,21,1796,1,2,2,0,0,1
SYN00066,111,21,1796,1,2,2,0,0,1
SYN00066,112,21,1781,0,2,2,0,0,1
SYN00066,113,21,1781,0,2,2,0,0,1
SYN00066,114,21,1776,1,2,2,0,0,1
SYN00066,115,21,1776,1,2,2,0,0,1
SYN00066,116,19,1770,0,2,2,0,0,1
SYN00066,117,21,1750,1,2,2,0,0,1
SYN00066,118,19,1730,0,2,2,0,0,1
SYN00066,119,21,1713,1,2,2,0,0,1
SYN00066,120,21,1698,0,2,2,0,0,1
SYN00066,121,21,1698,0,2,2,0,0,1
SYN00066,122,21,1683,1,2,2,0,0,1
SYN00066,123,21,1683,1,2,2,0,0,1
SYN00066,124,21,1664,0,2,2,0,0,1
SYN00066,125,21,1664,0,2,2,0,0,1
SYN00066,126,23,1643,1,2,2,0,0,1
SYN00066,127,23,1627,0,2,2,0,0,1
SYN00066,128,23,1627,0,2,2,0,0,1
SYN00066,129,25,1606,1,2,2,0,0,1
SYN00066,130,25,1593,0,2,2,0,0,1
SYN00066,131,25,1593,0,2,2,0,0,1
SYN00066,132,25,1577,1,2,2,0,0,1
SYN00066,133,25,1577,1,2,2,0,0,1
SYN00066,134,25,1561,0,2,2,0,0,1
SYN00066,135,25,1561,0,2,2,0,0,1
SYN00066,136,25,1553,1,2,2,0,0,1
SYN00066,137,25,1553,1,2,2,0,0,1
SYN00066,138,25,1533,0,2,2,0,0,1
SYN00066,139,25,1533,0,2,2,0,0,1
SYN00066,140,25,1510,1,2,2,0,0,1
SYN00066,141,25,1495,0,2,2,0,0,1
SYN00066,142,25,1495,0,2,2,0,0,1
SYN00066,143,25,1480,1,2,2,0,0,1
SYN00066,144,25,1480,1,2,2,0,0,1
SYN00066,145,25,1459,0,2,2,0,0,1
SYN00066,146,25,1459,0,2,2,0,0,1
SYN00066,147,28,1440,1,2,2,0,0,1
SYN00066,148,28,1440,0,2,2,0,0,1
SYN00066,149,28,1440,0,2,2,0,0,1
SYN00066,150,26,1431,0,2,2,0,0,1
SYN00066,151,26,1412,1,2,2,0,0,1
SYN00066,152,26,1412,1,2,2,0,0,1
SYN00066,153,24,1399,0,2,2,0,0,1
SYN00066,154,24,1394,1,2,2,0,0,1
SYN00066,155,24,1394,1,2,2,0,0,1
SYN00066,156,24,1377,0,3,2,0,0,1
SYN00066,157,26,1355,1,3,2,0,0,1
SYN00066,158,24,1350,0,3,2,0,0,1
SYN00066,159,24,1334,1,3,2,0,0,1
SYN00066,160,24,1334,1,3,2,0,0,1
SYN00066,161,24,1311,0,3,2,0,0,1
SYN00066,162,24,1298,1,3,2,0,0,1
SYN00066,163,24,1298,1,3,2,0,0,1
SYN00066,164,24,1283,0,3,2,0,0,1
SYN00066,165,24,1273,1,3,2,0,0,1
SYN00066,166,24,1273,1,3,2,0,0,1
SYN00066,167,24,1265,0,3,2,0,0,1
SYN00066,168,24,1265,0,3,2,0,0,1
SYN00066,169,26,1252,1,3,2,0,0,1
SYN00066,170,24,1233,0,3,2,0,0,1
SYN00066,171,27,1224,1,3,2,0,0,1
SYN00066,172,27,1206,0,3,2,0,0,1
SYN00066,173,27,1206,0,3,2,0,0,1
SYN00066,174,27,1191,1,3,3,0,0,1
SYN00066,175,25,1175,0,3,3,0,0,1
SYN00066,176,25,1155,1,3,3,0,0,1
SYN00066,177,25,1155,1,3,3,0,0,1
SYN00066,178,25,1145,0,3,3,0,0,1
SYN00066,179,25,1145,0,3,3,0,0,1
SYN00066,180,27,1132,1,3,3,0,0,1
SYN00066,181,27,1111,0,3,3,0,0,1
SYN00066,182,27,1111,0,3,3,0,0,1
SYN00066,183,27,1096,1,3,3,0,0,1
SYN00066,184,27,1096,1,3,3,0,0,1
SYN00066,185,25,1085,0,3,3,0,0,1
SYN00066,186,25,1072,1,3,3,0,0,1
SYN00066,187,25,1060,0,3,3,0,0,1
SYN00066,188,25,1060,0,3,3,0,0,1
SYN00066,189,27,1054,1,3,3,0,0,1
SYN00066,190,27,1032,0,3,3,0,0,1
SYN00066,191,27,1032,0,3,3,0,0,1
SYN00066,192,27,1016,1,3,3,0,0,1
SYN00066,193,27,1016,1,3,3,0,0,1
SYN00066,194,27,1004,0,3,3,0,0,1
SYN00066,195,27,1004,0,3,3,0,0,1
SYN00066,196,27,994,1,3,3,0,0,1
SYN00066,197,27,994,1,3,3,0,0,1
SYN00066,198,27,989,0,3,3,0,0,1
SYN00066,199,27,983,1,3,3,0,0,1
SYN00066,200,27,983,1,3,3,0,0,1
SYN00066,201,27,962,0,3,3,0,0,1
SYN00066,202,27,962,0,3,3,0,0,1
SYN00066,203,27,944,1,3,4,0,0,1
SYN00066,204,27,922,0,3,4,0,0,1
SYN00066,205,27,922,0,3,4,0,0,1
SYN00066,206,29,898,1,3,4,0,0,1
SYN00066,207,27,879,0,3,4,0,0,1
SYN00066,208,27,869,1,3,4,0,0,1
SYN00066,209,27,869,1,3,4,0,0,1
SYN00066,210,27,854,0,3,4,0,0,1
SYN00066,211,27,854,0,3,4,0,0,1
SYN00066,212,27,846,1,3,4,0,0,1
SYN00066,213,27,846,1,3,4,0,0,1
SYN00066,214,27,836,0,3,4,0,0,1
SYN00066,215,27,836,0,3,4,0,0,1
SYN00066,216,27,820,1,3,4,0,0,1
SYN00066,217,27,820,1,3,4,0,0,1
SYN00066,218,27,808,0,4,4,0,0,1
SYN00066,219,29,785,1,4,4,0,0,1
SYN00066,220,27,768,0,4,4,0,0,1
SYN00066,221,27,746,1,4,4,0,0,1
SYN00066,222,27,746,1,4,4,0,0,1
SYN00066,223,25,738,0,4,4,0,0,1
SYN00066,224,25,728,1,4,4,0,0,1
SYN00066,225,25,720,0,4,4,0,0,1
SYN00066,226,25,720,1,4,4,0,0,1
SYN00066,227,25,720,1,4,4,0,0,1
SYN00066,228,25,703,1,4,4,0,0,1
SYN00066,229,25,703,1,4,4,0,0,1
SYN00066,230,23,685,0,4,4,0,0,1
SYN00066,231,23,671,1,4,5,0,1,1
SYN00066,232,23,666,0,4,5,0,1,1
SYN00066,233,23,666,0,4,5,0,1,1
SYN00066,234,23,642,1,4,5,0,1,1
SYN00066,235,23,642,1,4,5,0,1,1
SYN00066,236,21,629,0,4,5,0,1,1
SYN00066,237,23,605,1,4,5,0,1,1
SYN00066,238,23,583,0,4,5,0,1,1
SYN00066,239,23,583,0,4,5,0,1,1
SYN00066,240,23,563,1,4,5,0,1,1
SYN00066,241,23,563,1,4,5,0,1,1
SYN00066,242,21,544,0,4,5,0,1,1
SYN00066,243,21,531,1,4,5,0,1,1
SYN00066,244,21,531,1,4,5,0,1,1
SYN00066,245,19,515,0,4,5,0,1,1
SYN00066,246,19,494,1,4,5,0,1,1
SYN00066,247,19,494,1,4,5,0,1,1
SYN00066,248,19,489,0,4,5,0,1,1
SYN00066,249,19,489,0,4,5,0,1,1
SYN00066,250,19,465,1,4,5,0,1,1
SYN00066,251,19,465,1,4,5,0,1,1
SYN00066,252,19,446,0,4,5,0,1,1
SYN00066,253,19,446,0,4,5,0,1,1
SYN00066,254,19,430,1,4,5,0,1,1
SYN00066,255,19,410,0,4,5,0,1,1
SYN00066,256,19,410,0,4,5,0,1,1
SYN00066,257,21,401,1,4,5,0,1,1
SYN00066,258,21,391,0,5,5,1,1,1
SYN00066,259,23,370,1,5,5,1,1,1
SYN00066,260,23,355,0,6,5,1,1,1
SYN00066,261,23,343,1,6,5,1,1,1
SYN00066,262,23,343,1,6,5,1,1,1
SYN00066,263,23,334,0,6,5,1,1,1
SYN00066,264,23,334,0,6,5,1,1,1
SYN00066,265,25,310,1,6,5,1,1,1
SYN00066,266,23,290,0,6,5,1,1,1
SYN00066,267,25,284,1,6,5,1,1,1
SYN00066,268,23,267,0,6,5,1,1,1
SYN00066,269,23,253,1,6,5,1,1,1
SYN00066,270,23,246,0,6,5,1,1,1
SYN00066,271,23,246,0,6,5,1,1,1
SYN00066,272,23,240,1,6,5,1,1,1
SYN00066,273,23,240,1,6,5,1,1,1
SYN00066,274,23,233,0,6,5,1,1,1
SYN00066,275,23,220,1,6,5,1,1,1
SYN00066,276,23,220,1,6,5,1,1,1
SYN00066,277,23,209,0,6,5,1,1,1
SYN00066,278,23,209,0,6,5,1,1,1
SYN00066,279,25,202,1,6,5,1,1,1
SYN00066,280,23,180,0,6,5,1,1,1
SYN00066,281,23,163,1,6,5,1,1,1
SYN00066,282,23,163,1,6,5,1,1,1
SYN00066,283,21,149,0,6,5,1,1,1
SYN00066,284,21,140,1,6,5,1,1,1
SYN00066,285,21,140,1,6,5,1,1,1
SYN00066,286,19,128,0,6,5,1,1,1
SYN00066,287,19,105,1,6,5,1,1,1
SYN00066,288,17,87,0,6,5,1,1,1
SYN00066,289,17,71,1,6,5,1,1,1
SYN00066,290,17,71,1,6,5,1,1,1
SYN00066,291,15,65,0,6,5,1,1,1
SYN00066,292,17,55,1,6,5,1,1,1
SYN00066,293,15,48,0,6,5,1,1,1
SYN00066,294,15,35,1,6,5,1,1,1
SYN00066,295,15,35,1,6,5,1,1,1
SYN00066,296,13,30,0,6,5,1,1,1
SYN00066,297,15,13,1,6,5,1,1,1
SYN00066,298,15,0,0,6,5,1,1,1
SYN00066,299,15,0,0,6,5,1,1,1
SYN00066,300,15,0,1,6,5,1,1,1
SYN00067,1,0,2880,0,0,0,0,0,1
SYN00067,2,0,2864,0,0,0,0,0,1
SYN00067,3,0,2847,1,0,0,0,0,1
SYN00067,4,0,2847,1,0,0,0,0,1
SYN00067,5,0,2840,0,0,0,0,0,1
SYN00067,6,0,2840,0,0,0,0,0,1
SYN00067,7,0,2827,1,0,0,0,0,1
SYN00067,8,0,2827,1,0,0,0,0,1
SYN00067,9,-2,2814,0,0,0,0,0,1
SYN00067,10,-2,2792,1,0,0,0,0,1
SYN00067,11,-2,2783,0,0,0,0,0,1
SYN00067,12,-2,2783,0,0,0,0,0,1
SYN00067,13,0,2772,1,0,0,0,0,1
SYN00067,14,-2,2753,0,0,0,0,0,1
SYN00067,15,-2,2729,1,0,0,0,0,1
SYN00067,16,-2,2729,1,0,0,0,0,1
SYN00067,17,-2,2705,0,0,0,0,0,1
SYN00067,18,-2,2705,0,0,0,0,0,1
SYN00067,19,0,2686,1,0,0,0,0,1
SYN00067,20,0,2680,0,0,0,0,0,1
SYN00067,21,0,2680,0,0,0,0,0,1
SYN00067,22,0,2659,1,0,1,0,0,1
SYN00067,23,0,2638,0,0,1,0,0,1
SYN00067,24,2,2625,1,0,1,0,0,1
SYN00067,25,2,2604,0,0,1,0,0,1
SYN00067,26,2,2583,1,0,1,0,0,1
SYN00067,27,2,2583,1,0,1,0,0,1
SYN00067,28,2,2574,0,0,1,0,0,1
SYN00067,29,2,2556,1,0,2,0,0,1
SYN00067,30,2,2549,0,0,2,0,0,1
SYN00067,31,2,2549,0,0,2,0,0,1
SYN00067,32,2,2537,1,0,2,0,0,1
SYN00067,33,2,2537,1,0,2,0,0,1
SYN00067,34,2,2527,0,0,2,0,0,1
SYN00067,35,2,2505,1,0,2,0,0,1
SYN00067,36,2,2505,1,0,2,0,0,1
SYN00067,37,2,2490,0,0,2,0,0,1
SYN00067,38,2,2490,0,0,2,0,0,1
SYN00067,39,4,2483,1,0,2,0,0,1
SYN00067,40,1,2469,0,0,2,0,0,1
SYN00067,41,1,2448,1,0,3,0,0,1
SYN00067,42,1,2441,0,0,3,0,0,1
SYN00067,43,1,2441,0,0,3,0,0,1
SYN00067,44,1,2435,1,0,3,0,0,1
SYN00067,45,1,2435,1,0,3,0,0,1
SYN00067,46,-1,2417,0,0,3,0,0,1
SYN00067,47,-1,2408,1,0,3,0,0,1
SYN00067,48,-1,2408,1,0,3,0,0,1
SYN00067,49,-1,2388,0,0,3,0,0,1
SYN00067,50,-1,2388,0,0,3,0,0,1
SYN00067,51,1,2373,1,0,3,0,0,1
SYN00067,52,1,2350,0,0,3,0,0,1
SYN00067,53,1,2350,0,0,3,0,0,1
SYN00067,54,3,2343,1,0,3,0,0,1
SYN00067,55,3,2328,0,0,3,0,0,1
SYN00067,56,3,2328,0,0,3,0,0,1
SYN00067,57,5,2317,1,0,3,0,0,1
SYN00067,58,2,2295,0,0,3,0,0,1
SYN00067,59,2,2271,1,0,3,0,0,1
SYN00067,60,2,2271,1,0,3,0,0,1
SYN00067,61,2,2247,0,1,3,0,0,1
SYN00067,62,4,2223,1,1,3,0,0,1
SYN00067,63,4,2212,0,1,3,0,0,1
SYN00067,64,4,2195,1,1,3,0,0,1
SYN00067,65,4,2189,0,2,3,0,0,1
SYN00067,66,4,2171,1,2,3,0,0,1
SYN00067,67,4,2171,1,2,3,0,0,1
SYN00067,68,2,2162,0,2,3,0,0,1
SYN00067,69,4,2160,1,2,3,0,0,1
SYN00067,70,4,2160,0,2,3,0,0,1
SYN00067,71,4,2160,0,2,3,0,0,1
SYN00067,72,4,2150,0,2,3,0,0,1
SYN00067,73,4,2150,0,2,3,0,0,1
SYN00067,74,6,2130,1,2,3,0,0,1
SYN00067,75,4,2117,0,2,3,0,0,1
SYN00067,76,4,2100,1,2,3,0,0,1
SYN00067,77,4,2100,1,2,3,0,0,1
SYN00067,78,4,2078,0,2,3,0,0,1
SYN00067,79,6,2073,1,2,3,0,0,1
SYN00067,80,6,2050,0,2,3,0,0,1
SYN00067,81,6,2050,0,2,3,0,0,1
SYN00067,82,8,2037,1,2,3,0,0,1
SYN00067,83,8,2030,0,2,3,0,0,1
SYN00067,84,8,2030,0,2,3,0,0,1
SYN00067,85,8,2007,1,2,4,0,0,1
SYN00067,86,8,1999,0,2,4,0,0,1
SYN00067,87,8,1999,0,2,4,0,0,1
SYN00067,88,10,1992,1,2,4,0,0,1
SYN00067,89,10,1987,0,3,4,0,0,1
SYN00067,90,10,1963,1,3,4,0,0,1
SYN00067,91,10,1963,1,3,4,0,0,1
SYN00067,92,10,1944,0,3,4,0,0,1
SYN00067,93,10,1944,0,3,4,0,0,1
SYN00067,94,12,1930,1,3,4,0,0,1
SYN00067,95,12,1916,0,3,4,0,0,1
SYN00067,96,12,1916,0,3,4,0,0,1
SYN00067,97,12,1897,1,3,4,0,0,1
SYN00067,98,12,1897,1,3,4,0,0,1
SYN00067,99,12,1883,0,4,4,0,0,1
SYN00067,100,15,1864,1,4,4,0,0,1
SYN00067,101,15,1853,0,4,4,0,0,1
SYN00067,102,17,1848,1,4,4,0,0,1
SYN00067,103,15,1843,0,4,4,0,0,1
SYN00067,104,17,1820,1,4,4,0,0,1
SYN00067,105,17,1805,0,4,4,0,0,1
SYN00067,106,17,1805,0,4,4,0,0,1
SYN00067,107,19,1783,1,4,4,0,0,1
SYN00067,108,19,1772,0,4,4,0,0,1
SYN00067,109,19,1772,0,4,4,0,0,1
SYN00067,110,19,1755,1,4,5,0,1,1
SYN00067,111,19,1738,0,4,5,0,1,1
SYN00067,112,19,1738,0,4,5,0,1,1
SYN00067,113,19,1717,1,4,5,0,1,1
SYN00067,114,19,1717,1,4,5,0,1,1
SYN00067,115,16,1700,0,4,5,0,1,1
SYN00067,116,18,1679,1,4,5,0,1,1
SYN00067,117,18,1670,0,4,5,0,1,1
SYN00067,118,18,1670,0,4,5,0,1,1
SYN00067,119,18,1660,1,4,5,0,1,1
SYN00067,120,18,1660,1,4,5,0,1,1
SYN00067,121,18,1639,0,4,5,0,1,1
SYN00067,122,18,1639,0,4,5,0,1,1
SYN00067,123,18,1620,1,4,5,0,1,1
SYN00067,124,18,1620,1,4,5,0,1,1
SYN00067,125,18,1597,0,4,5,0,1,1
SYN00067,126,18,1597,0,4,5,0,1,1
SYN00067,127,20,1577,1,4,5,0,1,1
SYN00067,128,18,1572,0,4,5,0,1,1
SYN00067,129,18,1557,1,4,6,0,1,1
SYN00067,130,15,1548,0,4,6,0,1,1
SYN00067,131,18,1541,1,4,6,0,1,1
SYN00067,132,16,1518,0,4,6,0,1,1
SYN00067,133,18,1497,1,4,6,0,1,1
SYN00067,134,18,1475,0,4,6,0,1,1
SYN00067,135,18,1475,0,4,6,0,1,1
SYN00067,136,18,1456,1,4,6,0,1,1
SYN00067,137,18,1456,1,4,6,0,1,1
SYN00067,138,18,1440,0,5,6,1,1,1
SYN00067,139,18,1440,1,5,6,1,1,1
SYN00067,140,18,1440,1,5,6,1,1,1
SYN00067,141,20,1417,1,5,6,1,1,1
SYN00067,142,20,1405,0,5,6,1,1,1
SYN00067,143,20,1405,0,5,6,1,1,1
SYN00067,144,20,1389,1,5,7,1,1,1
SYN00067,145,20,1378,0,5,7,1,1,1
SYN00067,146,20,1378,0,5,7,1,1,1
SYN00067,147,23,1373,1,5,7,1,1,1
SYN00067,148,23,1361,0,6,7,1,1,1
SYN00067,149,23,1345,1,6,7,1,1,1
SYN00067,150,23,1345,1,6,7,1,1,1
SYN00067,151,21,1324,0,6,7,1,1,1
SYN00067,152,21,1313,1,6,7,1,1,1
SYN00067,153,21,1313,1,6,7,1,1,1
SYN00067,154,19,1298,0,6,7,1,1,1
SYN00067,155,19,1292,1,6,7,1,1,1
SYN00067,156,19,1292,1,6,7,1,1,1
SYN00067,157,19,1277,0,6,7,1,1,1
SYN00067,158,19,1267,1,6,7,1,1,1
SYN00067,159,19,1267,1,6,7,1,1,1
SYN00067,160,17,1261,0,6,7,1,1,1
SYN00067,161,17,1238,1,6,7,1,1,1
SYN00067,162,17,1238,1,6,7,1,1,1
SYN00067,163,17,1222,0,6,7,1,1,1
SYN00067,164,17,1222,0,6,7,1,1,1
SYN00067,165,17,1217,1,6,7,1,1,1
SYN00067,166,17,1217,1,6,7,1,1,1
SYN00067,167,15,1203,0,6,7,1,1,1
SYN00067,168,18,1180,1,6,7,1,1,1
SYN00067,169,18,1160,0,6,7,1,1,1
SYN00067,170,18,1160,0,6,7,1,1,1
SYN00067,171,20,1144,1,6,7,1,1,1
SYN00067,172,20,1131,0,6,7,1,1,1
SYN00067,173,20,1131,0,6,7,1,1,1
SYN00067,174,20,1114,1,6,7,1,1,1
SYN00067,175,20,1114,1,6,7,1,1,1
SYN00067,176,18,1091,0,6,7,1,1,1
SYN00067,177,18,1071,1,6,7,1,1,1
SYN00067,178,18,1071,1,6,7,1,1,1
SYN00067,179,18,1055,0,6,7,1,1,1
SYN00067,180,18,1055,0,6,7,1,1,1
SYN00067,181,18,1050,1,6,7,1,1,1
SYN00067,182,18,1050,1,6,7,1,1,1
SYN00067,183,18,1030,0,6,7,1,1,1
SYN00067,184,18,1030,0,6,7,1,1,1
SYN00067,185,18,1022,1,6,7,1,1,1
SYN00067,186,18,1022,1,6,7,1,1,1
SYN00067,187,15,1006,0,6,7,1,1,1
SYN00067,188,15,987,1,6,8,1,1,1
SYN00067,189,15,965,0,6,8,1,1,1
SYN00067,190,15,954,1,6,8,1,1,1
SYN00067,191,15,954,1,6,8,1,1,1
SYN00067,192,15,933,0,6,8,1,1,1
SYN00067,193,15,933,0,6,8,1,1,1
SYN00067,194,15,915,1,6,8,1,1,1
SYN00067,195,15,915,1,6,8,1,1,1
SYN00067,196,15,896,0,6,8,1,1,1
SYN00067,197,15,896,0,6,8,1,1,1
SYN00067,198,18,879,1,6,8,1,1,1
SYN00067,199,18,874,0,6,8,1,1,1
SYN00067,200,18,874,0,6,8,1,1,1
SYN00067,201,20,858,1,6,8,1,1,1
SYN00067,202,20,851,0,6,8,1,1,1
SYN00067,203,20,833,1,6,8,1,1,1
SYN00067,204,20,833,1,6,8,1,1,1
SYN00067,205,17,815,0,6,8,1,1,1
SYN00067,206,19,807,1,6,8,1,1,1
SYN00067,207,19,796,0,6,8,1,1,1
SYN00067,208,19,789,1,6,8,1,1,1
SYN00067,209,19,789,1,6,8,1,1,1
SYN00067,210,19,776,0,6,8,1,1,1
SYN00067,211,19,776,0,6,8,1,1,1
SYN00067,212,19,771,1,6,8,1,1,1
SYN00067,213,19,771,1,6,8,1,1,1
SYN00067,214,19,766,0,6,8,1,1,1
SYN00067,215,19,766,0,6,8,1,1,1
SYN00067,216,21,755,1,6,8,1,1,1
SYN00067,217,19,747,0,6,8,1,1,1
SYN00067,218,21,738,1,6,8,1,1,1
SYN00067,219,21,721,0,7,8,1,1,1
SYN00067,220,23,720,1,7,8,1,1,1
SYN00067,221,23,720,0,7,8,1,1,1
SYN00067,222,23,720,0,7,8,1,1,1
SYN00067,223,21,696,0,7,8,1,1,1
SYN00067,224,24,682,1,7,8,1,1,1
SYN00067,225,22,669,0,7,8,1,1,1
SYN00067,226,22,655,1,7,8,1,1,1
SYN00067,227,22,655,1,7,8,1,1,1
SYN00067,228,22,636,0,7,8,1,1,1
SYN00067,229,22,636,0,7,8,1,1,1
SYN00067,230,24,618,1,7,8,1,1,1
SYN00067,231,22,604,0,7,8,1,1,1
SYN00067,232,24,583,1,7,8,1,1,1
SYN00067,233,24,562,0,7,8,1,1,1
SYN00067,234,24,562,0,7,8,1,1,1
SYN00067,235,26,544,1,7,8,1,1,1
SYN00067,236,26,526,0,7,8,1,1,1
SYN00067,237,26,526,0,7,8,1,1,1
SYN00067,238,26,512,1,7,8,1,1,1
SYN00067,239,26,512,1,7,8,1,1,1
SYN00067,240,26,495,0,7,8,1,1,1
SYN00067,241,26,495,0,7,8,1,1,1
SYN00067,242,28,474,1,7,8,1,1,1
SYN00067,243,28,454,0,7,8,1,1,1
SYN00067,244,28,454,0,7,8,1,1,1
SYN00067,245,30,430,1,7,8,1,1,1
SYN00067,246,30,410,0,8,8,1,1,1
SYN00067,247,33,390,1,8,8,1,1,1
SYN00067,248,31,371,0,8,8,1,1,1
SYN00067,249,31,351,1,8,8,1,1,1
SYN00067,250,31,351,1,8,8,1,1,1
SYN00067,251,31,331,0,8,8,1,1,1
SYN00067,252,31,331,0,8,8,1,1,1
SYN00067,253,31,312,1,8,8,1,1,1
SYN00067,254,31,312,1,8,8,1,1,1
SYN00067,255,31,291,0,8,8,1,1,1
SYN00067,256,31,291,0,8,8,1,1,1
SYN00067,257,33,267,1,8,8,1,1,1
SYN00067,258,33,247,0,8,8,1,1,1
SYN00067,259,33,247,0,8,8,1,1,1
SYN00067,260,36,231,1,8,8,1,1,1
SYN00067,261,36,213,0,8,8,1,1,1
SYN00067,262,36,213,0,8,8,1,1,1
SYN00067,263,38,207,1,8,8,1,1,1
SYN00067,264,38,187,0,8,8,1,1,1
SYN00067,265,38,187,0,8,8,1,1,1
SYN00067,266,40,165,1,8,8,1,1,1
SYN00067,267,38,154,0,8,8,1,1,1
SYN00067,268,38,138,1,8,8,1,1,1
SYN00067,269,38,138,1,8,8,1,1,1
SYN00067,270,36,133,0,8,8,1,1,1
SYN00067,271,39,122,1,8,8,1,1,1
SYN00067,272,37,117,0,8,8,1,1,1
SYN00067,273,37,111,1,8,8,1,1,1
SYN00067,274,37,111,1,8,8,1,1,1
SYN00067,275,37,106,0,8,8,1,1,1
SYN00067,276,37,106,0,8,8,1,1,1
SYN00067,277,37,88,1,8,9,1,1,1
SYN00067,278,34,70,0,8,9,1,1,1
SYN00067,279,34,49,1,8,9,1,1,1
SYN00067,280,34,49,1,8,9,1,1,1
SYN00067,281,34,38,0,8,9,1,1,1
SYN00067,282,34,38,0,8,9,1,1,1
SYN00067,283,34,25,1,8,9,1,1,1
SYN00067,284,34,25,1,8,9,1,1,1
SYN00067,285,34,1,0,8,9,1,1,1
SYN00067,286,34,1,0,8,9,1,1,1
SYN00067,287,34,0,1,8,9,1,1,1
SYN00067,288,34,0,1,8,9,1,1,1
SYN00067,289,34,0,0,8,9,1,1,1
SYN00068,1,0,2880,1,0,0,0,0,0
SYN00068,2,2,2875,1,0,0,0,0,0
SYN00068,3,2,2861,0,0,0,0,0,0
SYN00068,4,2,2861,0,0,0,0,0,0
SYN00068,5,2,2849,1,0,0,0,0,0
SYN00068,6,2,2836,0,0,0,0,0,0
SYN00068,7,2,2836,0,0,0,0,0,0
SYN00068,8,5,2829,1,0,0,0,0,0
SYN00068,9,5,2815,0,0,0,0,0,0
SYN00068,10,5,2815,0,0,0,0,0,0
SYN00068,11,7,2795,1,0,0,0,0,0
SYN00068,12,5,2788,0,0,0,0,0,0
SYN00068,13,7,2771,1,0,0,0,0,0
SYN00068,14,7,2758,0,0,0,0,0,0
SYN00068,15,7,2758,0,0,0,0,0,0
SYN00068,16,7,2738,1,0,0,0,0,0
SYN00068,17,7,2731,0,0,0,0,0,0
SYN00068,18,7,2712,1,0,0,0,0,0
SYN00068,19,7,2712,1,0,0,0,0,0
SYN00068,20,5,2694,0,0,0,0,0,0
SYN00068,21,7,2689,1,0,0,0,0,0
SYN00068,22,7,2684,0,0,0,0,0,0
SYN00068,23,7,2684,0,0,0,0,0,0
SYN00068,24,7,2672,1,0,0,0,0,0
SYN00068,25,7,2672,1,0,0,0,0,0
SYN00068,26,5,2666,0,0,0,0,0,0
SYN00068,27,5,2652,1,0,0,0,0,0
SYN00068,28,5,2652,1,0,0,0,0,0
SYN00068,29,3,2644,0,0,0,0,0,0
SYN00068,30,3,2621,1,0,0,0,0,0
SYN00068,31,3,2621,1,0,0,0,0,0
SYN00068,32,3,2598,0,0,0,0,0,0
SYN00068,33,5,2580,1,0,0,0,0,0
SYN00068,34,5,2570,0,0,0,0,0,0
SYN00068,35,5,2570,0,0,0,0,0,0
SYN00068,36,5,2560,1,0,0,0,0,0
SYN00068,37,5,2560,1,0,0,0,0,0
SYN00068,38,3,2550,0,0,0,0,0,0
SYN00068,39,3,2531,1,0,0,0,0,0
SYN00068,40,1,2515,0,0,0,0,0,0
SYN00068,41,1,2496,1,0,0,0,0,0
SYN00068,42,1,2496,1,0,0,0,0,0
SYN00068,43,-1,2480,0,0,0,0,0,0
SYN00068,44,-1,2457,1,0,0,0,0,0
SYN00068,45,-1,2457,1,0,0,0,0,0
SYN00068,46,-1,2449,0,0,0,0,0,0
SYN00068,47,-1,2435,1,0,0,0,0,0
SYN00068,48,-1,2435,1,0,0,0,0,0
SYN00068,49,-1,2421,0,0,0,0,0,0
SYN00068,50,-1,2421,0,0,0,0,0,0
SYN00068,51,-1,2401,1,0,1,0,0,0
SYN00068,52,-4,2379,0,0,1,0,0,0
SYN00068,53,-4,2372,1,0,1,0,0,0
SYN00068,54,-4,2372,1,0,1,0,0,0
SYN00068,55,-4,2356,0,0,1,0,0,0
SYN00068,56,-4,2356,0,0,1,0,0,0
SYN00068,57,-4,2335,1,0,1,0,0,0
SYN00068,58,-4,2335,1,0,1,0,0,0
SYN00068,59,-4,2313,0,0,1,0,0,0
SYN00068,60,-4,2313,0,0,1,0,0,0
SYN00068,61,-4,2295,1,0,1,0,0,0
SYN00068,62,-4,2295,1,0,1,0,0,0
SYN00068,63,-4,2273,0,0,1,0,0,0
SYN00068,64,-2,2251,1,0,1,0,0,0
SYN00068,65,-4,2232,0,0,1,0,0,0
SYN00068,66,-4,2221,1,0,1,0,0,0
SYN00068,67,-4,2221,1,0,1,0,0,0
SYN00068,68,-4,2212,0,0,1,0,0,0
SYN00068,69,-4,2212,0,0,1,0,0,0
SYN00068,70,-2,2202,1,0,1,0,0,0
SYN00068,71,-4,2191,0,0,1,0,0,0
SYN00068,72,-4,2168,1,0,1,0,0,0
SYN00068,73,-7,2160,0,0,1,0,0,0
SYN00068,74,-7,2160,1,0,1,0,0,0
SYN00068,75,-7,2160,1,0,1,0,0,0
SYN00068,76,-7,2154,1,0,1,0,0,0
SYN00068,77,-7,2154,1,0,1,0,0,0
SYN00068,78,-9,2136,0,0,1,0,0,0
SYN00068,79,-7,2116,1,0,1,0,0,0
SYN00068,80,-9,2111,0,0,1,0,0,0
SYN00068,81,-9,2090,1,0,1,0,0,0
SYN00068,82,-9,2090,1,0,1,0,0,0
SYN00068,83,-9,2085,0,0,1,0,0,0
SYN00068,84,-7,2064,1,0,1,0,0,0
SYN00068,85,-9,2047,0,0,1,0,0,0
SYN00068,86,-9,2029,1,0,1,0,0,0
SYN00068,87,-9,2029,1,0,1,0,0,0
SYN00068,88,-9,2012,0,1,1,0,0,0
SYN00068,89,-9,1992,1,1,2,0,0,0
SYN00068,90,-9,1983,0,1,2,0,0,0
SYN00068,91,-9,1983,0,1,2,0,0,0
SYN00068,92,-9,1963,1,1,2,0,0,0
SYN00068,93,-9,1963,1,1,2,0,0,0
SYN00068,94,-9,1947,0,1,2,0,0,0
SYN00068,95,-9,1947,0,1,2,0,0,0
SYN00068,96,-9,1935,1,1,2,0,0,0
SYN00068,97,-9,1935,1,1,2,0,0,0
SYN00068,98,-11,1912,0,1,2,0,0,0
SYN00068,99,-8,1906,1,1,2,0,0,0
SYN00068,100,-8,1899,0,1,2,0,0,0
SYN00068,101,-8,1899,0,1,2,0,0,0
SYN00068,102,-6,1891,1,1,2,0,0,0
SYN00068,103,-6,1881,0,1,2,0,0,0
SYN00068,104,-6,1861,1,1,3,0,0,0
SYN00068,105,-6,1844,0,1,3,0,0,0
SYN00068,106,-6,1844,0,1,3,0,0,0
SYN00068,107,-6,1823,1,1,3,0,0,0
SYN00068,108,-9,1817,0,1,3,0,0,0
SYN00068,109,-9,1798,1,1,4,0,0,0
SYN00068,110,-11,1774,0,1,4,0,0,0
SYN00068,111,-11,1761,1,1,4,0,0,0
SYN00068,112,-11,1761,1,1,4,0,0,0
SYN00068,113,-11,1741,0,1,4,0,0,0
SYN00068,114,-11,1719,1,1,4,0,0,0
SYN00068,115,-11,1719,1,1,4,0,0,0
SYN00068,116,-11,1704,0,1,4,0,0,0
SYN00068,117,-11,1704,0,1,4,0,0,0
SYN00068,118,-9,1683,1,1,4,0,0,0
SYN00068,119,-12,1663,0,1,4,0,0,0
SYN00068,120,-10,1648,1,1,4,0,0,0
SYN00068,121,-10,1625,0,1,4,0,0,0
SYN00068,122,-10,1625,0,1,4,0,0,0
SYN00068,123,-8,1601,1,1,4,0,0,0
SYN00068,124,-10,1592,0,1,4,0,0,0
SYN00068,125,-10,1586,1,1,4,0,0,0
SYN00068,126,-10,1586,1,1,4,0,0,0
SYN00068,127,-10,1577,0,1,4,0,0,0
SYN00068,128,-10,1565,1,1,4,0,0,0
SYN00068,129,-10,1565,1,1,4,0,0,0
SYN00068,130,-12,1543,0,1,4,0,0,0
SYN00068,131,-12,1532,1,1,4,0,0,0
SYN00068,132,-12,1532,1,1,4,0,0,0
SYN00068,133,-12,1511,0,1,4,0,0,0
SYN00068,134,-12,1511,0,1,4,0,0,0
SYN00068,135,-12,1498,1,1,4,0,0,0
SYN00068,136,-12,1498,1,1,4,0,0,0
SYN00068,137,-12,1488,0,1,4,0,0,0
SYN00068,138,-12,1488,0,1,4,0,0,0
SYN00068,139,-12,1464,1,1,4,0,0,0
SYN00068,140,-12,1464,1,1,4,0,0,0
SYN00068,141,-15,1458,0,1,4,0,0,0
SYN00068,142,-15,1446,1,1,4,0,0,0
SYN00068,143,-15,1440,0,1,4,0,0,0
SYN00068,144,-15,1440,0,1,4,0,0,0
SYN00068,145,-15,1440,1,1,4,0,0,0
SYN00068,146,-15,1440,1,1,4,0,0,0
SYN00068,147,-15,1422,1,1,4,0,0,0
SYN00068,148,-15,1422,1,1,4,0,0,0
SYN00068,149,-15,1404,0,1,4,0,0,0
SYN00068,150,-15,1404,0,1,4,0,0,0
SYN00068,151,-13,1396,1,1,4,0,0,0
SYN00068,152,-13,1387,0,1,4,0,0,0
SYN00068,153,-13,1387,0,1,4,0,0,0
SYN00068,154,-11,1371,1,1,4,0,0,0
SYN00068,155,-13,1351,0,1,4,0,0,0
SYN00068,156,-10,1336,1,1,4,0,0,0
SYN00068,157,-10,1327,0,1,4,0,0,0
SYN00068,158,-10,1327,0,1,4,0,0,0
SYN00068,159,-8,1316,1,1,4,0,0,0
SYN00068,160,-10,1309,0,1,4,0,0,0
SYN00068,161,-10,1302,1,1,5,0,1,0
SYN00068,162,-10,1279,0,1,5,0,1,0
SYN00068,163,-10,1279,0,1,5,0,1,0
SYN00068,164,-10,1271,1,1,5,0,1,0
SYN00068,165,-10,1271,1,1,5,0,1,0
SYN00068,166,-10,1251,0,1,5,0,1,0
SYN00068,167,-10,1251,0,1,5,0,1,0
SYN00068,168,-10,1244,1,1,6,0,1,0
SYN00068,169,-10,1231,0,1,6,0,1,0
SYN00068,170,-10,1231,0,1,6,0,1,0
SYN00068,171,-8,1214,1,1,6,0,1,0
SYN00068,172,-8,1196,0,1,6,0,1,0
SYN00068,173,-8,1196,0,1,6,0,1,0
SYN00068,174,-8,1175,1,1,6,0,1,0
SYN00068,175,-8,1175,1,1,6,0,1,0
SYN00068,176,-10,1160,0,1,6,0,1,0
SYN00068,177,-10,1141,1,1,6,0,1,0
SYN00068,178,-10,1141,1,1,6,0,1,0
SYN00068,179,-10,1131,0,1,6,0,1,0
SYN00068,180,-10,1131,0,1,6,0,1,0
SYN00068,181,-10,1117,1,1,6,0,1,0
SYN00068,182,-10,1117,1,1,6,0,1,0
SYN00068,183,-10,1094,0,1,6,0,1,0
SYN00068,184,-10,1094,0,1,6,0,1,0
SYN00068,185,-8,1078,1,1,6,0,1,0
SYN00068,186,-8,1054,0,1,6,0,1,0
SYN00068,187,-8,1054,0,1,6,0,1,0
SYN00068,188,-8,1030,1,1,6,0,1,0
SYN00068,189,-8,1030,1,1,6,0,1,0
SYN00068,190,-11,1018,0,1,6,0,1,0
SYN00068,191,-9,1005,1,1,6,0,1,0
SYN00068,192,-11,997,0,1,6,0,1,0
SYN00068,193,-9,981,1,1,6,0,1,0
SYN00068,194,-9,973,0,1,6,0,1,0
SYN00068,195,-9,973,0,1,6,0,1,0
SYN00068,196,-9,952,1,1,6,0,1,0
SYN00068,197,-9,952,1,1,6,0,1,0
SYN00068,198,-9,928,0,2,6,0,1,0
SYN00068,199,-9,916,1,2,6,0,1,0
SYN00068,200,-9,916,1,2,6,0,1,0
SYN00068,201,-11,898,0,2,6,0,1,0
SYN00068,202,-11,880,1,2,6,0,1,0
SYN00068,203,-11,880,1,2,6,0,1,0
SYN00068,204,-11,861,0,2,6,0,1,0
SYN00068,205,-11,861,0,2,6,0,1,0
SYN00068,206,-11,846,1,2,6,0,1,0
SYN00068,207,-11,846,1,2,6,0,1,0
SYN00068,208,-11,832,0,2,6,0,1,0
SYN00068,209,-11,832,0,2,6,0,1,0
SYN00068,210,-9,823,1,2,6,0,1,0
SYN00068,211,-11,806,0,2,6,0,1,0
SYN00068,212,-11,788,1,2,6,0,1,0
SYN00068,213,-11,788,1,2,6,0,1,0
SYN00068,214,-13,777,0,2,6,0,1,0
SYN00068,215,-11,763,1,2,6,0,1,0
SYN00068,216,-13,748,0,2,6,0,1,0
SYN00068,217,-13,727,1,2,6,0,1,0
SYN00068,218,-13,727,1,2,6,0,1,0
SYN00068,219,-15,720,0,2,6,0,1,0
SYN00068,220,-15,720,1,2,6,0,1,0
SYN00068,221,-15,720,1,2,6,0,1,0
SYN00068,222,-15,709,1,2,6,0,1,0
SYN00068,223,-15,704,0,2,6,0,1,0
SYN00068,224,-13,699,1,2,6,0,1,0
SYN00068,225,-13,687,0,2,6,0,1,0
SYN00068,226,-13,687,0,2,6,0,1,0
SYN00068,227,-13,682,1,2,7,0,1,0
SYN00068,228,-15,660,0,2,7,0,1,0
SYN00068,229,-13,640,1,2,7,0,1,0
SYN00068,230,-15,632,0,2,7,0,1,0
SYN00068,231,-12,627,1,2,7,0,1,0
SYN00068,232,-14,607,0,2,7,0,1,0
SYN00068,233,-12,599,1,2,7,0,1,0
SYN00068,234,-15,590,0,2,7,0,1,0
SYN00068,235,-15,568,1,2,7,0,1,0
SYN00068,236,-15,568,1,2,7,0,1,0
SYN00068,237,-15,550,0,2,7,0,1,0
SYN00068,238,-15,550,0,2,7,0,1,0
SYN00068,239,-15,530,1,2,8,0,1,0
SYN00068,240,-18,513,0,2,8,0,1,0
SYN00068,241,-18,499,1,2,8,0,1,0
SYN00068,242,-18,499,1,2,8,0,1,0
SYN00068,243,-18,481,0,2,8,0,1,0
SYN00068,244,-18,475,1,2,8,0,1,0
SYN00068,245,-18,475,1,2,8,0,1,0
SYN00068,246,-18,461,0,2,8,0,1,0
SYN00068,247,-18,461,0,2,8,0,1,0
SYN00068,248,-15,455,1,2,8,0,1,0
SYN00068,249,-15,437,0,2,8,0,1,0
SYN00068,250,-15,437,0,2,8,0,1,0
SYN00068,251,-12,424,1,2,8,0,1,0
SYN00068,252,-12,406,0,3,8,0,1,0
SYN00068,253,-12,399,1,3,8,0,1,0
SYN00068,254,-12,399,1,3,8,0,1,0
SYN00068,255,-14,379,0,3,8,0,1,0
SYN00068,256,-12,364,1,3,8,0,1,0
SYN00068,257,-12,352,0,4,8,0,1,0
SYN00068,258,-12,347,1,4,8,0,1,0
SYN00068,259,-12,347,1,4,8,0,1,0
SYN00068,260,-12,337,0,4,8,0,1,0
SYN00068,261,-12,337,0,4,8,0,1,0
SYN00068,262,-12,330,1,4,9,0,1,0
SYN00068,263,-14,325,0,4,9,0,1,0
SYN00068,264,-14,303,1,4,9,0,1,0
SYN00068,265,-14,287,0,4,9,0,1,0
SYN00068,266,-14,287,0,4,9,0,1,0
SYN00068,267,-14,276,1,4,9,0,1,0
SYN00068,268,-14,267,0,5,9,1,1,0
SYN00068,269,-14,258,1,5,9,1,1,0
SYN00068,270,-14,258,1,5,9,1,1,0
SYN00068,271,-14,253,0,5,9,1,1,0
SYN00068,272,-14,253,0,5,9,1,1,0
SYN00068,273,-14,240,1,5,9,1,1,0
SYN00068,274,-14,240,1,5,9,1,1,0
SYN00068,275,-14,234,0,5,9,1,1,0
SYN00068,276,-11,226,1,5,9,1,1,0
SYN00068,277,-11,214,0,5,9,1,1,0
SYN00068,278,-11,214,0,5,9,1,1,0
SYN00068,279,-9,203,1,5,9,1,1,0
SYN00068,280,-9,192,0,5,9,1,1,0
SYN00068,281,-9,192,0,5,9,1,1,0
SYN00068,282,-9,170,1,5,10,1,1,0
SYN00068,283,-9,157,0,5,10,1,1,0
SYN00068,284,-9,157,0,5,10,1,1,0
SYN00068,285,-9,139,1,5,10,1,1,0
SYN00068,286,-9,139,1,5,10,1,1,0
SYN00068,287,-11,118,0,5,10,1,1,0
SYN00068,288,-9,95,1,5,10,1,1,0
SYN00068,289,-11,71,0,5,10,1,1,0
SYN00068,290,-11,48,1,5,10,1,1,0
SYN00068,291,-11,48,1,5,10,1,1,0
SYN00068,292,-11,34,0,5,10,1,1,0
SYN00068,293,-11,34,0,5,10,1,1,0
SYN00068,294,-11,23,1,5,10,1,1,0
SYN00068,295,-11,23,1,5,10,1,1,0
SYN00068,296,-13,3,0,5,10,1,1,0
SYN00068,297,-13,0,1,5,10,1,1,0
SYN00068,298,-13,0,1,5,10,1,1,0
SYN00068,299,-13,0,0,5,10,1,1,0
SYN00069,1,0,2880,1,0,0,0,0,0
SYN00069,2,0,2872,1,0,0,0,0,0
SYN00069,3,0,2872,1,0,0,0,0,0
SYN00069,4,0,2865,0,1,0,0,0,0
SYN00069,5,0,2856,1,1,0,0,0,0
SYN00069,6,0,2836,0,1,0,0,0,0
SYN00069,7,0,2836,0,1,0,0,0,0
SYN00069,8,0,2817,1,1,0,0,0,0
SYN00069,9,0,2817,1,1,0,0,0,0
SYN00069,10,0,2810,0,2,0,0,0,0
SYN00069,11,0,2798,1,2,0,0,0,0
SYN00069,12,0,2798,1,2,0,0,0,0
SYN00069,13,-3,2792,0,2,0,0,0,0
SYN00069,14,-1,2768,1,2,0,0,0,0
SYN00069,15,-1,2759,0,3,0,0,0,0
SYN00069,16,1,2743,1,3,0,0,0,0
SYN00069,17,-2,2722,0,3,0,0,0,0
SYN00069,18,1,2710,1,3,0,0,0,0
SYN00069,19,1,2691,0,3,0,0,0,0
SYN00069,20,1,2691,0,3,0,0,0,0
SYN00069,21,1,2675,1,3,0,0,0,0
SYN00069,22,1,2675,1,3,0,0,0,0
SYN00069,23,1,2657,0,3,0,0,0,0
SYN00069,24,1,2657,0,3,0,0,0,0
SYN00069,25,4,2652,1,3,0,0,0,0
SYN00069,26,4,2634,0,3,0,0,0,0
SYN00069,27,4,2634,0,3,0,0,0,0
SYN00069,28,4,2629,1,3,0,0,0,0
SYN00069,29,4,2614,0,3,0,0,0,0
SYN00069,30,4,2614,0,3,0,0,0,0
SYN00069,31,6,2598,1,3,0,0,0,0
SYN00069,32,3,2577,0,3,0,0,0,0
SYN00069,33,3,2567,1,3,0,0,0,0
SYN00069,34,3,2567,1,3,0,0,0,0
SYN00069,35,1,2549,0,3,0,0,0,0
SYN00069,36,1,2539,1,3,0,0,0,0
SYN00069,37,1,2539,1,3,0,0,0,0
SYN00069,38,1,2526,0,3,0,0,0,0
SYN00069,39,1,2526,0,3,0,0,0,0
SYN00069,40,1,2507,1,3,1,0,0,0
SYN00069,41,1,2494,0,3,1,0,0,0
SYN00069,42,1,2494,0,3,1,0,0,0
SYN00069,43,1,2485,1,3,1,0,0,0
SYN00069,44,1,2485,1,3,1,0,0,0
SYN00069,45,1,2470,0,3,1,0,0,0
SYN00069,46,1,2470,0,3,1,0,0,0
SYN00069,47,1,2460,1,3,1,0,0,0
SYN00069,48,1,2440,0,4,1,0,0,0
SYN00069,49,3,2425,1,4,1,0,0,0
SYN00069,50,1,2405,0,4,1,0,0,0
SYN00069,51,3,2390,1,4,1,0,0,0
SYN00069,52,0,2376,0,4,1,0,0,0
SYN00069,53,0,2369,1,4,1,0,0,0
SYN00069,54,0,2369,1,4,1,0,0,0
SYN00069,55,0,2353,0,4,1,0,0,0
SYN00069,56,0,2353,0,4,1,0,0,0
SYN00069,57,0,2339,1,4,2,0,0,0
SYN00069,58,-2,2328,0,4,2,0,0,0
SYN00069,59,-2,2315,1,4,2,0,0,0
SYN00069,60,-2,2315,1,4,2,0,0,0
SYN00069,61,-4,2300,0,4,2,0,0,0
SYN00069,62,-4,2276,1,4,3,0,0,0
SYN00069,63,-6,2262,0,4,3,0,0,0
SYN00069,64,-6,2239,1,4,3,0,0,0
SYN00069,65,-6,2231,0,4,3,0,0,0
SYN00069,66,-6,2231,0,4,3,0,0,0
SYN00069,67,-4,2219,1,4,3,0,0,0
SYN00069,68,-4,2201,0,5,3,1,0,0
SYN00069,69,-4,2180,1,5,3,1,0,0
SYN00069,70,-4,2180,1,5,3,1,0,0
SYN00069,71,-4,2160,0,5,3,1,0,0
SYN00069,72,-4,2160,0,5,3,1,0,0
SYN00069,73,-4,2160,1,5,3,1,0,0
SYN00069,74,-4,2160,1,5,3,1,0,0
SYN00069,75,-4,2146,1,5,3,1,0,0
SYN00069,76,-4,2146,1,5,3,1,0,0
SYN00069,77,-4,2123,0,6,3,1,0,0
SYN00069,78,-1,2116,1,6,3,1,0,0
SYN00069,79,-3,2095,0,6,3,1,0,0
SYN00069,80,-1,2090,1,6,3,1,0,0
SYN00069,81,-3,2079,0,6,3,1,0,0
SYN00069,82,-3,2059,1,6,3,1,0,0
SYN00069,83,-3,2059,1,6,3,1,0,0
SYN00069,84,-3,2035,0,6,3,1,0,0
SYN00069,85,-3,2035,0,6,3,1,0,0
SYN00069,86,-3,2026,1,6,3,1,0,0
SYN00069,87,-3,2026,1,6,3,1,0,0
SYN00069,88,-5,2012,0,6,3,1,0,0
SYN00069,89,-2,1996,1,6,3,1,0,0
SYN00069,90,-2,1986,0,6,3,1,0,0
SYN00069,91,-2,1986,0,6,3,1,0,0
SYN00069,92,0,1971,1,6,3,1,0,0
SYN00069,93,-3,1951,0,6,3,1,0,0
SYN00069,94,-3,1939,1,6,3,1,0,0
SYN00069,95,-3,1939,1,6,3,1,0,0
SYN00069,96,-5,1919,0,6,3,1,0,0
SYN00069,97,-5,1913,1,6,3,1,0,0
SYN00069,98,-5,1913,1,6,3,1,0,0
SYN00069,99,-7,1908,0,6,3,1,0,0
SYN00069,100,-7,1896,1,6,3,1,0,0
SYN00069,101,-9,1872,0,6,3,1,0,0
SYN00069,102,-7,1849,1,6,3,1,0,0
SYN00069,103,-7,1828,0,6,3,1,0,0
SYN00069,104,-7,1828,0,6,3,1,0,0
SYN00069,105,-5,1808,1,6,3,1,0,0
SYN00069,106,-5,1800,0,6,3,1,0,0
SYN00069,107,-5,1800,0,6,3,1,0,0
SYN00069,108,-5,1795,1,6,3,1,0,0
SYN00069,109,-5,1795,1,6,3,1,0,0
SYN00069,110,-5,1780,0,6,3,1,0,0
SYN00069,111,-5,1763,1,6,3,1,0,0
SYN00069,112,-8,1756,0,6,3,1,0,0
SYN00069,113,-8,1738,1,6,3,1,0,0
SYN00069,114,-8,1738,1,6,3,1,0,0
SYN00069,115,-10,1715,0,6,3,1,0,0
SYN00069,116,-10,1709,1,6,3,1,0,0
SYN00069,117,-10,1709,1,6,3,1,0,0
SYN00069,118,-10,1704,0,6,3,1,0,0
SYN00069,119,-10,1695,1,6,3,1,0,0
SYN00069,120,-10,1695,1,6,3,1,0,0
SYN00069,121,-12,1682,0,6,3,1,0,0
SYN00069,122,-10,1671,1,6,3,1,0,0
SYN00069,123,-12,1665,0,6,3,1,0,0
SYN00069,124,-12,1648,1,6,3,1,0,0
SYN00069,125,-12,1648,1,6,3,1,0,0
SYN00069,126,-12,1635,0,7,3,1,0,0
SYN00069,127,-12,1613,1,7,3,1,0,0
SYN00069,128,-12,1613,1,7,3,1,0,0
SYN00069,129,-15,1604,0,7,3,1,0,0
SYN00069,130,-15,1586,1,7,3,1,0,0
SYN00069,131,-15,1586,1,7,3,1,0,0
SYN00069,132,-17,1569,0,7,3,1,0,0
SYN00069,133,-17,1555,1,7,3,1,0,0
SYN00069,134,-19,1547,0,7,3,1,0,0
SYN00069,135,-19,1530,1,7,3,1,0,0
SYN00069,136,-19,1530,1,7,3,1,0,0
SYN00069,137,-21,1523,0,7,3,1,0,0
SYN00069,138,-21,1501,1,7,4,1,0,0
SYN00069,139,-21,1495,0,7,4,1,0,0
SYN00069,140,-21,1495,0,7,4,1,0,0
SYN00069,141,-21,1471,1,7,4,1,0,0
SYN00069,142,-21,1471,1,7,4,1,0,0
SYN00069,143,-21,1447,0,7,4,1,0,0
SYN00069,144,-21,1440,1,7,4,1,0,0
SYN00069,145,-21,1440,1,7,4,1,0,0
SYN00069,146,-21,1440,0,7,4,1,0,0
SYN00069,147,-21,1440,0,7,4,1,0,0
SYN00069,148,-21,1423,0,7,4,1,0,0
SYN00069,149,-21,1408,1,7,4,1,0,0
SYN00069,150,-21,1408,1,7,4,1,0,0
SYN00069,151,-21,1403,0,7,4,1,0,0
SYN00069,152,-21,1403,0,7,4,1,0,0
SYN00069,153,-18,1386,1,7,4,1,0,0
SYN00069,154,-21,1378,0,7,4,1,0,0
SYN00069,155,-19,1373,1,7,4,1,0,0
SYN00069,156,-19,1368,0,8,4,1,0,0
SYN00069,157,-19,1347,1,8,4,1,0,0
SYN00069,158,-19,1347,1,8,4,1,0,0
SYN00069,159,-21,1332,0,8,4,1,0,0
SYN00069,160,-21,1313,1,8,4,1,0,0
SYN00069,161,-21,1313,1,8,4,1,0,0
SYN00069,162,-21,1291,0,8,4,1,0,0
SYN00069,163,-21,1291,0,8,4,1,0,0
SYN00069,164,-19,1267,1,8,4,1,0,0
SYN00069,165,-19,1243,0,8,4,1,0,0
SYN00069,166,-19,1243,0,8,4,1,0,0
SYN00069,167,-17,1231,1,8,4,1,0,0
SYN00069,168,-19,1213,0,8,4,1,0,0
SYN00069,169,-17,1197,1,8,4,1,0,0
SYN00069,170,-19,1176,0,8,4,1,0,0
SYN00069,171,-19,1171,1,8,4,1,0,0
SYN00069,172,-21,1159,0,8,4,1,0,0
SYN00069,173,-19,1147,1,8,4,1,0,0
SYN00069,174,-21,1140,0,8,4,1,0,0
SYN00069,175,-21,1122,1,8,4,1,0,0
SYN00069,176,-21,1122,1,8,4,1,0,0
SYN00069,177,-23,1112,0,8,4,1,0,0
SYN00069,178,-21,1107,1,8,4,1,0,0
SYN00069,179,-23,1102,0,8,4,1,0,0
SYN00069,180,-23,1092,1,8,5,1,1,0
SYN00069,181,-25,1086,0,8,5,1,1,0
SYN00069,182,-25,1074,1,8,5,1,1,0
SYN00069,183,-25,1074,1,8,5,1,1,0
SYN00069,184,-25,1069,0,8,5,1,1,0
SYN00069,185,-23,1050,1,8,5,1,1,0
SYN00069,186,-23,1036,0,9,5,1,1,0
SYN00069,187,-23,1029,1,9,5,1,1,0
SYN00069,188,-23,1029,1,9,5,1,1,0
SYN00069,189,-23,1008,0,9,5,1,1,0
SYN00069,190,-23,1008,0,9,5,1,1,0
SYN00069,191,-23,989,1,9,6,1,1,0
SYN00069,192,-25,973,0,9,6,1,1,0
SYN00069,193,-25,963,1,9,6,1,1,0
SYN00069,194,-25,955,0,9,6,1,1,0
SYN00069,195,-25,955,0,9,6,1,1,0
SYN00069,196,-23,935,1,9,6,1,1,0
SYN00069,197,-23,919,0,9,6,1,1,0
SYN00069,198,-23,919,0,9,6,1,1,0
SYN00069,199,-21,914,1,9,6,1,1,0
SYN00069,200,-21,902,0,10,6,1,1,0
SYN00069,201,-21,878,1,10,6,1,1,0
SYN00069,202,-21,878,1,10,6,1,1,0
SYN00069,203,-21,873,0,10,6,1,1,0
SYN00069,204,-21,873,0,10,6,1,1,0
SYN00069,205,-21,861,1,10,7,1,1,0
SYN00069,206,-21,843,0,11,7,1,1,0
SYN00069,207,-18,831,1,11,7,1,1,0
SYN00069,208,-18,823,0,11,7,1,1,0
SYN00069,209,-18,823,0,11,7,1,1,0
SYN00069,210,-18,809,1,11,7,1,1,0
SYN00069,211,-18,809,1,11,7,1,1,0
SYN00069,212,-18,793,0,12,7,1,1,0
SYN00069,213,-16,780,1,12,7,1,1,0
SYN00069,214,-16,773,0,12,7,1,1,0
SYN00069,215,-16,773,0,12,7,1,1,0
SYN00069,216,-16,761,1,12,7,1,1,0
SYN00069,217,-16,761,1,12,7,1,1,0
SYN00069,218,-18,751,0,12,7,1,1,0
SYN00069,219,-18,739,1,12,7,1,1,0
SYN00069,220,-18,739,1,12,7,1,1,0
SYN00069,221,-18,721,0,12,7,1,1,0
SYN00069,222,-18,721,0,12,7,1,1,0
SYN00069,223,-16,720,1,12,7,1,1,0
SYN00069,224,-16,720,0,12,7,1,1,0
SYN00069,225,-16,720,0,12,7,1,1,0
SYN00069,226,-18,703,0,12,7,1,1,0
SYN00069,227,-18,695,1,12,7,1,1,0
SYN00069,228,-18,676,0,12,7,1,1,0
SYN00069,229,-18,676,0,12,7,1,1,0
SYN00069,230,-18,659,1,12,7,1,1,0
SYN00069,231,-18,659,1,12,7,1,1,0
SYN00069,232,-20,644,0,12,7,1,1,0
SYN00069,233,-20,620,1,12,7,1,1,0
SYN00069,234,-20,620,1,12,7,1,1,0
SYN00069,235,-23,599,0,12,7,1,1,0
SYN00069,236,-23,587,1,12,7,1,1,0
SYN00069,237,-23,587,1,12,7,1,1,0
SYN00069,238,-23,568,0,12,7,1,1,0
SYN00069,239,-23,568,0,12,7,1,1,0
SYN00069,240,-23,548,1,12,7,1,1,0
SYN00069,241,-23,548,1,12,7,1,1,0
SYN00069,242,-26,532,0,12,7,1,1,0
SYN00069,243,-26,526,1,12,8,1,1,0
SYN00069,244,-28,503,0,12,8,1,1,0
SYN00069,245,-26,486,1,12,8,1,1,0
SYN00069,246,-26,475,0,12,8,1,1,0
SYN00069,247,-26,475,0,12,8,1,1,0
SYN00069,248,-24,464,1,12,8,1,1,0
SYN00069,249,-24,446,0,12,8,1,1,0
SYN00069,250,-24,446,0,12,8,1,1,0
SYN00069,251,-22,422,1,12,8,1,1,0
SYN00069,252,-22,410,0,12,8,1,1,0
SYN00069,253,-22,410,0,12,8,1,1,0
SYN00069,254,-22,405,1,12,8,1,1,0
SYN00069,255,-22,405,1,12,8,1,1,0
SYN00069,256,-22,383,0,12,8,1,1,0
SYN00069,257,-22,383,0,12,8,1,1,0
SYN00069,258,-22,360,1,12,8,1,1,0
SYN00069,259,-22,360,1,12,8,1,1,0
SYN00069,260,-22,353,0,12,8,1,1,0
SYN00069,261,-22,353,0,12,8,1,1,0
SYN00069,262,-20,335,1,12,8,1,1,0
SYN00069,263,-20,326,0,13,8,1,1,0
SYN00069,264,-17,306,1,13,8,1,1,0
SYN00069,265,-19,287,0,13,8,1,1,0
SYN00069,266,-19,271,1,13,8,1,1,0
SYN00069,267,-19,271,1,13,8,1,1,0
SYN00069,268,-19,254,0,14,8,1,1,0
SYN00069,269,-19,231,1,14,8,1,1,0
SYN00069,270,-19,231,1,14,8,1,1,0
SYN00069,271,-22,215,0,14,8,1,1,0
SYN00069,272,-22,209,1,14,8,1,1,0
SYN00069,273,-22,209,1,14,8,1,1,0
SYN00069,274,-24,191,0,14,8,1,1,0
SYN00069,275,-22,179,1,14,8,1,1,0
SYN00069,276,-22,174,0,14,8,1,1,0
SYN00069,277,-22,174,0,14,8,1,1,0
SYN00069,278,-19,154,1,14,8,1,1,0
SYN00069,279,-19,134,0,14,8,1,1,0
SYN00069,280,-17,125,1,14,8,1,1,0
SYN00069,281,-19,113,0,14,8,1,1,0
SYN00069,282,-19,102,1,14,9,1,1,0
SYN00069,283,-21,86,0,14,9,1,1,0
SYN00069,284,-21,79,1,14,9,1,1,0
SYN00069,285,-21,58,0,14,9,1,1,0
SYN00069,286,-21,58,0,14,9,1,1,0
SYN00069,287,-19,38,1,14,9,1,1,0
SYN00069,288,-19,18,0,14,9,1,1,0
SYN00069,289,-19,18,0,14,9,1,1,0
SYN00069,290,-19,10,1,14,9,1,1,0
SYN00069,291,-19,10,1,14,9,1,1,0
SYN00069,292,-21,4,0,14,9,1,1,0
SYN00069,293,-21,0,1,14,9,1,1,0
SYN00069,294,-21,0,0,14,9,1,1,0
SYN00070,1,0,2880,0,0,0,0,0,0
SYN00070,2,-2,2871,0,0,0,0,0,0
SYN00070,3,-2,2856,1,0,0,0,0,0
SYN00070,4,-2,2856,1,0,0,0,0,0
SYN00070,5,-4,2841,0,0,0,0,0,0
SYN00070,6,-4,2825,1,0,0,0,0,0
SYN00070,7,-4,2825,1,0,0,0,0,0
SYN00070,8,-4,2811,0,0,0,0,0,0
SYN00070,9,-4,2811,0,0,0,0,0,0
SYN00070,10,-4,2787,1,0,0,0,0,0
SYN00070,11,-4,2787,1,0,0,0,0,0
SYN00070,12,-6,2770,0,0,0,0,0,0
SYN00070,13,-4,2749,1,0,0,0,0,0
SYN00070,14,-4,2740,0,1,0,0,0,0
SYN00070,15,-4,2729,1,1,0,0,0,0
SYN00070,16,-4,2729,1,1,0,0,0,0
SYN00070,17,-4,2716,0,1,0,0,0,0
SYN00070,18,-4,2716,0,1,0,0,0,0
SYN00070,19,-2,2701,1,1,0,0,0,0
SYN00070,20,-2,2694,0,1,0,0,0,0
SYN00070,21,-2,2694,0,1,0,0,0,0
SYN00070,22,-2,2681,1,1,0,0,0,0
SYN00070,23,-4,2676,0,1,0,0,0,0
SYN00070,24,-4,2655,1,1,0,0,0,0
SYN00070,25,-4,2655,1,1,0,0,0,0
SYN00070,26,-4,2633,0,1,0,0,0,0
SYN00070,27,-4,2623,1,1,0,0,0,0
SYN00070,28,-4,2623,1,1,0,0,0,0
SYN00070,29,-4,2612,0,1,0,0,0,0
SYN00070,30,-4,2612,0,1,0,0,0,0
SYN00070,31,-2,2590,1,1,0,0,0,0
SYN00070,32,-2,2575,0,1,0,0,0,0
SYN00070,33,-2,2575,0,1,0,0,0,0
SYN00070,34,-2,2564,1,1,0,0,0,0
SYN00070,35,-2,2564,1,1,0,0,0,0
SYN00070,36,-2,2546,0,1,0,0,0,0
SYN00070,37,-2,2546,0,1,0,0,0,0
SYN00070,38,-2,2541,1,1,0,0,0,0
SYN00070,39,-2,2541,1,1,0,0,0,0
SYN00070,40,-4,2519,0,1,0,0,0,0
SYN00070,41,-4,2502,1,1,0,0,0,0
SYN00070,42,-4,2502,1,1,0,0,0,0
SYN00070,43,-4,2490,0,2,0,0,0,0
SYN00070,44,-4,2473,1,2,1,0,0,0
SYN00070,45,-6,2463,0,2,1,0,0,0
SYN00070,46,-3,2444,1,2,1,0,0,0
SYN00070,47,-3,2424,0,2,1,0,0,0
SYN00070,48,-3,2424,0,2,1,0,0,0
SYN00070,49,0,2402,1,2,1,0,0,0
SYN00070,50,0,2397,0,2,1,0,0,0
SYN00070,51,0,2375,1,2,1,0,0,0
SYN00070,52,-2,2354,0,2,1,0,0,0
SYN00070,53,1,2343,1,2,1,0,0,0
SYN00070,54,-1,2326,0,2,1,0,0,0
SYN00070,55,1,2313,1,2,1,0,0,0
SYN00070,56,-2,2302,0,2,1,0,0,0
SYN00070,57,-2,2278,1,2,1,0,0,0
SYN00070,58,-2,2278,1,2,1,0,0,0
SYN00070,59,-2,2261,0,2,1,0,0,0
SYN00070,60,0,2242,1,2,1,0,0,0
SYN00070,61,0,2219,0,2,1,0,0,0
SYN00070,62,0,2219,0,2,1,0,0,0
SYN00070,63,0,2209,1,2,1,0,0,0
SYN00070,64,0,2209,1,2,1,0,0,0
SYN00070,65,-2,2203,0,2,1,0,0,0
SYN00070,66,-2,2190,1,2,2,0,0,0
SYN00070,67,-5,2172,0,2,2,0,0,0
SYN00070,68,-5,2160,1,2,2,0,0,0
SYN00070,69,-5,2160,0,2,2,0,0,0
SYN00070,70,-5,2160,0,2,2,0,0,0
SYN00070,71,-5,2137,0,2,2,0,0,0
SYN00070,72,-5,2137,0,2,2,0,0,0
SYN00070,73,-2,2130,1,2,2,0,0,0
SYN00070,74,-2,2114,0,2,2,0,0,0
SYN00070,75,-2,2114,0,2,2,0,0,0
SYN00070,76,-2,2091,1,2,2,0,0,0
SYN00070,77,-2,2091,1,2,2,0,0,0
SYN00070,78,-4,2083,0,2,2,0,0,0
SYN00070,79,-4,2059,1,2,2,0,0,0
SYN00070,80,-4,2059,1,2,2,0,0,0
SYN00070,81,-4,2039,0,2,2,0,0,0
SYN00070,82,-4,2039,0,2,2,0,0,0
SYN00070,83,-2,2030,1,2,2,0,0,0
SYN00070,84,-2,2015,0,3,2,0,0,0
SYN00070,85,-2,1994,1,3,2,0,0,0
SYN00070,86,-2,1994,1,3,2,0,0,0
SYN00070,87,-4,1974,0,3,2,0,0,0
SYN00070,88,-4,1952,1,3,3,0,0,0
SYN00070,89,-4,1940,0,4,3,0,0,0
SYN00070,90,-4,1917,1,4,3,0,0,0
SYN00070,91,-4,1917,1,4,3,0,0,0
SYN00070,92,-7,1905,0,4,3,0,0,0
SYN00070,93,-4,1893,1,4,3,0,0,0
SYN00070,94,-6,1888,0,4,3,0,0,0
SYN00070,95,-3,1867,1,4,3,0,0,0
SYN00070,96,-3,1845,0,4,3,0,0,0
SYN00070,97,-3,1845,0,4,3,0,0,0
SYN00070,98,-3,1839,1,4,3,0,0,0
SYN00070,99,-3,1839,1,4,3,0,0,0
SYN00070,100,-3,1817,0,4,3,0,0,0
SYN00070,101,-3,1817,0,4,3,0,0,0
SYN00070,102,0,1795,1,4,3,0,0,0
SYN00070,103,0,1772,0,4,3,0,0,0
SYN00070,104,0,1762,1,4,3,0,0,0
SYN00070,105,0,1762,1,4,3,0,0,0
SYN00070,106,-3,1748,0,4,3,0,0,0
SYN00070,107,-3,1739,1,4,3,0,0,0
SYN00070,108,-3,1739,1,4,3,0,0,0
SYN00070,109,-3,1727,0,4,3,0,0,0
SYN00070,110,-3,1727,0,4,3,0,0,0
SYN00070,111,-3,1703,1,4,3,0,0,0
SYN00070,112,-3,1703,1,4,3,0,0,0
SYN00070,113,-3,1684,0,4,3,0,0,0
SYN00070,114,-1,1660,1,4,3,0,0,0
SYN00070,115,-1,1648,0,4,3,0,0,0
SYN00070,116,-1,1648,0,4,3,0,0,0
SYN00070,117,-1,1640,1,4,3,0,0,0
SYN00070,118,-1,1640,1,4,3,0,0,0
SYN00070,119,-1,1619,0,4,3,0,0,0
SYN00070,120,-1,1619,0,4,3,0,0,0
SYN00070,121,-1,1596,1,4,3,0,0,0
SYN00070,122,-1,1596,1,4,3,0,0,0
SYN00070,123,-3,1577,0,4,3,0,0,0
SYN00070,124,0,1570,1,4,3,0,0,0
SYN00070,125,-2,1551,0,4,3,0,0,0
SYN00070,126,-2,1542,1,4,3,0,0,0
SYN00070,127,-2,1542,1,4,3,0,0,0
SYN00070,128,-4,1529,0,4,3,0,0,0
SYN00070,129,-4,1513,1,4,3,0,0,0
SYN00070,130,-4,1513,1,4,3,0,0,0
SYN00070,131,-7,1496,0,4,3,0,0,0
SYN00070,132,-7,1490,1,4,3,0,0,0
SYN00070,133,-7,1490,1,4,3,0,0,0
SYN00070,134,-7,1475,0,5,3,1,0,0
SYN00070,135,-7,1465,1,5,3,1,0,0
SYN00070,136,-7,1465,1,5,3,1,0,0
SYN00070,137,-7,1450,0,5,3,1,0,0
SYN00070,138,-7,1450,0,5,3,1,0,0
SYN00070,139,-7,1442,1,5,4,1,0,0
SYN00070,140,-7,1440,0,5,4,1,0,0
SYN00070,141,-7,1440,1,5,4,1,0,0
SYN00070,142,-7,1440,1,5,4,1,0,0
SYN00070,143,-7,1424,1,5,5,1,1,0
SYN00070,144,-7,1414,0,5,5,1,1,0
SYN00070,145,-5,1399,1,5,5,1,1,0
SYN00070,146,-7,1391,0,5,5,1,1,0
SYN00070,147,-7,1385,1,5,5,1,1,0
SYN00070,148,-7,1385,1,5,5,1,1,0
SYN00070,149,-7,1379,0,5,5,1,1,0
SYN00070,150,-5,1366,1,5,5,1,1,0
SYN00070,151,-5,1348,0,6,5,1,1,0
SYN00070,152,-3,1334,1,6,5,1,1,0
SYN00070,153,-5,1314,0,6,5,1,1,0
SYN00070,154,-3,1292,1,6,5,1,1,0
SYN00070,155,-6,1278,0,6,5,1,1,0
SYN00070,156,-6,1255,1,6,5,1,1,0
SYN00070,157,-6,1255,1,6,5,1,1,0
SYN00070,158,-8,1233,0,6,5,1,1,0
SYN00070,159,-8,1223,1,6,5,1,1,0
SYN00070,160,-10,1217,0,6,5,1,1,0
SYN00070,161,-8,1193,1,6,5,1,1,0
SYN00070,162,-8,1173,0,6,5,1,1,0
SYN00070,163,-8,1173,0,6,5,1,1,0
SYN00070,164,-5,1167,1,6,5,1,1,0
SYN00070,165,-5,1150,0,6,5,1,1,0
SYN00070,166,-5,1150,0,6,5,1,1,0
SYN00070,167,-5,1126,1,6,6,1,1,0
SYN00070,168,-5,1113,0,7,6,1,1,0
SYN00070,169,-5,1107,1,7,6,1,1,0
SYN00070,170,-5,1107,1,7,6,1,1,0
SYN00070,171,-7,1086,0,7,6,1,1,0
SYN00070,172,-7,1067,1,7,6,1,1,0
SYN00070,173,-7,1067,1,7,6,1,1,0
SYN00070,174,-9,1055,0,7,6,1,1,0
SYN00070,175,-9,1032,1,7,7,1,1,0
SYN00070,176,-9,1019,0,7,7,1,1,0
SYN00070,177,-9,1019,0,7,7,1,1,0
SYN00070,178,-9,996,1,7,7,1,1,0
SYN00070,179,-9,996,1,7,7,1,1,0
SYN00070,180,-9,980,0,8,7,1,1,0
SYN00070,181,-7,961,1,8,7,1,1,0
SYN00070,182,-7,938,0,8,7,1,1,0
SYN00070,183,-7,938,0,8,7,1,1,0
SYN00070,184,-5,927,1,8,7,1,1,0
SYN00070,185,-5,911,0,8,7,1,1,0
SYN00070,186,-5,911,0,8,7,1,1,0
SYN00070,187,-3,889,1,8,7,1,1,0
SYN00070,188,-3,881,0,8,7,1,1,0
SYN00070,189,-3,862,1,8,7,1,1,0
SYN00070,190,-3,841,0,8,7,1,1,0
SYN00070,191,-3,841,0,8,7,1,1,0
SYN00070,192,-3,821,1,8,7,1,1,0
SYN00070,193,-3,821,1,8,7,1,1,0
SYN00070,194,-3,812,0,8,7,1,1,0
SYN00070,195,-3,812,0,8,7,1,1,0
SYN00070,196,-1,788,1,8,7,1,1,0
SYN00070,197,-1,773,0,9,7,1,1,0
SYN00070,198,-1,752,1,9,8,1,1,0
SYN00070,199,-1,741,0,9,8,1,1,0
SYN00070,200,1,733,1,9,8,1,1,0
SYN00070,201,-1,720,0,9,8,1,1,0
SYN00070,202,-1,720,1,9,8,1,1,0
SYN00070,203,-1,720,1,9,8,1,1,0
SYN00070,204,1,715,1,9,8,1,1,0
SYN00070,205,1,707,0,9,8,1,1,0
SYN00070,206,1,707,0,9,8,1,1,0
SYN00070,207,3,687,1,9,8,1,1,0
SYN00070,208,1,668,0,9,8,1,1,0
SYN00070,209,1,655,1,9,8,1,1,0
SYN00070,210,1,655,1,9,8,1,1,0
SYN00070,211,1,646,0,9,8,1,1,0
SYN00070,212,1,625,1,9,9,1,1,0
SYN00070,213,1,601,0,10,9,1,1,0
SYN00070,214,3,581,1,10,9,1,1,0
SYN00070,215,3,569,0,11,9,1,1,0
SYN00070,216,3,550,1,11,9,1,1,0
SYN00070,217,3,550,1,11,9,1,1,0
SYN00070,218,3,533,0,12,9,1,1,0
SYN00070,219,3,525,1,12,9,1,1,0
SYN00070,220,3,525,1,12,9,1,1,0
SYN00070,221,3,514,0,12,9,1,1,0
SYN00070,222,3,514,0,12,9,1,1,0
SYN00070,223,5,490,1,12,9,1,1,0
SYN00070,224,5,473,0,12,9,1,1,0
SYN00070,225,5,458,1,12,9,1,1,0
SYN00070,226,5,458,1,12,9,1,1,0
SYN00070,227,3,440,0,12,9,1,1,0
SYN00070,228,6,432,1,12,9,1,1,0
SYN00070,229,6,412,0,13,9,1,1,0
SYN00070,230,6,402,1,13,10,1,1,0
SYN00070,231,4,383,0,13,10,1,1,0
SYN00070,232,4,362,1,13,10,1,1,0
SYN00070,233,4,362,1,13,10,1,1,0
SYN00070,234,2,350,0,13,10,1,1,0
SYN00070,235,4,332,1,13,10,1,1,0
SYN00070,236,1,321,0,13,10,1,1,0
SYN00070,237,3,312,1,13,10,1,1,0
SYN00070,238,3,302,0,13,10,1,1,0
SYN00070,239,3,302,0,13,10,1,1,0
SYN00070,240,5,296,1,13,10,1,1,0
SYN00070,241,3,281,0,13,10,1,1,0
SYN00070,242,3,257,1,13,10,1,1,0
SYN00070,243,3,257,1,13,10,1,1,0
SYN00070,244,1,236,0,13,10,1,1,0
SYN00070,245,1,218,1,13,10,1,1,0
SYN00070,246,1,218,1,13,10,1,1,0
SYN00070,247,1,202,0,13,10,1,1,0
SYN00070,248,1,202,0,13,10,1,1,0
SYN00070,249,1,194,1,13,10,1,1,0
SYN00070,250,1,194,1,13,10,1,1,0
SYN00070,251,-1,184,0,13,10,1,1,0
SYN00070,252,-1,162,1,13,10,1,1,0
SYN00070,253,-1,162,1,13,10,1,1,0
SYN00070,254,-4,152,0,13,10,1,1,0
SYN00070,255,-4,134,1,13,10,1,1,0
SYN00070,256,-4,134,1,13,10,1,1,0
SYN00070,257,-4,126,0,13,10,1,1,0
SYN00070,258,-4,119,1,13,10,1,1,0
SYN00070,259,-4,119,1,13,10,1,1,0
SYN00070,260,-4,112,0,13,10,1,1,0
SYN00070,261,-4,112,0,13,10,1,1,0
SYN00070,262,-1,104,1,13,10,1,1,0
SYN00070,263,-1,93,0,13,10,1,1,0
SYN00070,264,-1,93,0,13,10,1,1,0
SYN00070,265,-1,70,1,13,11,1,1,0
SYN00070,266,-4,56,0,13,11,1,1,0
SYN00070,267,-4,47,1,13,11,1,1,0
SYN00070,268,-4,47,1,13,11,1,1,0
SYN00070,269,-4,37,0,13,11,1,1,0
SYN00070,270,-4,37,0,13,11,1,1,0
SYN00070,271,-1,32,1,13,11,1,1,0
SYN00070,272,-3,20,0,13,11,1,1,0
SYN00070,273,-3,7,1,13,12,1,1,0
SYN00070,274,-5,0,0,13,12,1,1,0
SYN00070,275,-5,0,1,13,12,1,1,0
SYN00071,1,0,2880,0,0,0,0,0,0
SYN00071,2,-2,2867,0,0,0,0,0,0
SYN00071,3,-2,2861,1,0,1,0,0,0
SYN00071,4,-4,2837,0,0,1,0,0,0
SYN00071,5,-4,2826,1,0,1,0,0,0
SYN00071,6,-4,2826,1,0,1,0,0,0
SYN00071,7,-6,2808,0,0,1,0,0,0
SYN00071,8,-6,2784,1,0,1,0,0,0
SYN00071,9,-6,2784,1,0,1,0,0,0
SYN00071,10,-8,2766,0,0,1,0,0,0
SYN00071,11,-8,2757,1,0,1,0,0,0
SYN00071,12,-8,2757,1,0,1,0,0,0
SYN00071,13,-8,2746,0,0,1,0,0,0
SYN00071,14,-8,2746,0,0,1,0,0,0
SYN00071,15,-8,2741,1,0,1,0,0,0
SYN00071,16,-8,2741,1,0,1,0,0,0
SYN00071,17,-10,2730,0,0,1,0,0,0
SYN00071,18,-7,2706,1,0,1,0,0,0
SYN00071,19,-9,2683,0,0,1,0,0,0
SYN00071,20,-7,2659,1,0,1,0,0,0
SYN00071,21,-7,2638,0,0,1,0,0,0
SYN00071,22,-7,2628,1,0,1,0,0,0
SYN00071,23,-7,2628,1,0,1,0,0,0
SYN00071,24,-10,2618,0,0,1,0,0,0
SYN00071,25,-10,2601,1,0,2,0,0,0
SYN00071,26,-10,2593,0,0,2,0,0,0
SYN00071,27,-10,2593,0,0,2,0,0,0
SYN00071,28,-10,2569,1,0,2,0,0,0
SYN00071,29,-12,2552,0,0,2,0,0,0
SYN00071,30,-12,2545,1,0,2,0,0,0
SYN00071,31,-12,2545,1,0,2,0,0,0
SYN00071,32,-14,2529,0,0,2,0,0,0
SYN00071,33,-14,2514,1,0,2,0,0,0
SYN00071,34,-14,2514,1,0,2,0,0,0
SYN00071,35,-14,2501,0,1,2,0,0,0
SYN00071,36,-12,2480,1,1,2,0,0,0
SYN00071,37,-12,2472,0,1,2,0,0,0
SYN00071,38,-9,2461,1,1,2,0,0,0
SYN00071,39,-11,2448,0,1,2,0,0,0
SYN00071,40,-11,2441,1,1,2,0,0,0
SYN00071,41,-11,2441,1,1,2,0,0,0
SYN00071,42,-13,2436,0,1,2,0,0,0
SYN00071,43,-13,2423,1,1,2,0,0,0
SYN00071,44,-13,2423,1,1,2,0,0,0
SYN00071,45,-15,2403,0,1,2,0,0,0
SYN00071,46,-13,2387,1,1,2,0,0,0
SYN00071,47,-16,2374,0,1,2,0,0,0
SYN00071,48,-16,2365,1,1,2,0,0,0
SYN00071,49,-16,2365,1,1,2,0,0,0
SYN00071,50,-16,2351,0,1,2,0,0,0
SYN00071,51,-16,2351,0,1,2,0,0,0
SYN00071,52,-14,2330,1,1,2,0,0,0
SYN00071,53,-14,2311,0,2,2,0,0,0
SYN00071,54,-14,2296,1,2,2,0,0,0
SYN00071,55,-14,2296,1,2,2,0,0,0
SYN00071,56,-14,2275,0,2,2,0,0,0
SYN00071,57,-14,2275,0,2,2,0,0,0
SYN00071,58,-14,2252,1,2,2,0,0,0
SYN00071,59,-14,2252,1,2,2,0,0,0
SYN00071,60,-14,2244,0,2,2,0,0,0
SYN00071,61,-14,2228,1,2,3,0,0,0
SYN00071,62,-17,2208,0,2,3,0,0,0
SYN00071,63,-17,2184,1,2,3,0,0,0
SYN00071,64,-17,2184,1,2,3,0,0,0
SYN00071,65,-17,2173,0,2,3,0,0,0
SYN00071,66,-17,2173,0,2,3,0,0,0
SYN00071,67,-17,2160,1,2,3,0,0,0
SYN00071,68,-17,2160,1,2,3,0,0,0
SYN00071,69,-17,2160,0,2,3,0,0,0
SYN00071,70,-17,2160,0,2,3,0,0,0
SYN00071,71,-17,2154,0,2,3,0,0,0
SYN00071,72,-17,2154,0,2,3,0,0,0
SYN00071,73,-17,2141,1,2,3,0,0,0
SYN00071,74,-17,2141,1,2,3,0,0,0
SYN00071,75,-20,2133,0,2,3,0,0,0
SYN00071,76,-20,2121,1,2,3,0,0,0
SYN00071,77,-20,2121,1,2,3,0,0,0
SYN00071,78,-20,2105,0,3,3,0,0,0
SYN00071,79,-18,2087,1,3,3,0,0,0
SYN00071,80,-18,2075,0,3,3,0,0,0
SYN00071,81,-18,2075,0,3,3,0,0,0
SYN00071,82,-18,2065,1,3,4,0,0,0
SYN00071,83,-18,2058,0,3,4,0,0,0
SYN00071,84,-18,2058,0,3,4,0,0,0
SYN00071,85,-18,2044,1,3,4,0,0,0
SYN00071,86,-18,2044,1,3,4,0,0,0
SYN00071,87,-20,2031,0,3,4,0,0,0
SYN00071,88,-20,2007,1,3,4,0,0,0
SYN00071,89,-20,2007,1,3,4,0,0,0
SYN00071,90,-23,1999,0,3,4,0,0,0
SYN00071,91,-20,1980,1,3,4,0,0,0
SYN00071,92,-20,1973,0,3,4,0,0,0
SYN00071,93,-20,1973,0,3,4,0,0,0
SYN00071,94,-20,1954,1,3,4,0,0,0
SYN00071,95,-20,1954,1,3,4,0,0,0
SYN00071,96,-20,1948,0,4,4,0,0,0
SYN00071,97,-20,1936,1,4,4,0,0,0
SYN00071,98,-20,1931,0,4,4,0,0,0
SYN00071,99,-20,1931,0,4,4,0,0,0
SYN00071,100,-20,1916,1,4,4,0,0,0
SYN00071,101,-20,1896,0,4,4,0,0,0
SYN00071,102,-20,1896,0,4,4,0,0,0
SYN00071,103,-20,1889,1,4,4,0,0,0
SYN00071,104,-20,1889,1,4,4,0,0,0
SYN00071,105,-22,1883,0,4,4,0,0,0
SYN00071,106,-19,1871,1,4,4,0,0,0
SYN00071,107,-19,1848,0,4,4,0,0,0
SYN00071,108,-19,1832,1,4,4,0,0,0
SYN00071,109,-19,1832,1,4,4,0,0,0
SYN00071,110,-19,1813,0,5,4,1,0,0
SYN00071,111,-19,1801,1,5,5,1,1,0
SYN00071,112,-21,1780,0,5,5,1,1,0
SYN00071,113,-18,1759,1,5,5,1,1,0
SYN00071,114,-18,1753,0,5,5,1,1,0
SYN00071,115,-18,1753,0,5,5,1,1,0
SYN00071,116,-15,1740,1,5,5,1,1,0
SYN00071,117,-17,1724,0,5,5,1,1,0
SYN00071,118,-14,1718,1,5,5,1,1,0
SYN00071,119,-14,1705,0,5,5,1,1,0
SYN00071,120,-14,1692,1,5,5,1,1,0
SYN00071,121,-14,1692,1,5,5,1,1,0
SYN00071,122,-14,1680,0,5,5,1,1,0
SYN00071,123,-14,1664,1,5,5,1,1,0
SYN00071,124,-14,1664,1,5,5,1,1,0
SYN00071,125,-14,1659,0,6,5,1,1,0
SYN00071,126,-14,1636,1,6,6,1,1,0
SYN00071,127,-14,1629,0,6,6,1,1,0
SYN00071,128,-12,1606,1,6,6,1,1,0
SYN00071,129,-12,1592,0,6,6,1,1,0
SYN00071,130,-12,1592,0,6,6,1,1,0
SYN00071,131,-12,1579,1,6,6,1,1,0
SYN00071,132,-12,1579,1,6,6,1,1,0
SYN00071,133,-12,1557,0,6,6,1,1,0
SYN00071,134,-12,1557,0,6,6,1,1,0
SYN00071,135,-12,1538,1,6,6,1,1,0
SYN00071,136,-12,1538,1,6,6,1,1,0
SYN00071,137,-12,1522,0,7,6,1,1,0
SYN00071,138,-12,1501,1,7,6,1,1,0
SYN00071,139,-12,1501,1,7,6,1,1,0
SYN00071,140,-12,1478,0,7,6,1,1,0
SYN00071,141,-12,1478,0,7,6,1,1,0
SYN00071,142,-10,1465,1,7,6,1,1,0
SYN00071,143,-10,1460,0,8,6,1,1,0
SYN00071,144,-10,1441,1,8,6,1,1,0
SYN00071,145,-10,1441,1,8,6,1,1,0
SYN00071,146,-12,1440,0,8,6,1,1,0
SYN00071,147,-12,1440,1,8,6,1,1,0
SYN00071,148,-12,1440,1,8,6,1,1,0
SYN00071,149,-12,1430,1,8,6,1,1,0
SYN00071,150,-12,1430,1,8,6,1,1,0
SYN00071,151,-14,1420,0,8,6,1,1,0
SYN00071,152,-12,1399,1,8,6,1,1,0
SYN00071,153,-12,1390,0,8,6,1,1,0
SYN00071,154,-12,1390,0,8,6,1,1,0
SYN00071,155,-10,1368,1,8,6,1,1,0
SYN00071,156,-10,1348,0,8,6,1,1,0
SYN00071,157,-10,1348,0,8,6,1,1,0
SYN00071,158,-10,1326,1,8,6,1,1,0
SYN00071,159,-10,1326,1,8,6,1,1,0
SYN00071,160,-10,1313,0,8,6,1,1,0
SYN00071,161,-10,1313,0,8,6,1,1,0
SYN00071,162,-10,1292,1,8,7,1,1,0
SYN00071,163,-13,1280,0,8,7,1,1,0
SYN00071,164,-13,1272,1,8,7,1,1,0
SYN00071,165,-13,1272,1,8,7,1,1,0
SYN00071,166,-15,1263,0,8,7,1,1,0
SYN00071,167,-13,1242,1,8,7,1,1,0
SYN00071,168,-13,1231,0,8,7,1,1,0
SYN00071,169,-13,1231,0,8,7,1,1,0
SYN00071,170,-13,1213,1,8,7,1,1,0
SYN00071,171,-13,1191,0,8,7,1,1,0
SYN00071,172,-13,1191,0,8,7,1,1,0
SYN00071,173,-13,1169,1,8,7,1,1,0
SYN00071,174,-13,1169,1,8,7,1,1,0
SYN00071,175,-13,1160,0,9,7,1,1,0
SYN00071,176,-10,1150,1,9,7,1,1,0
SYN00071,177,-12,1143,0,9,7,1,1,0
SYN00071,178,-12,1137,1,9,7,1,1,0
SYN00071,179,-12,1137,1,9,7,1,1,0
SYN00071,180,-15,1123,0,9,7,1,1,0
SYN00071,181,-13,1102,1,9,7,1,1,0
SYN00071,182,-13,1094,0,9,7,1,1,0
SYN00071,183,-13,1094,0,9,7,1,1,0
SYN00071,184,-13,1075,1,9,7,1,1,0
SYN00071,185,-13,1066,0,10,7,1,1,0
SYN00071,186,-13,1054,1,10,8,1,1,0
SYN00071,187,-13,1045,0,10,8,1,1,0
SYN00071,188,-13,1045,0,10,8,1,1,0
SYN00071,189,-13,1023,1,10,8,1,1,0
SYN00071,190,-13,1023,1,10,8,1,1,0
SYN00071,191,-13,1014,0,10,8,1,1,0
SYN00071,192,-13,1014,0,10,8,1,1,0
SYN00071,193,-11,1001,1,10,8,1,1,0
SYN00071,194,-11,993,0,11,8,1,1,0
SYN00071,195,-9,985,1,11,8,1,1,0
SYN00071,196,-12,971,0,11,8,1,1,0
SYN00071,197,-10,951,1,11,8,1,1,0
SYN00071,198,-10,937,0,11,8,1,1,0
SYN00071,199,-10,937,0,11,8,1,1,0
SYN00071,200,-8,929,1,11,8,1,1,0
SYN00071,201,-8,918,0,12,8,1,1,0
SYN00071,202,-8,895,1,12,9,1,1,0
SYN00071,203,-10,887,0,12,9,1,1,0
SYN00071,204,-10,878,1,12,10,1,1,0
SYN00071,205,-12,871,0,12,10,1,1,0
SYN00071,206,-10,849,1,12,10,1,1,0
SYN00071,207,-12,829,0,12,10,1,1,0
SYN00071,208,-10,818,1,12,10,1,1,0
SYN00071,209,-10,808,0,12,10,1,1,0
SYN00071,210,-10,808,0,12,10,1,1,0
SYN00071,211,-10,799,1,12,11,1,1,0
SYN00071,212,-13,787,0,12,11,1,1,0
SYN00071,213,-11,766,1,12,11,1,1,0
SYN00071,214,-11,751,0,12,11,1,1,0
SYN00071,215,-11,751,0,12,11,1,1,0
SYN00071,216,-11,739,1,12,12,1,1,0
SYN00071,217,-11,730,0,13,12,1,1,0
SYN00071,218,-9,720,1,13,12,1,1,0
SYN00071,219,-9,720,0,13,12,1,1,0
SYN00071,220,-9,720,0,13,12,1,1,0
SYN00071,221,-11,715,0,13,12,1,1,0
SYN00071,222,-9,701,1,13,12,1,1,0
SYN00071,223,-9,680,0,13,12,1,1,0
SYN00071,224,-9,680,0,13,12,1,1,0
SYN00071,225,-6,657,1,13,12,1,1,0
SYN00071,226,-8,638,0,13,12,1,1,0
SYN00071,227,-6,623,1,13,12,1,1,0
SYN00071,228,-9,601,0,13,12,1,1,0
SYN00071,229,-9,595,1,13,13,1,1,0
SYN00071,230,-12,576,0,13,13,1,1,0
SYN00071,231,-12,555,1,13,13,1,1,0
SYN00071,232,-12,555,1,13,13,1,1,0
SYN00071,233,-12,549,0,14,13,1,1,0
SYN00071,234,-10,544,1,14,13,1,1,0
SYN00071,235,-12,536,0,14,13,1,1,0
SYN00071,236,-10,518,1,14,13,1,1,0
SYN00071,237,-10,512,0,15,13,1,1,0
SYN00071,238,-10,505,1,15,14,1,1,0
SYN00071,239,-10,487,0,15,14,1,1,0
SYN00071,240,-10,487,0,15,14,1,1,0
SYN00071,241,-10,480,1,15,14,1,1,0
SYN00071,242,-10,480,1,15,14,1,1,0
SYN00071,243,-10,464,0,15,14,1,1,0
SYN00071,244,-10,464,0,15,14,1,1,0
SYN00071,245,-10,448,1,15,14,1,1,0
SYN00071,246,-10,448,1,15,14,1,1,0
SYN00071,247,-12,442,0,15,14,1,1,0
SYN00071,248,-12,433,1,15,14,1,1,0
SYN00071,249,-12,433,1,15,14,1,1,0
SYN00071,250,-12,412,0,15,14,1,1,0
SYN00071,251,-12,412,0,15,14,1,1,0
SYN00071,252,-12,390,1,15,14,1,1,0
SYN00071,253,-12,390,1,15,14,1,1,0
SYN00071,254,-14,366,0,15,14,1,1,0
SYN00071,255,-14,351,1,15,14,1,1,0
SYN00071,256,-17,330,0,15,14,1,1,0
SYN00071,257,-17,309,1,15,15,1,1,0
SYN00071,258,-17,295,0,15,15,1,1,0
SYN00071,259,-17,295,0,15,15,1,1,0
SYN00071,260,-14,289,1,15,15,1,1,0
SYN00071,261,-14,270,0,15,15,1,1,0
SYN00071,262,-14,270,0,15,15,1,1,0
SYN00071,263,-14,261,1,15,16,1,1,0
SYN00071,264,-16,254,0,15,16,1,1,0
SYN00071,265,-16,242,1,15,16,1,1,0
SYN00071,266,-16,242,1,15,16,1,1,0
SYN00071,267,-16,236,0,15,16,1,1,0
SYN00071,268,-16,236,0,15,16,1,1,0
SYN00071,269,-16,222,1,15,16,1,1,0
SYN00071,270,-16,222,1,15,16,1,1,0
SYN00071,271,-18,209,0,15,16,1,1,0
SYN00071,272,-18,194,1,15,17,1,1,0
SYN00071,273,-18,189,0,16,17,1,1,0
SYN00071,274,-18,178,1,16,17,1,1,0
SYN00071,275,-18,178,1,16,17,1,1,0
SYN00071,276,-20,168,0,16,17,1,1,0
SYN00071,277,-20,145,1,16,18,1,1,0
SYN00071,278,-22,134,0,16,18,1,1,0
SYN00071,279,-22,127,1,16,19,1,1,0
SYN00071,280,-25,103,0,16,19,1,1,0
SYN00071,281,-25,95,1,16,19,1,1,0
SYN00071,282,-25,95,1,16,19,1,1,0
SYN00071,283,-25,78,0,16,19,1,1,0
SYN00071,284,-23,72,1,16,19,1,1,0
SYN00071,285,-23,59,0,16,19,1,1,0
SYN00071,286,-23,59,0,16,19,1,1,0
SYN00071,287,-21,41,1,16,19,1,1,0
SYN00071,288,-21,31,0,17,19,1,1,0
SYN00071,289,-21,23,1,17,19,1,1,0
SYN00071,290,-21,23,1,17,19,1,1,0
SYN00071,291,-21,11,0,18,19,1,1,0
SYN00071,292,-19,0,1,18,19,1,1,0
SYN00071,293,-19,0,0,18,19,1,1,0
SYN00072,1,0,2880,0,0,0,0,0,1
SYN00072,2,0,2872,0,1,0,0,0,1
SYN00072,3,0,2862,1,1,0,0,0,1
SYN00072,4,0,2862,1,1,0,0,0,1
SYN00072,5,0,2838,0,1,0,0,0,1
SYN00072,6,0,2838,0,1,0,0,0,1
SYN00072,7,0,2826,1,1,1,0,0,1
SYN00072,8,0,2818,0,1,1,0,0,1
SYN00072,9,0,2818,0,1,1,0,0,1
SYN00072,10,0,2801,1,1,1,0,0,1
SYN00072,11,0,2781,0,1,1,0,0,1
SYN00072,12,0,2781,0,1,1,0,0,1
SYN00072,13,2,2770,1,1,1,0,0,1
SYN00072,14,2,2752,0,1,1,0,0,1
SYN00072,15,2,2752,0,1,1,0,0,1
SYN00072,16,4,2737,1,1,1,0,0,1
SYN00072,17,2,2724,0,1,1,0,0,1
SYN00072,18,2,2718,1,1,1,0,0,1
SYN00072,19,2,2718,1,1,1,0,0,1
SYN00072,20,2,2703,0,1,1,0,0,1
SYN00072,21,2,2703,0,1,1,0,0,1
SYN00072,22,4,2696,1,1,1,0,0,1
SYN00072,23,4,2684,0,1,1,0,0,1
SYN00072,24,6,2677,1,1,1,0,0,1
SYN00072,25,6,2659,0,2,1,0,0,1
SYN00072,26,6,2645,1,2,2,0,0,1
SYN00072,27,6,2625,0,2,2,0,0,1
SYN00072,28,6,2625,0,2,2,0,0,1
SYN00072,29,6,2613,1,2,2,0,0,1
SYN00072,30,6,2613,1,2,2,0,0,1
SYN00072,31,4,2607,0,2,2,0,0,1
SYN00072,32,4,2591,1,2,2,0,0,1
SYN00072,33,4,2591,1,2,2,0,0,1
SYN00072,34,4,2570,0,2,2,0,0,1
SYN00072,35,4,2570,0,2,2,0,0,1
SYN00072,36,4,2558,1,2,2,0,0,1
SYN00072,37,4,2558,1,2,2,0,0,1
SYN00072,38,2,2539,0,2,2,0,0,1
SYN00072,39,2,2533,1,2,2,0,0,1
SYN00072,40,2,2533,1,2,2,0,0,1
SYN00072,41,2,2518,0,3,2,0,0,1
SYN00072,42,2,2502,1,3,2,0,0,1
SYN00072,43,2,2502,1,3,2,0,0,1
SYN00072,44,2,2478,0,3,2,0,0,1
SYN00072,45,4,2459,1,3,2,0,0,1
SYN00072,46,4,2447,0,3,2,0,0,1
SYN00072,47,4,2447,0,3,2,0,0,1
SYN00072,48,4,2423,1,3,2,0,0,1
SYN00072,49,4,2423,1,3,2,0,0,1
SYN00072,50,4,2409,0,3,2,0,0,1
SYN00072,51,4,2409,0,3,2,0,0,1
SYN00072,52,4,2387,1,3,2,0,0,1
SYN00072,53,4,2387,1,3,2,0,0,1
SYN00072,54,4,2367,0,3,2,0,0,1
SYN00072,55,4,2354,1,3,3,0,0,1
SYN00072,56,4,2333,0,4,3,0,0,1
SYN00072,57,6,2316,1,4,3,0,0,1
SYN00072,58,6,2302,0,4,3,0,0,1
SYN00072,59,6,2302,0,4,3,0,0,1
SYN00072,60,8,2287,1,4,3,0,0,1
SYN00072,61,6,2282,0,4,3,0,0,1
SYN00072,62,9,2276,1,4,3,0,0,1
SYN00072,63,7,2258,0,4,3,0,0,1
SYN00072,64,7,2237,1,4,3,0,0,1
SYN00072,65,7,2237,1,4,3,0,0,1
SYN00072,66,7,2230,0,4,3,0,0,1
SYN00072,67,9,2207,1,4,3,0,0,1
SYN00072,68,9,2201,0,4,3,0,0,1
SYN00072,69,9,2201,0,4,3,0,0,1
SYN00072,70,11,2190,1,4,3,0,0,1
SYN00072,71,8,2171,0,4,3,0,0,1
SYN00072,72,8,2165,1,4,4,0,0,1
SYN00072,73,8,2160,0,4,4,0,0,1
SYN00072,74,8,2160,0,4,4,0,0,1
SYN00072,75,8,2160,1,4,4,0,0,1
SYN00072,76,8,2160,1,4,4,0,0,1
SYN00072,77,10,2136,1,4,4,0,0,1
SYN00072,78,10,2129,0,4,4,0,0,1
SYN00072,79,10,2129,0,4,4,0,0,1
SYN00072,80,10,2108,1,4,4,0,0,1
SYN00072,81,7,2091,0,4,4,0,0,1
SYN00072,82,9,2071,1,4,4,0,0,1
SYN00072,83,9,2050,0,4,4,0,0,1
SYN00072,84,9,2050,0,4,4,0,0,1
SYN00072,85,11,2034,1,4,4,0,0,1
SYN00072,86,9,2010,0,4,4,0,0,1
SYN00072,87,9,1987,1,4,4,0,0,1
SYN00072,88,9,1987,1,4,4,0,0,1
SYN00072,89,9,1968,0,4,4,0,0,1
SYN00072,90,9,1968,0,4,4,0,0,1
SYN00072,91,9,1954,1,4,4,0,0,1
SYN00072,92,9,1954,1,4,4,0,0,1
SYN00072,93,7,1943,0,4,4,0,0,1
SYN00072,94,9,1932,1,4,4,0,0,1
SYN00072,95,9,1918,0,4,4,0,0,1
SYN00072,96,9,1918,0,4,4,0,0,1
SYN00072,97,9,1906,1,4,4,0,0,1
SYN00072,98,9,1906,1,4,4,0,0,1
SYN00072,99,9,1898,0,4,4,0,0,1
SYN00072,100,9,1898,0,4,4,0,0,1
SYN00072,101,11,1876,1,4,4,0,0,1
SYN00072,102,11,1871,0,4,4,0,0,1
SYN00072,103,11,1863,1,4,5,0,1,1
SYN00072,104,9,1852,0,4,5,0,1,1
SYN00072,105,9,1841,1,4,5,0,1,1
SYN00072,106,9,1841,1,4,5,0,1,1
SYN00072,107,9,1832,0,4,5,0,1,1
SYN00072,108,9,1832,0,4,5,0,1,1
SYN00072,109,11,1819,1,4,5,0,1,1
SYN00072,110,8,1809,0,4,5,0,1,1
SYN00072,111,8,1790,1,4,5,0,1,1
SYN00072,112,8,1790,1,4,5,0,1,1
SYN00072,113,8,1774,0,4,5,0,1,1
SYN00072,114,8,1774,0,4,5,0,1,1
SYN00072,115,10,1756,1,4,5,0,1,1
SYN00072,116,8,1735,0,4,5,0,1,1
SYN00072,117,8,1715,1,4,5,0,1,1
SYN00072,118,8,1715,1,4,5,0,1,1
SYN00072,119,8,1706,0,4,5,0,1,1
SYN00072,120,8,1690,1,4,5,0,1,1
SYN00072,121,8,1690,1,4,5,0,1,1
SYN00072,122,6,1681,0,4,5,0,1,1
SYN00072,123,6,1675,1,4,5,0,1,1
SYN00072,124,6,1661,0,4,5,0,1,1
SYN00072,125,6,1661,0,4,5,0,1,1
SYN00072,126,8,1647,1,4,5,0,1,1
SYN00072,127,6,1626,0,4,5,0,1,1
SYN00072,128,8,1610,1,4,5,0,1,1
SYN00072,129,8,1596,0,4,5,0,1,1
SYN00072,130,8,1596,0,4,5,0,1,1
SYN00072,131,8,1585,1,4,5,0,1,1
SYN00072,132,8,1585,1,4,5,0,1,1
SYN00072,133,8,1562,0,5,5,1,1,1
SYN00072,134,10,1551,1,5,5,1,1,1
SYN00072,135,10,1528,0,5,5,1,1,1
SYN00072,136,10,1528,0,5,5,1,1,1
SYN00072,137,10,1519,1,5,5,1,1,1
SYN00072,138,10,1519,1,5,5,1,1,1
SYN00072,139,10,1509,0,5,5,1,1,1
SYN00072,140,10,1509,0,5,5,1,1,1
SYN00072,141,12,1492,1,5,5,1,1,1
SYN00072,142,12,1469,0,5,5,1,1,1
SYN00072,143,12,1469,0,5,5,1,1,1
SYN00072,144,12,1448,1,5,5,1,1,1
SYN00072,145,10,1442,0,5,5,1,1,1
SYN00072,146,10,1440,1,5,5,1,1,1
SYN00072,147,10,1440,0,5,5,1,1,1
SYN00072,148,10,1440,0,5,5,1,1,1
SYN00072,149,10,1433,0,5,5,1,1,1
SYN00072,150,10,1433,0,5,5,1,1,1
SYN00072,151,10,1421,1,5,5,1,1,1
SYN00072,152,10,1421,1,5,5,1,1,1
SYN00072,153,7,1397,0,5,5,1,1,1
SYN00072,154,9,1383,1,5,5,1,1,1
SYN00072,155,9,1372,0,5,5,1,1,1
SYN00072,156,9,1372,0,5,5,1,1,1
SYN00072,157,11,1364,1,5,5,1,1,1
SYN00072,158,11,1345,0,5,5,1,1,1
SYN00072,159,13,1326,1,5,5,1,1,1
SYN00072,160,13,1318,0,5,5,1,1,1
SYN00072,161,13,1318,0,5,5,1,1,1
SYN00072,162,13,1311,1,5,5,1,1,1
SYN00072,163,13,1311,1,5,5,1,1,1
SYN00072,164,13,1303,0,5,5,1,1,1
SYN00072,165,13,1303,0,5,5,1,1,1
SYN00072,166,15,1295,1,5,5,1,1,1
SYN00072,167,13,1271,0,5,5,1,1,1
SYN00072,168,15,1265,1,5,5,1,1,1
SYN00072,169,15,1242,0,5,5,1,1,1
SYN00072,170,15,1242,0,5,5,1,1,1
SYN00072,171,15,1237,1,5,5,1,1,1
SYN00072,172,15,1237,1,5,5,1,1,1
SYN00072,173,15,1222,0,5,5,1,1,1
SYN00072,174,15,1222,0,5,5,1,1,1
SYN00072,175,15,1209,1,5,5,1,1,1
SYN00072,176,15,1209,1,5,5,1,1,1
SYN00072,177,15,1191,0,5,5,1,1,1
SYN00072,178,15,1191,0,5,5,1,1,1
SYN00072,179,17,1186,1,5,5,1,1,1
SYN00072,180,15,1169,0,5,5,1,1,1
SYN00072,181,15,1158,1,5,5,1,1,1
SYN00072,182,15,1158,1,5,5,1,1,1
SYN00072,183,15,1139,0,5,5,1,1,1
SYN00072,184,15,1139,0,5,5,1,1,1
SYN00072,185,17,1121,1,5,5,1,1,1
SYN00072,186,17,1097,0,6,5,1,1,1
SYN00072,187,19,1089,1,6,5,1,1,1
SYN00072,188,17,1076,0,6,5,1,1,1
SYN00072,189,19,1058,1,6,5,1,1,1
SYN00072,190,19,1041,0,6,5,1,1,1
SYN00072,191,19,1041,0,6,5,1,1,1
SYN00072,192,21,1034,1,6,5,1,1,1
SYN00072,193,19,1028,0,6,5,1,1,1
SYN00072,194,22,1022,1,6,5,1,1,1
SYN00072,195,22,1002,0,7,5,1,1,1
SYN00072,196,24,978,1,7,5,1,1,1
SYN00072,197,24,963,0,8,5,1,1,1
SYN00072,198,24,950,1,8,5,1,1,1
SYN00072,199,24,950,1,8,5,1,1,1
SYN00072,200,21,933,0,8,5,1,1,1
SYN00072,201,21,918,1,8,6,1,1,1
SYN00072,202,21,912,0,9,6,1,1,1
SYN00072,203,23,893,1,9,6,1,1,1
SYN00072,204,21,883,0,9,6,1,1,1
SYN00072,205,21,873,1,9,6,1,1,1
SYN00072,206,18,853,0,9,6,1,1,1
SYN00072,207,18,835,1,9,6,1,1,1
SYN00072,208,18,815,0,9,6,1,1,1
SYN00072,209,18,815,0,9,6,1,1,1
SYN00072,210,20,800,1,9,6,1,1,1
SYN00072,211,20,790,0,9,6,1,1,1
SYN00072,212,20,790,0,9,6,1,1,1
SYN00072,213,20,771,1,9,6,1,1,1
SYN00072,214,20,771,1,9,6,1,1,1
SYN00072,215,18,758,0,9,6,1,1,1
SYN00072,216,18,737,1,9,6,1,1,1
SYN00072,217,18,737,1,9,6,1,1,1
SYN00072,218,18,731,0,10,6,1,1,1
SYN00072,219,18,720,1,10,6,1,1,1
SYN00072,220,18,720,1,10,6,1,1,1
SYN00072,221,18,720,0,10,6,1,1,1
SYN00072,222,18,720,0,10,6,1,1,1
SYN00072,223,15,712,0,10,6,1,1,1
SYN00072,224,15,690,1,10,6,1,1,1
SYN00072,225,15,668,0,10,6,1,1,1
SYN00072,226,15,668,0,10,6,1,1,1
SYN00072,227,15,652,1,10,7,1,1,1
SYN00072,228,13,631,0,10,7,1,1,1
SYN00072,229,15,612,1,10,7,1,1,1
SYN00072,230,13,589,0,10,7,1,1,1
SYN00072,231,15,569,1,10,7,1,1,1
SYN00072,232,15,548,0,10,7,1,1,1
SYN00072,233,15,548,0,10,7,1,1,1
SYN00072,234,17,536,1,10,7,1,1,1
SYN00072,235,17,515,0,10,7,1,1,1
SYN00072,236,17,515,0,10,7,1,1,1
SYN00072,237,17,509,1,10,7,1,1,1
SYN00072,238,17,509,1,10,7,1,1,1
SYN00072,239,15,486,0,10,7,1,1,1
SYN00072,240,17,471,1,10,7,1,1,1
SYN00072,241,14,453,0,10,7,1,1,1
SYN00072,242,14,442,1,10,8,1,1,1
SYN00072,243,14,418,0,10,8,1,1,1
SYN00072,244,14,418,0,10,8,1,1,1
SYN00072,245,16,403,1,10,8,1,1,1
SYN00072,246,14,382,0,10,8,1,1,1
SYN00072,247,16,359,1,10,8,1,1,1
SYN00072,248,16,352,0,10,8,1,1,1
SYN00072,249,18,344,1,10,8,1,1,1
SYN00072,250,16,337,0,10,8,1,1,1
SYN00072,251,16,319,1,10,9,1,1,1
SYN00072,252,16,296,0,10,9,1,1,1
SYN00072,253,16,296,0,10,9,1,1,1
SYN00072,254,19,272,1,10,9,1,1,1
SYN00072,255,19,248,0,10,9,1,1,1
SYN00072,256,19,240,1,10,9,1,1,1
SYN00072,257,19,240,1,10,9,1,1,1
SYN00072,258,17,229,0,10,9,1,1,1
SYN00072,259,17,216,1,10,9,1,1,1
SYN00072,260,17,216,1,10,9,1,1,1
SYN00072,261,17,202,0,11,9,1,1,1
SYN00072,262,17,194,1,11,9,1,1,1
SYN00072,263,17,194,1,11,9,1,1,1
SYN00072,264,17,173,0,11,9,1,1,1
SYN00072,265,17,166,1,11,9,1,1,1
SYN00072,266,17,166,1,11,9,1,1,1
SYN00072,267,17,157,0,11,9,1,1,1
SYN00072,268,17,157,0,11,9,1,1,1
SYN00072,269,20,140,1,11,9,1,1,1
SYN00072,270,18,119,0,11,9,1,1,1
SYN00072,271,18,104,1,11,9,1,1,1
SYN00072,272,18,104,1,11,9,1,1,1
SYN00072,273,18,97,0,11,9,1,1,1
SYN00072,274,18,97,0,11,9,1,1,1
SYN00072,275,20,80,1,11,9,1,1,1
SYN00072,276,18,70,0,11,9,1,1,1
SYN00072,277,18,61,1,11,9,1,1,1
SYN00072,278,18,61,1,11,9,1,1,1
SYN00072,279,16,45,0,11,9,1,1,1
SYN00072,280,18,34,1,11,9,1,1,1
SYN00072,281,18,14,0,11,9,1,1,1
SYN00072,282,18,14,0,11,9,1,1,1
SYN00072,283,21,0,1,11,9,1,1,1
SYN00072,284,21,0,0,11,9,1,1,1
SYN00073,1,0,2880,0,0,0,0,0,1
SYN00073,2,0,2870,0,0,0,0,0,1
SYN00073,3,0,2870,0,0,0,0,0,1
SYN00073,4,0,2846,1,0,0,0,0,1
SYN00073,5,0,2846,1,0,0,0,0,1
SYN00073,6,0,2833,0,0,0,0,0,1
SYN00073,7,0,2833,0,0,0,0,0,1
SYN00073,8,0,2822,1,0,0,0,0,1
SYN00073,9,0,2822,1,0,0,0,0,1
SYN00073,10,0,2800,0,0,0,0,0,1
SYN00073,11,0,2789,1,0,0,0,0,1
SYN00073,12,0,2789,1,0,0,0,0,1
SYN00073,13,0,2768,0,0,0,0,0,1
SYN00073,14,0,2768,0,0,0,0,0,1
SYN00073,15,2,2744,1,0,0,0,0,1
SYN00073,16,2,2720,0,0,0,0,0,1
SYN00073,17,2,2720,0,0,0,0,0,1
SYN00073,18,4,2699,1,0,0,0,0,1
SYN00073,19,4,2680,0,0,0,0,0,1
SYN00073,20,4,2680,0,0,0,0,0,1
SYN00073,21,4,2667,1,0,0,0,0,1
SYN00073,22,4,2667,1,0,0,0,0,1
SYN00073,23,2,2660,0,0,0,0,0,1
SYN00073,24,2,2645,1,0,1,0,0,1
SYN00073,25,-1,2621,0,0,1,0,0,1
SYN00073,26,-1,2600,1,0,2,0,0,1
SYN00073,27,-1,2577,0,0,2,0,0,1
SYN00073,28,-1,2577,0,0,2,0,0,1
SYN00073,29,1,2553,1,0,2,0,0,1
SYN00073,30,-1,2535,0,0,2,0,0,1
SYN00073,31,-1,2518,1,0,2,0,0,1
SYN00073,32,-1,2518,1,0,2,0,0,1
SYN00073,33,-1,2503,0,0,2,0,0,1
SYN00073,34,1,2487,1,0,2,0,0,1
SYN00073,35,1,2479,0,0,2,0,0,1
SYN00073,36,1,2479,0,0,2,0,0,1
SYN00073,37,1,2457,1,0,2,0,0,1
SYN00073,38,1,2457,1,0,2,0,0,1
SYN00073,39,1,2445,0,0,2,0,0,1
SYN00073,40,1,2445,0,0,2,0,0,1
SYN00073,41,3,2428,1,0,2,0,0,1
SYN00073,42,3,2408,0,1,2,0,0,1
SYN00073,43,6,2398,1,1,2,0,0,1
SYN00073,44,6,2382,0,1,2,0,0,1
SYN00073,45,6,2382,0,1,2,0,0,1
SYN00073,46,6,2365,1,1,2,0,0,1
SYN00073,47,6,2365,1,1,2,0,0,1
SYN00073,48,4,2349,0,1,2,0,0,1
SYN00073,49,4,2336,1,1,2,0,0,1
SYN00073,50,4,2336,1,1,2,0,0,1
SYN00073,51,4,2330,0,1,2,0,0,1
SYN00073,52,4,2330,0,1,2,0,0,1
SYN00073,53,6,2313,1,1,2,0,0,1
SYN00073,54,6,2300,0,1,2,0,0,1
SYN00073,55,6,2300,0,1,2,0,0,1
SYN00073,56,8,2295,1,1,2,0,0,1
SYN00073,57,6,2273,0,1,2,0,0,1
SYN00073,58,8,2249,1,1,2,0,0,1
SYN00073,59,6,2228,0,1,2,0,0,1
SYN00073,60,9,2218,1,1,2,0,0,1
SYN00073,61,9,2196,0,1,2,0,0,1
SYN00073,62,9,2196,0,1,2,0,0,1
SYN00073,63,11,2182,1,1,2,0,0,1
SYN00073,64,11,2169,0,1,2,0,0,1
SYN00073,65,11,2169,0,1,2,0,0,1
SYN00073,66,14,2160,1,1,2,0,0,1
SYN00073,67,14,2160,0,1,2,0,0,1
SYN00073,68,14,2160,0,1,2,0,0,1
SYN00073,69,12,2149,0,1,2,0,0,1
SYN00073,70,12,2129,1,1,2,0,0,1
SYN00073,71,12,2129,1,1,2,0,0,1
SYN00073,72,10,2115,0,1,2,0,0,1
SYN00073,73,12,2094,1,1,2,0,0,1
SYN00073,74,9,2080,0,1,2,0,0,1
SYN00073,75,9,2072,1,1,2,0,0,1
SYN00073,76,9,2072,1,1,2,0,0,1
SYN00073,77,6,2064,0,1,2,0,0,1
SYN00073,78,9,2056,1,1,2,0,0,1
SYN00073,79,9,2037,0,1,2,0,0,1
SYN00073,80,9,2037,0,1,2,0,0,1
SYN00073,81,11,2016,1,1,2,0,0,1
SYN00073,82,11,2004,0,1,2,0,0,1
SYN00073,83,11,2004,0,1,2,0,0,1
SYN00073,84,13,1995,1,1,2,0,0,1
SYN00073,85,13,1974,0,1,2,0,0,1
SYN00073,86,13,1974,0,1,2,0,0,1
SYN00073,87,13,1951,1,1,3,0,0,1
SYN00073,88,13,1937,0,1,3,0,0,1
SYN00073,89,13,1915,1,1,3,0,0,1
SYN00073,90,13,1915,1,1,3,0,0,1
SYN00073,91,10,1891,0,1,3,0,0,1
SYN00073,92,10,1880,1,1,3,0,0,1
SYN00073,93,10,1880,1,1,3,0,0,1
SYN00073,94,10,1861,0,1,3,0,0,1
SYN00073,95,10,1861,0,1,3,0,0,1
SYN00073,96,12,1848,1,1,3,0,0,1
SYN00073,97,12,1830,0,2,3,0,0,1
SYN00073,98,14,1808,1,2,3,0,0,1
SYN00073,99,14,1785,0,2,3,0,0,1
SYN00073,100,14,1785,0,2,3,0,0,1
SYN00073,101,14,1772,1,2,3,0,0,1
SYN00073,102,14,1772,1,2,3,0,0,1
SYN00073,103,12,1763,0,2,3,0,0,1
SYN00073,104,12,1753,1,2,3,0,0,1
SYN00073,105,12,1753,1,2,3,0,0,1
SYN00073,106,12,1748,0,2,3,0,0,1
SYN00073,107,12,1748,0,2,3,0,0,1
SYN00073,108,14,1740,1,2,3,0,0,1
SYN00073,109,12,1722,0,2,3,0,0,1
SYN00073,110,12,1702,1,2,4,0,0,1
SYN00073,111,12,1680,0,2,4,0,0,1
SYN00073,112,12,1680,0,2,4,0,0,1
SYN00073,113,14,1670,1,2,4,0,0,1
SYN00073,114,14,1658,0,2,4,0,0,1
SYN00073,115,14,1658,0,2,4,0,0,1
SYN00073,116,14,1639,1,2,4,0,0,1
SYN00073,117,14,1622,0,2,4,0,0,1
SYN00073,118,14,1622,0,2,4,0,0,1
SYN00073,119,14,1599,1,2,4,0,0,1
SYN00073,120,14,1599,1,2,4,0,0,1
SYN00073,121,14,1594,0,2,4,0,0,1
SYN00073,122,14,1594,0,2,4,0,0,1
SYN00073,123,14,1588,1,2,4,0,0,1
SYN00073,124,14,1588,1,2,4,0,0,1
SYN00073,125,14,1582,0,2,4,0,0,1
SYN00073,126,14,1572,1,2,4,0,0,1
SYN00073,127,14,1572,1,2,4,0,0,1
SYN00073,128,14,1552,0,2,4,0,0,1
SYN00073,129,14,1552,0,2,4,0,0,1
SYN00073,130,14,1532,1,2,4,0,0,1
SYN00073,131,14,1532,1,2,4,0,0,1
SYN00073,132,14,1509,0,2,4,0,0,1
SYN00073,133,14,1490,1,2,4,0,0,1
SYN00073,134,14,1490,1,2,4,0,0,1
SYN00073,135,11,1474,0,2,4,0,0,1
SYN00073,136,11,1461,1,2,4,0,0,1
SYN00073,137,11,1461,1,2,4,0,0,1
SYN00073,138,9,1448,0,2,4,0,0,1
SYN00073,139,9,1440,1,2,4,0,0,1
SYN00073,140,9,1440,1,2,4,0,0,1
SYN00073,141,9,1440,0,2,4,0,0,1
SYN00073,142,9,1440,0,2,4,0,0,1
SYN00073,143,9,1431,0,2,4,0,0,1
SYN00073,144,9,1431,0,2,4,0,0,1
SYN00073,145,11,1423,1,2,4,0,0,1
SYN00073,146,11,1404,0,2,4,0,0,1
SYN00073,147,11,1404,0,2,4,0,0,1
SYN00073,148,13,1391,1,2,4,0,0,1
SYN00073,149,13,1382,0,2,4,0,0,1
SYN00073,150,13,1377,1,2,4,0,0,1
SYN00073,151,13,1377,1,2,4,0,0,1
SYN00073,152,13,1361,0,2,4,0,0,1
SYN00073,153,13,1361,0,2,4,0,0,1
SYN00073,154,13,1339,1,2,4,0,0,1
SYN00073,155,13,1339,1,2,4,0,0,1
SYN00073,156,11,1328,0,2,4,0,0,1
SYN00073,157,11,1312,1,2,4,0,0,1
SYN00073,158,11,1312,1,2,4,0,0,1
SYN00073,159,8,1289,0,2,4,0,0,1
SYN00073,160,8,1282,1,2,5,0,1,1
SYN00073,161,6,1270,0,2,5,0,1,1
SYN00073,162,8,1248,1,2,5,0,1,1
SYN00073,163,8,1225,0,2,5,0,1,1
SYN00073,164,10,1202,1,2,5,0,1,1
SYN00073,165,10,1191,0,2,5,0,1,1
SYN00073,166,10,1191,0,2,5,0,1,1
SYN00073,167,10,1182,1,2,5,0,1,1
SYN00073,168,10,1182,1,2,5,0,1,1
SYN00073,169,10,1174,0,2,5,0,1,1
SYN00073,170,10,1174,0,2,5,0,1,1
SYN00073,171,10,1152,1,2,5,0,1,1
SYN00073,172,10,1152,1,2,5,0,1,1
SYN00073,173,10,1128,0,3,5,0,1,1
SYN00073,174,12,1111,1,3,5,0,1,1
SYN00073,175,10,1087,0,3,5,0,1,1
SYN00073,176,13,1064,1,3,5,0,1,1
SYN00073,177,11,1059,0,3,5,0,1,1
SYN00073,178,11,1048,1,3,6,0,1,1
SYN00073,179,9,1024,0,3,6,0,1,1
SYN00073,180,9,1007,1,3,6,0,1,1
SYN00073,181,9,1007,1,3,6,0,1,1
SYN00073,182,9,994,0,4,6,0,1,1
SYN00073,183,9,981,1,4,6,0,1,1
SYN00073,184,9,981,1,4,6,0,1,1
SYN00073,185,9,972,0,5,6,1,1,1
SYN00073,186,9,955,1,5,6,1,1,1
SYN00073,187,9,955,1,5,6,1,1,1
SYN00073,188,7,937,0,5,6,1,1,1
SYN00073,189,7,928,1,5,6,1,1,1
SYN00073,190,7,928,1,5,6,1,1,1
SYN00073,191,7,913,0,5,6,1,1,1
SYN00073,192,7,913,0,5,6,1,1,1
SYN00073,193,10,903,1,5,6,1,1,1
SYN00073,194,8,892,0,5,6,1,1,1
SYN00073,195,11,872,1,5,6,1,1,1
SYN00073,196,9,852,0,5,6,1,1,1
SYN00073,197,9,837,1,5,6,1,1,1
SYN00073,198,9,825,0,5,6,1,1,1
SYN00073,199,9,806,1,5,7,1,1,1
SYN00073,200,9,787,0,5,7,1,1,1
SYN00073,201,9,787,0,5,7,1,1,1
SYN00073,202,12,771,1,5,7,1,1,1
SYN00073,203,12,762,0,5,7,1,1,1
SYN00073,204,12,762,0,5,7,1,1,1
SYN00073,205,12,756,1,5,7,1,1,1
SYN00073,206,12,756,1,5,7,1,1,1
SYN00073,207,10,736,0,5,7,1,1,1
SYN00073,208,10,720,1,5,7,1,1,1
SYN00073,209,10,720,1,5,7,1,1,1
SYN00073,210,10,720,0,5,7,1,1,1
SYN00073,211,10,720,0,5,7,1,1,1
SYN00073,212,10,712,0,5,7,1,1,1
SYN00073,213,10,712,0,5,7,1,1,1
SYN00073,214,13,703,1,5,7,1,1,1
SYN00073,215,13,694,0,5,7,1,1,1
SYN00073,216,13,694,0,5,7,1,1,1
SYN00073,217,13,676,1,5,7,1,1,1
SYN00073,218,13,676,1,5,7,1,1,1
SYN00073,219,13,671,0,5,7,1,1,1
SYN00073,220,13,671,0,5,7,1,1,1
SYN00073,221,13,666,1,5,7,1,1,1
SYN00073,222,13,666,1,5,7,1,1,1
SYN00073,223,13,649,0,5,7,1,1,1
SYN00073,224,15,628,1,5,7,1,1,1
SYN00073,225,15,607,0,6,7,1,1,1
SYN00073,226,15,583,1,6,7,1,1,1
SYN00073,227,15,583,1,6,7,1,1,1
SYN00073,228,15,559,0,6,7,1,1,1
SYN00073,229,15,548,1,6,7,1,1,1
SYN00073,230,15,548,1,6,7,1,1,1
SYN00073,231,15,528,0,6,7,1,1,1
SYN00073,232,15,528,0,6,7,1,1,1
SYN00073,233,15,520,1,6,8,1,1,1
SYN00073,234,15,498,0,6,8,1,1,1
SYN00073,235,17,489,1,6,8,1,1,1
SYN00073,236,14,482,0,6,8,1,1,1
SYN00073,237,14,473,1,6,8,1,1,1
SYN00073,238,14,473,1,6,8,1,1,1
SYN00073,239,12,458,0,6,8,1,1,1
SYN00073,240,12,439,1,6,8,1,1,1
SYN00073,241,12,439,1,6,8,1,1,1
SYN00073,242,10,418,0,6,8,1,1,1
SYN00073,243,10,413,1,6,8,1,1,1
SYN00073,244,10,413,1,6,8,1,1,1
SYN00073,245,10,407,0,6,8,1,1,1
SYN00073,246,10,407,0,6,8,1,1,1
SYN00073,247,10,402,1,6,9,1,1,1
SYN00073,248,10,383,0,6,9,1,1,1
SYN00073,249,10,383,0,6,9,1,1,1
SYN00073,250,12,359,1,6,9,1,1,1
SYN00073,251,12,354,0,6,9,1,1,1
SYN00073,252,12,354,0,6,9,1,1,1
SYN00073,253,12,332,1,6,9,1,1,1
SYN00073,254,12,332,1,6,9,1,1,1
SYN00073,255,10,321,0,6,9,1,1,1
SYN00073,256,13,303,1,6,9,1,1,1
SYN00073,257,10,297,0,6,9,1,1,1
SYN00073,258,10,287,1,6,9,1,1,1
SYN00073,259,10,287,1,6,9,1,1,1
SYN00073,260,10,264,0,7,9,1,1,1
SYN00073,261,10,245,1,7,9,1,1,1
SYN00073,262,10,245,1,7,9,1,1,1
SYN00073,263,8,222,0,7,9,1,1,1
SYN00073,264,8,213,1,7,9,1,1,1
SYN00073,265,8,213,1,7,9,1,1,1
SYN00073,266,8,197,0,7,9,1,1,1
SYN00073,267,8,197,0,7,9,1,1,1
SYN00073,268,10,182,1,7,9,1,1,1
SYN00073,269,8,176,0,7,9,1,1,1
SYN00073,270,10,168,1,7,9,1,1,1
SYN00073,271,10,146,0,7,9,1,1,1
SYN00073,272,10,146,0,7,9,1,1,1
SYN00073,273,10,130,1,7,9,1,1,1
SYN00073,274,10,130,1,7,9,1,1,1
SYN00073,275,10,122,0,7,9,1,1,1
SYN00073,276,10,116,1,7,9,1,1,1
SYN00073,277,10,116,1,7,9,1,1,1
SYN00073,278,10,95,0,7,9,1,1,1
SYN00073,279,10,95,0,7,9,1,1,1
SYN00073,280,12,87,1,7,9,1,1,1
SYN00073,281,12,75,0,7,9,1,1,1
SYN00073,282,12,75,0,7,9,1,1,1
SYN00073,283,14,52,1,7,9,1,1,1
SYN00073,284,12,40,0,7,9,1,1,1
SYN00073,285,12,33,1,7,9,1,1,1
SYN00073,286,12,33,1,7,9,1,1,1
SYN00073,287,10,20,0,7,9,1,1,1
SYN00073,288,10,0,1,7,9,1,1,1
SYN00073,289,10,0,1,7,9,1,1,1
SYN00073,290,10,0,0,7,9,1,1,1
SYN00074,1,0,2880,0,0,0,0,0,0
SYN00074,2,0,2868,0,0,0,0,0,0
SYN00074,3,0,2862,1,0,0,0,0,0
SYN00074,4,0,2862,1,0,0,0,0,0
SYN00074,5,0,2851,0,0,0,0,0,0
SYN00074,6,0,2851,0,0,0,0,0,0
SYN00074,7,2,2844,1,0,0,0,0,0
SYN00074,8,0,2830,0,0,0,0,0,0
SYN00074,9,2,2813,1,0,0,0,0,0
SYN00074,10,2,2789,0,0,0,0,0,0
SYN00074,11,2,2773,1,0,0,0,0,0
SYN00074,12,2,2751,0,0,0,0,0,0
SYN00074,13,2,2751,0,0,0,0,0,0
SYN00074,14,2,2743,1,0,0,0,0,0
SYN00074,15,2,2743,1,0,0,0,0,0
SYN00074,16,2,2732,0,0,0,0,0,0
SYN00074,17,2,2732,0,0,0,0,0,0
SYN00074,18,2,2723,1,0,0,0,0,0
SYN00074,19,2,2723,1,0,0,0,0,0
SYN00074,20,2,2717,0,0,0,0,0,0
SYN00074,21,2,2717,0,0,0,0,0,0
SYN00074,22,2,2706,1,0,0,0,0,0
SYN00074,23,2,2706,1,0,0,0,0,0
SYN00074,24,2,2689,0,1,0,0,0,0
SYN00074,25,2,2679,1,1,0,0,0,0
SYN00074,26,2,2679,1,1,0,0,0,0
SYN00074,27,2,2664,0,1,0,0,0,0
SYN00074,28,2,2646,1,1,0,0,0,0
SYN00074,29,0,2626,0,1,0,0,0,0
SYN00074,30,0,2610,1,1,0,0,0,0
SYN00074,31,0,2610,1,1,0,0,0,0
SYN00074,32,0,2604,0,2,0,0,0,0
SYN00074,33,2,2596,1,2,0,0,0,0
SYN00074,34,2,2574,0,2,0,0,0,0
SYN00074,35,2,2574,0,2,0,0,0,0
SYN00074,36,4,2554,1,2,0,0,0,0
SYN00074,37,4,2544,0,2,0,0,0,0
SYN00074,38,4,2544,0,2,0,0,0,0
SYN00074,39,4,2521,1,2,0,0,0,0
SYN00074,40,4,2521,1,2,0,0,0,0
SYN00074,41,4,2511,0,2,0,0,0,0
SYN00074,42,4,2511,0,2,0,0,0,0
SYN00074,43,4,2488,1,2,0,0,0,0
SYN00074,44,4,2488,1,2,0,0,0,0
SYN00074,45,2,2479,0,2,0,0,0,0
SYN00074,46,2,2466,1,2,0,0,0,0
SYN00074,47,2,2466,1,2,0,0,0,0
SYN00074,48,0,2456,0,2,0,0,0,0
SYN00074,49,0,2440,1,2,0,0,0,0
SYN00074,50,0,2440,1,2,0,0,0,0
SYN00074,51,-3,2433,0,2,0,0,0,0
SYN00074,52,-3,2415,1,2,0,0,0,0
SYN00074,53,-3,2415,1,2,0,0,0,0
SYN00074,54,-3,2401,0,2,0,0,0,0
SYN00074,55,-3,2401,0,2,0,0,0,0
SYN00074,56,-3,2395,1,2,1,0,0,0
SYN00074,57,-5,2388,0,2,1,0,0,0
SYN00074,58,-5,2382,1,2,1,0,0,0
SYN00074,59,-5,2382,1,2,1,0,0,0
SYN00074,60,-5,2361,0,2,1,0,0,0
SYN00074,61,-5,2361,0,2,1,0,0,0
SYN00074,62,-5,2347,1,2,1,0,0,0
SYN00074,63,-5,2347,1,2,1,0,0,0
SYN00074,64,-5,2324,0,2,1,0,0,0
SYN00074,65,-5,2324,0,2,1,0,0,0
SYN00074,66,-5,2307,1,2,1,0,0,0
SYN00074,67,-5,2307,1,2,1,0,0,0
SYN00074,68,-5,2287,0,2,1,0,0,0
SYN00074,69,-5,2287,0,2,1,0,0,0
SYN00074,70,-5,2272,1,2,1,0,0,0
SYN00074,71,-5,2272,1,2,1,0,0,0
SYN00074,72,-5,2251,0,2,1,0,0,0
SYN00074,73,-5,2251,0,2,1,0,0,0
SYN00074,74,-3,2240,1,2,1,0,0,0
SYN00074,75,-5,2228,0,2,1,0,0,0
SYN00074,76,-5,2209,1,2,1,0,0,0
SYN00074,77,-5,2209,1,2,1,0,0,0
SYN00074,78,-5,2199,0,2,1,0,0,0
SYN00074,79,-3,2193,1,2,1,0,0,0
SYN00074,80,-6,2171,0,2,1,0,0,0
SYN00074,81,-6,2164,1,2,1,0,0,0
SYN00074,82,-6,2160,0,2,1,0,0,0
SYN00074,83,-6,2160,0,2,1,0,0,0
SYN00074,84,-6,2160,1,2,1,0,0,0
SYN00074,85,-6,2160,1,2,1,0,0,0
SYN00074,86,-6,2138,1,2,1,0,0,0
SYN00074,87,-6,2138,1,2,1,0,0,0
SYN00074,88,-8,2130,0,2,1,0,0,0
SYN00074,89,-8,2106,1,2,1,0,0,0
SYN00074,90,-8,2106,1,2,1,0,0,0
SYN00074,91,-10,2101,0,2,1,0,0,0
SYN00074,92,-10,2096,1,2,1,0,0,0
SYN00074,93,-10,2096,1,2,1,0,0,0
SYN00074,94,-12,2084,0,2,1,0,0,0
SYN00074,95,-12,2075,1,2,1,0,0,0
SYN00074,96,-12,2075,1,2,1,0,0,0
SYN00074,97,-14,2053,0,2,1,0,0,0
SYN00074,98,-14,2043,1,2,1,0,0,0
SYN00074,99,-14,2029,0,2,1,0,0,0
SYN00074,100,-14,2008,1,2,2,0,0,0
SYN00074,101,-14,1996,0,2,2,0,0,0
SYN00074,102,-14,1996,0,2,2,0,0,0
SYN00074,103,-14,1977,1,2,3,0,0,0
SYN00074,104,-14,1954,0,3,3,0,0,0
SYN00074,105,-14,1948,1,3,3,0,0,0
SYN00074,106,-14,1943,0,4,3,0,0,0
SYN00074,107,-12,1933,1,4,3,0,0,0
SYN00074,108,-12,1914,0,4,3,0,0,0
SYN00074,109,-12,1914,0,4,3,0,0,0
SYN00074,110,-12,1892,1,4,4,0,0,0
SYN00074,111,-14,1883,0,4,4,0,0,0
SYN00074,112,-14,1865,1,4,4,0,0,0
SYN00074,113,-14,1856,0,4,4,0,0,0
SYN00074,114,-14,1856,0,4,4,0,0,0
SYN00074,115,-12,1842,1,4,4,0,0,0
SYN00074,116,-14,1820,0,4,4,0,0,0
SYN00074,117,-12,1805,1,4,4,0,0,0
SYN00074,118,-12,1787,0,4,4,0,0,0
SYN00074,119,-12,1787,0,4,4,0,0,0
SYN00074,120,-10,1773,1,4,4,0,0,0
SYN00074,121,-10,1765,0,4,4,0,0,0
SYN00074,122,-10,1765,0,4,4,0,0,0
SYN00074,123,-10,1757,1,4,4,0,0,0
SYN00074,124,-10,1757,1,4,4,0,0,0
SYN00074,125,-12,1735,0,4,4,0,0,0
SYN00074,126,-12,1723,1,4,4,0,0,0
SYN00074,127,-12,1723,1,4,4,0,0,0
SYN00074,128,-15,1713,0,4,4,0,0,0
SYN00074,129,-15,1705,1,4,4,0,0,0
SYN00074,130,-15,1690,0,4,4,0,0,0
SYN00074,131,-15,1690,0,4,4,0,0,0
SYN00074,132,-15,1685,1,4,5,0,1,0
SYN00074,133,-17,1662,0,4,5,0,1,0
SYN00074,134,-17,1651,1,4,5,0,1,0
SYN00074,135,-17,1651,1,4,5,0,1,0
SYN00074,136,-17,1630,0,4,5,0,1,0
SYN00074,137,-17,1630,0,4,5,0,1,0
SYN00074,138,-17,1620,1,4,5,0,1,0
SYN00074,139,-17,1620,1,4,5,0,1,0
SYN00074,140,-17,1611,0,4,5,0,1,0
SYN00074,141,-17,1611,0,4,5,0,1,0
SYN00074,142,-17,1596,1,4,5,0,1,0
SYN00074,143,-17,1580,0,4,5,0,1,0
SYN00074,144,-17,1580,0,4,5,0,1,0
SYN00074,145,-17,1558,1,4,5,0,1,0
SYN00074,146,-17,1558,1,4,5,0,1,0
SYN00074,147,-17,1547,0,4,5,0,1,0
SYN00074,148,-17,1547,0,4,5,0,1,0
SYN00074,149,-17,1526,1,4,5,0,1,0
SYN00074,150,-17,1526,1,4,5,0,1,0
SYN00074,151,-17,1506,0,4,5,0,1,0
SYN00074,152,-17,1506,0,4,5,0,1,0
SYN00074,153,-17,1486,1,4,5,0,1,0
SYN00074,154,-17,1486,1,4,5,0,1,0
SYN00074,155,-19,1477,0,4,5,0,1,0
SYN00074,156,-19,1466,1,4,5,0,1,0
SYN00074,157,-19,1466,1,4,5,0,1,0
SYN00074,158,-19,1444,0,4,5,0,1,0
SYN00074,159,-19,1444,0,4,5,0,1,0
SYN00074,160,-19,1440,1,4,5,0,1,0
SYN00074,161,-19,1440,1,4,5,0,1,0
SYN00074,162,-19,1440,0,4,5,0,1,0
SYN00074,163,-19,1440,0,4,5,0,1,0
SYN00074,164,-19,1416,0,4,5,0,1,0
SYN00074,165,-19,1416,0,4,5,0,1,0
SYN00074,166,-19,1407,1,4,5,0,1,0
SYN00074,167,-21,1398,0,4,5,0,1,0
SYN00074,168,-21,1383,1,4,5,0,1,0
SYN00074,169,-21,1383,1,4,5,0,1,0
SYN00074,170,-21,1368,0,4,5,0,1,0
SYN00074,171,-21,1368,0,4,5,0,1,0
SYN00074,172,-21,1354,1,4,5,0,1,0
SYN00074,173,-21,1354,1,4,5,0,1,0
SYN00074,174,-21,1342,0,5,5,1,1,0
SYN00074,175,-19,1337,1,5,5,1,1,0
SYN00074,176,-21,1330,0,5,5,1,1,0
SYN00074,177,-19,1309,1,5,5,1,1,0
SYN00074,178,-19,1288,0,5,5,1,1,0
SYN00074,179,-19,1288,0,5,5,1,1,0
SYN00074,180,-19,1281,1,5,5,1,1,0
SYN00074,181,-19,1281,1,5,5,1,1,0
SYN00074,182,-21,1258,0,5,5,1,1,0
SYN00074,183,-21,1234,1,5,5,1,1,0
SYN00074,184,-21,1220,0,5,5,1,1,0
SYN00074,185,-21,1220,0,5,5,1,1,0
SYN00074,186,-21,1215,1,5,5,1,1,0
SYN00074,187,-21,1215,1,5,5,1,1,0
SYN00074,188,-21,1205,0,5,5,1,1,0
SYN00074,189,-21,1205,0,5,5,1,1,0
SYN00074,190,-21,1184,1,5,5,1,1,0
SYN00074,191,-21,1184,1,5,5,1,1,0
SYN00074,192,-23,1169,0,5,5,1,1,0
SYN00074,193,-23,1150,1,5,5,1,1,0
SYN00074,194,-23,1150,1,5,5,1,1,0
SYN00074,195,-25,1145,0,5,5,1,1,0
SYN00074,196,-25,1139,1,5,6,1,1,0
SYN00074,197,-25,1115,0,5,6,1,1,0
SYN00074,198,-25,1115,0,5,6,1,1,0
SYN00074,199,-23,1093,1,5,6,1,1,0
SYN00074,200,-23,1076,0,5,6,1,1,0
SYN00074,201,-23,1076,0,5,6,1,1,0
SYN00074,202,-23,1058,1,5,7,1,1,0
SYN00074,203,-25,1039,0,5,7,1,1,0
SYN00074,204,-25,1030,1,5,7,1,1,0
SYN00074,205,-25,1030,1,5,7,1,1,0
SYN00074,206,-25,1021,0,5,7,1,1,0
SYN00074,207,-25,1021,0,5,7,1,1,0
SYN00074,208,-22,1007,1,5,7,1,1,0
SYN00074,209,-22,991,0,6,7,1,1,0
SYN00074,210,-22,972,1,6,7,1,1,0
SYN00074,211,-22,972,1,6,7,1,1,0
SYN00074,212,-24,949,0,6,7,1,1,0
SYN00074,213,-22,943,1,6,7,1,1,0
SYN00074,214,-22,923,0,6,7,1,1,0
SYN00074,215,-22,923,0,6,7,1,1,0
SYN00074,216,-22,908,1,6,7,1,1,0
SYN00074,217,-22,898,0,6,7,1,1,0
SYN00074,218,-22,898,0,6,7,1,1,0
SYN00074,219,-20,885,1,6,7,1,1,0
SYN00074,220,-22,874,0,6,7,1,1,0
SYN00074,221,-22,855,1,6,7,1,1,0
SYN00074,222,-22,855,1,6,7,1,1,0
SYN00074,223,-24,848,0,6,7,1,1,0
SYN00074,224,-24,836,1,6,8,1,1,0
SYN00074,225,-24,829,0,6,8,1,1,0
SYN00074,226,-24,829,0,6,8,1,1,0
SYN00074,227,-22,818,1,6,8,1,1,0
SYN00074,228,-22,803,0,6,8,1,1,0
SYN00074,229,-22,803,0,6,8,1,1,0
SYN00074,230,-22,790,1,6,8,1,1,0
SYN00074,231,-24,784,0,6,8,1,1,0
SYN00074,232,-24,776,1,6,8,1,1,0
SYN00074,233,-24,776,1,6,8,1,1,0
SYN00074,234,-24,769,0,6,8,1,1,0
SYN00074,235,-24,750,1,6,9,1,1,0
SYN00074,236,-24,728,0,6,9,1,1,0
SYN00074,237,-24,728,0,6,9,1,1,0
SYN00074,238,-24,720,1,6,9,1,1,0
SYN00074,239,-24,720,1,6,9,1,1,0
SYN00074,240,-24,720,0,6,9,1,1,0
SYN00074,241,-24,720,0,6,9,1,1,0
SYN00074,242,-24,713,0,6,9,1,1,0
SYN00074,243,-24,713,0,6,9,1,1,0
SYN00074,244,-24,689,1,6,9,1,1,0
SYN00074,245,-24,689,1,6,9,1,1,0
SYN00074,246,-24,679,0,6,9,1,1,0
SYN00074,247,-24,679,0,6,9,1,1,0
SYN00074,248,-24,657,1,6,9,1,1,0
SYN00074,249,-24,657,1,6,9,1,1,0
SYN00074,250,-24,637,0,6,9,1,1,0
SYN00074,251,-24,637,0,6,9,1,1,0
SYN00074,252,-24,619,1,6,10,1,1,0
SYN00074,253,-24,600,0,6,10,1,1,0
SYN00074,254,-24,593,1,6,10,1,1,0
SYN00074,255,-24,593,1,6,10,1,1,0
SYN00074,256,-27,579,0,6,10,1,1,0
SYN00074,257,-27,559,1,6,10,1,1,0
SYN00074,258,-27,559,1,6,10,1,1,0
SYN00074,259,-27,536,0,6,10,1,1,0
SYN00074,260,-27,536,0,6,10,1,1,0
SYN00074,261,-27,524,1,6,10,1,1,0
SYN00074,262,-27,524,1,6,10,1,1,0
SYN00074,263,-29,505,0,6,10,1,1,0
SYN00074,264,-29,492,1,6,10,1,1,0
SYN00074,265,-29,492,1,6,10,1,1,0
SYN00074,266,-29,480,0,6,10,1,1,0
SYN00074,267,-27,458,1,6,10,1,1,0
SYN00074,268,-27,453,0,6,10,1,1,0
SYN00074,269,-27,453,0,6,10,1,1,0
SYN00074,270,-27,432,1,6,10,1,1,0
SYN00074,271,-27,432,1,6,10,1,1,0
SYN00074,272,-27,409,0,6,10,1,1,0
SYN00074,273,-27,409,0,6,10,1,1,0
SYN00074,274,-27,401,1,6,10,1,1,0
SYN00074,275,-27,401,1,6,10,1,1,0
SYN00074,276,-27,395,0,7,10,1,1,0
SYN00074,277,-27,390,1,7,10,1,1,0
SYN00074,278,-27,390,1,7,10,1,1,0
SYN00074,279,-27,371,0,7,10,1,1,0
SYN00074,280,-27,371,0,7,10,1,1,0
SYN00074,281,-27,364,1,7,10,1,1,0
SYN00074,282,-27,364,1,7,10,1,1,0
SYN00074,283,-27,349,0,8,10,1,1,0
SYN00074,284,-27,337,1,8,10,1,1,0
SYN00074,285,-27,337,1,8,10,1,1,0
SYN00074,286,-29,321,0,8,10,1,1,0
SYN00074,287,-27,310,1,8,10,1,1,0
SYN00074,288,-29,301,0,8,10,1,1,0
SYN00074,289,-27,293,1,8,10,1,1,0
SYN00074,290,-27,280,0,8,10,1,1,0
SYN00074,291,-27,280,0,8,10,1,1,0
SYN00074,292,-24,256,1,8,10,1,1,0
SYN00074,293,-24,246,0,8,10,1,1,0
SYN00074,294,-24,246,0,8,10,1,1,0
SYN00074,295,-24,234,1,8,10,1,1,0
SYN00074,296,-24,234,1,8,10,1,1,0
SYN00074,297,-24,210,0,8,10,1,1,0
SYN00074,298,-24,198,1,8,10,1,1,0
SYN00074,299,-24,198,1,8,10,1,1,0
SYN00074,300,-26,192,0,8,10,1,1,0
SYN00074,301,-23,186,1,8,10,1,1,0
SYN00074,302,-23,167,0,8,10,1,1,0
SYN00074,303,-23,167,0,8,10,1,1,0
SYN00074,304,-21,143,1,8,10,1,1,0
SYN00074,305,-23,123,0,8,10,1,1,0
SYN00074,306,-20,110,1,8,10,1,1,0
SYN00074,307,-20,86,0,8,10,1,1,0
SYN00074,308,-20,86,0,8,10,1,1,0
SYN00074,309,-17,71,1,8,10,1,1,0
SYN00074,310,-17,54,0,8,10,1,1,0
SYN00074,311,-17,54,0,8,10,1,1,0
SYN00074,312,-17,49,1,8,10,1,1,0
SYN00074,313,-17,49,1,8,10,1,1,0
SYN00074,314,-17,28,0,8,10,1,1,0
SYN00074,315,-17,28,0,8,10,1,1,0
SYN00074,316,-17,5,1,8,10,1,1,0
SYN00074,317,-17,5,1,8,10,1,1,0
SYN00074,318,-20,0,0,8,10,1,1,0
SYN00074,319,-20,0,1,8,10,1,1,0
SYN00075,1,0,2880,1,0,0,0,0,0
SYN00075,2,0,2862,1,0,0,0,0,0
SYN00075,3,0,2862,1,0,0,0,0,0
SYN00075,4,-2,2849,0,0,0,0,0,0
SYN00075,5,-2,2829,1,0,0,0,0,0
SYN00075,6,-2,2819,0,0,0,0,0,0
SYN00075,7,-2,2819,0,0,0,0,0,0
SYN00075,8,-2,2798,1,0,0,0,0,0
SYN00075,9,-2,2798,1,0,0,0,0,0
SYN00075,10,-4,2779,0,0,0,0,0,0
SYN00075,11,-4,2758,1,0,0,0,0,0
SYN00075,12,-6,2741,0,0,0,0,0,0
SYN00075,13,-6,2722,1,0,0,0,0,0
SYN00075,14,-6,2722,1,0,0,0,0,0
SYN00075,15,-8,2700,0,0,0,0,0,0
SYN00075,16,-6,2684,1,0,0,0,0,0
SYN00075,17,-9,2663,0,0,0,0,0,0
SYN00075,18,-9,2657,1,0,0,0,0,0
SYN00075,19,-11,2642,0,0,0,0,0,0
SYN00075,20,-11,2630,1,0,0,0,0,0
SYN00075,21,-11,2630,1,0,0,0,0,0
SYN00075,22,-13,2611,0,0,0,0,0,0
SYN00075,23,-13,2602,1,0,0,0,0,0
SYN00075,24,-13,2602,1,0,0,0,0,0
SYN00075,25,-15,2580,0,0,0,0,0,0
SYN00075,26,-15,2556,1,0,0,0,0,0
SYN00075,27,-15,2556,1,0,0,0,0,0
SYN00075,28,-17,2542,0,0,0,0,0,0
SYN00075,29,-17,2526,1,0,0,0,0,0
SYN00075,30,-17,2526,1,0,0,0,0,0
SYN00075,31,-17,2508,0,1,0,0,0,0
SYN00075,32,-17,2492,1,1,1,0,0,0
SYN00075,33,-17,2474,0,2,1,0,0,0
SYN00075,34,-17,2469,1,2,1,0,0,0
SYN00075,35,-17,2469,1,2,1,0,0,0
SYN00075,36,-17,2462,0,2,1,0,0,0
SYN00075,37,-17,2462,0,2,1,0,0,0
SYN00075,38,-14,2438,1,2,1,0,0,0
SYN00075,39,-16,2424,0,2,1,0,0,0
SYN00075,40,-16,2412,1,2,1,0,0,0
SYN00075,41,-16,2412,1,2,1,0,0,0
SYN00075,42,-16,2399,0,3,1,0,0,0
SYN00075,43,-14,2375,1,3,1,0,0,0
SYN00075,44,-16,2364,0,3,1,0,0,0
SYN00075,45,-16,2358,1,3,1,0,0,0
SYN00075,46,-16,2358,1,3,1,0,0,0
SYN00075,47,-16,2352,0,3,1,0,0,0
SYN00075,48,-16,2352,0,3,1,0,0,0
SYN00075,49,-13,2338,1,3,1,0,0,0
SYN00075,50,-15,2320,0,3,1,0,0,0
SYN00075,51,-15,2301,1,3,1,0,0,0
SYN00075,52,-15,2301,1,3,1,0,0,0
SYN00075,53,-17,2281,0,3,1,0,0,0
SYN00075,54,-17,2274,1,3,1,0,0,0
SYN00075,55,-20,2251,0,3,1,0,0,0
SYN00075,56,-20,2236,1,3,1,0,0,0
SYN00075,57,-20,2236,1,3,1,0,0,0
SYN00075,58,-20,2227,0,4,1,0,0,0
SYN00075,59,-20,2222,1,4,1,0,0,0
SYN00075,60,-20,2222,1,4,1,0,0,0
SYN00075,61,-20,2204,0,4,1,0,0,0
SYN00075,62,-20,2204,0,4,1,0,0,0
SYN00075,63,-18,2182,1,4,1,0,0,0
SYN00075,64,-18,2162,0,5,1,1,0,0
SYN00075,65,-18,2160,1,5,1,1,0,0
SYN00075,66,-18,2160,1,5,1,1,0,0
SYN00075,67,-18,2160,0,5,1,1,0,0
SYN00075,68,-18,2160,0,5,1,1,0,0
SYN00075,69,-18,2143,0,5,1,1,0,0
SYN00075,70,-18,2143,0,5,1,1,0,0
SYN00075,71,-18,2133,1,5,1,1,0,0
SYN00075,72,-18,2133,1,5,1,1,0,0
SYN00075,73,-20,2115,0,5,1,1,0,0
SYN00075,74,-17,2092,1,5,1,1,0,0
SYN00075,75,-19,2087,0,5,1,1,0,0
SYN00075,76,-19,2072,1,5,1,1,0,0
SYN00075,77,-19,2072,1,5,1,1,0,0
SYN00075,78,-19,2054,0,5,1,1,0,0
SYN00075,79,-19,2054,0,5,1,1,0,0
SYN00075,80,-17,2047,1,5,1,1,0,0
SYN00075,81,-19,2025,0,5,1,1,0,0
SYN00075,82,-17,2018,1,5,1,1,0,0
SYN00075,83,-20,2000,0,5,1,1,0,0
SYN00075,84,-20,1991,1,5,2,1,0,0
SYN00075,85,-23,1977,0,5,2,1,0,0
SYN00075,86,-23,1969,1,5,3,1,0,0
SYN00075,87,-25,1964,0,5,3,1,0,0
SYN00075,88,-25,1940,1,5,4,1,0,0
SYN00075,89,-25,1925,0,5,4,1,0,0
SYN00075,90,-25,1925,0,5,4,1,0,0
SYN00075,91,-25,1902,1,5,4,1,0,0
SYN00075,92,-25,1902,1,5,4,1,0,0
SYN00075,93,-27,1880,0,5,4,1,0,0
SYN00075,94,-27,1861,1,5,5,1,1,0
SYN00075,95,-27,1847,0,5,5,1,1,0
SYN00075,96,-25,1826,1,5,5,1,1,0
SYN00075,97,-25,1820,0,5,5,1,1,0
SYN00075,98,-25,1820,0,5,5,1,1,0
SYN00075,99,-25,1798,1,5,5,1,1,0
SYN00075,100,-25,1798,1,5,5,1,1,0
SYN00075,101,-25,1783,0,5,5,1,1,0
SYN00075,102,-25,1783,0,5,5,1,1,0
SYN00075,103,-25,1763,1,5,5,1,1,0
SYN00075,104,-25,1763,1,5,5,1,1,0
SYN00075,105,-25,1748,0,5,5,1,1,0
SYN00075,106,-25,1748,0,5,5,1,1,0
SYN00075,107,-25,1735,1,5,5,1,1,0
SYN00075,108,-25,1735,1,5,5,1,1,0
SYN00075,109,-25,1721,0,5,5,1,1,0
SYN00075,110,-25,1702,1,5,5,1,1,0
SYN00075,111,-25,1702,1,5,5,1,1,0
SYN00075,112,-25,1679,0,6,5,1,1,0
SYN00075,113,-22,1668,1,6,5,1,1,0
SYN00075,114,-24,1650,0,6,5,1,1,0
SYN00075,115,-22,1633,1,6,5,1,1,0
SYN00075,116,-22,1614,0,6,5,1,1,0
SYN00075,117,-22,1614,0,6,5,1,1,0
SYN00075,118,-20,1608,1,6,5,1,1,0
SYN00075,119,-22,1599,0,6,5,1,1,0
SYN00075,120,-20,1577,1,6,5,1,1,0
SYN00075,121,-20,1567,0,6,5,1,1,0
SYN00075,122,-20,1567,0,6,5,1,1,0
SYN00075,123,-18,1554,1,6,5,1,1,0
SYN00075,124,-21,1549,0,6,5,1,1,0
SYN00075,125,-21,1527,1,6,5,1,1,0
SYN00075,126,-21,1527,1,6,5,1,1,0
SYN00075,127,-23,1521,0,6,5,1,1,0
SYN00075,128,-23,1509,1,6,6,1,1,0
SYN00075,129,-26,1495,0,6,6,1,1,0
SYN00075,130,-24,1481,1,6,6,1,1,0
SYN00075,131,-27,1469,0,6,6,1,1,0
SYN00075,132,-25,1448,1,6,6,1,1,0
SYN00075,133,-25,1440,0,6,6,1,1,0
SYN00075,134,-25,1440,0,6,6,1,1,0
SYN00075,135,-25,1440,1,6,6,1,1,0
SYN00075,136,-25,1440,1,6,6,1,1,0
SYN00075,137,-25,1430,1,6,7,1,1,0
SYN00075,138,-25,1415,0,6,7,1,1,0
SYN00075,139,-25,1415,0,6,7,1,1,0
SYN00075,140,-25,1402,1,6,7,1,1,0
SYN00075,141,-25,1402,1,6,7,1,1,0
SYN00075,142,-25,1395,0,7,7,1,1,0
SYN00075,143,-25,1389,1,7,7,1,1,0
SYN00075,144,-25,1389,1,7,7,1,1,0
SYN00075,145,-27,1367,0,7,7,1,1,0
SYN00075,146,-25,1354,1,7,7,1,1,0
SYN00075,147,-25,1330,0,7,7,1,1,0
SYN00075,148,-25,1330,0,7,7,1,1,0
SYN00075,149,-25,1320,1,7,7,1,1,0
SYN00075,150,-25,1320,1,7,7,1,1,0
SYN00075,151,-27,1304,0,7,7,1,1,0
SYN00075,152,-25,1290,1,7,7,1,1,0
SYN00075,153,-25,1273,0,7,7,1,1,0
SYN00075,154,-25,1273,0,7,7,1,1,0
SYN00075,155,-23,1260,1,7,7,1,1,0
SYN00075,156,-23,1255,0,7,7,1,1,0
SYN00075,157,-23,1255,0,7,7,1,1,0
SYN00075,158,-20,1245,1,7,7,1,1,0
SYN00075,159,-20,1232,0,7,7,1,1,0
SYN00075,160,-20,1232,0,7,7,1,1,0
SYN00075,161,-17,1217,1,7,7,1,1,0
SYN00075,162,-17,1209,0,7,7,1,1,0
SYN00075,163,-17,1209,0,7,7,1,1,0
SYN00075,164,-17,1202,1,7,8,1,1,0
SYN00075,165,-17,1186,0,7,8,1,1,0
SYN00075,166,-17,1186,0,7,8,1,1,0
SYN00075,167,-17,1170,1,7,8,1,1,0
SYN00075,168,-17,1153,0,7,8,1,1,0
SYN00075,169,-17,1153,0,7,8,1,1,0
SYN00075,170,-17,1147,1,7,8,1,1,0
SYN00075,171,-17,1147,1,7,8,1,1,0
SYN00075,172,-17,1128,0,7,8,1,1,0
SYN00075,173,-17,1128,0,7,8,1,1,0
SYN00075,174,-17,1105,1,7,8,1,1,0
SYN00075,175,-17,1105,1,7,8,1,1,0
SYN00075,176,-20,1089,0,7,8,1,1,0
SYN00075,177,-20,1084,1,7,8,1,1,0
SYN00075,178,-20,1084,1,7,8,1,1,0
SYN00075,179,-23,1060,0,7,8,1,1,0
SYN00075,180,-23,1041,1,7,8,1,1,0
SYN00075,181,-23,1041,1,7,8,1,1,0
SYN00075,182,-23,1034,0,7,8,1,1,0
SYN00075,183,-23,1034,0,7,8,1,1,0
SYN00075,184,-21,1012,1,7,8,1,1,0
SYN00075,185,-21,993,0,7,8,1,1,0
SYN00075,186,-21,993,0,7,8,1,1,0
SYN00075,187,-18,978,1,7,8,1,1,0
SYN00075,188,-18,964,0,7,8,1,1,0
SYN00075,189,-18,964,0,7,8,1,1,0
SYN00075,190,-18,950,1,7,8,1,1,0
SYN00075,191,-18,950,1,7,8,1,1,0
SYN00075,192,-20,927,0,7,8,1,1,0
SYN00075,193,-20,903,1,7,8,1,1,0
SYN00075,194,-20,903,1,7,8,1,1,0
SYN00075,195,-20,882,0,7,8,1,1,0
SYN00075,196,-20,882,0,7,8,1,1,0
SYN00075,197,-18,872,1,7,8,1,1,0
SYN00075,198,-18,854,0,7,8,1,1,0
SYN00075,199,-18,854,0,7,8,1,1,0
SYN00075,200,-18,848,1,7,8,1,1,0
SYN00075,201,-18,848,1,7,8,1,1,0
SYN00075,202,-20,842,0,7,8,1,1,0
SYN00075,203,-20,837,1,7,8,1,1,0
SYN00075,204,-20,837,1,7,8,1,1,0
SYN00075,205,-23,832,0,7,8,1,1,0
SYN00075,206,-21,809,1,7,8,1,1,0
SYN00075,207,-24,788,0,7,8,1,1,0
SYN00075,208,-22,765,1,7,8,1,1,0
SYN00075,209,-24,742,0,7,8,1,1,0
SYN00075,210,-22,729,1,7,8,1,1,0
SYN00075,211,-22,720,0,7,8,1,1,0
SYN00075,212,-22,720,0,7,8,1,1,0
SYN00075,213,-22,720,1,7,8,1,1,0
SYN00075,214,-22,720,1,7,8,1,1,0
SYN00075,215,-22,713,1,7,8,1,1,0
SYN00075,216,-22,713,1,7,8,1,1,0
SYN00075,217,-22,706,0,7,8,1,1,0
SYN00075,218,-22,706,0,7,8,1,1,0
SYN00075,219,-22,691,1,7,8,1,1,0
SYN00075,220,-22,691,1,7,8,1,1,0
SYN00075,221,-22,684,0,7,8,1,1,0
SYN00075,222,-19,677,1,7,8,1,1,0
SYN00075,223,-21,662,0,7,8,1,1,0
SYN00075,224,-21,657,1,7,8,1,1,0
SYN00075,225,-21,657,1,7,8,1,1,0
SYN00075,226,-21,639,0,7,8,1,1,0
SYN00075,227,-21,639,0,7,8,1,1,0
SYN00075,228,-21,629,1,7,8,1,1,0
SYN00075,229,-21,629,1,7,8,1,1,0
SYN00075,230,-21,607,0,7,8,1,1,0
SYN00075,231,-21,607,0,7,8,1,1,0
SYN00075,232,-21,595,1,7,8,1,1,0
SYN00075,233,-21,595,1,7,8,1,1,0
SYN00075,234,-21,582,0,7,8,1,1,0
SYN00075,235,-21,574,1,7,9,1,1,0
SYN00075,236,-21,568,0,7,9,1,1,0
SYN00075,237,-21,568,0,7,9,1,1,0
SYN00075,238,-19,549,1,7,9,1,1,0
SYN00075,239,-21,530,0,7,9,1,1,0
SYN00075,240,-18,508,1,7,9,1,1,0
SYN00075,241,-18,487,0,7,9,1,1,0
SYN00075,242,-18,487,0,7,9,1,1,0
SYN00075,243,-18,473,1,7,9,1,1,0
SYN00075,244,-18,473,1,7,9,1,1,0
SYN00075,245,-18,454,0,7,9,1,1,0
SYN00075,246,-18,454,0,7,9,1,1,0
SYN00075,247,-18,449,1,7,9,1,1,0
SYN00075,248,-18,449,1,7,9,1,1,0
SYN00075,249,-20,425,0,7,9,1,1,0
SYN00075,250,-20,418,1,7,9,1,1,0
SYN00075,251,-20,418,1,7,9,1,1,0
SYN00075,252,-20,394,0,7,9,1,1,0
SYN00075,253,-20,394,0,7,9,1,1,0
SYN00075,254,-18,381,1,7,9,1,1,0
SYN00075,255,-18,368,0,7,9,1,1,0
SYN00075,256,-18,368,0,7,9,1,1,0
SYN00075,257,-16,347,1,7,9,1,1,0
SYN00075,258,-16,340,0,7,9,1,1,0
SYN00075,259,-16,340,0,7,9,1,1,0
SYN00075,260,-16,316,1,7,9,1,1,0
SYN00075,261,-16,316,1,7,9,1,1,0
SYN00075,262,-16,296,0,7,9,1,1,0
SYN00075,263,-16,296,0,7,9,1,1,0
SYN00075,264,-16,276,1,7,9,1,1,0
SYN00075,265,-16,276,1,7,9,1,1,0
SYN00075,266,-16,268,0,8,9,1,1,0
SYN00075,267,-14,245,1,8,9,1,1,0
SYN00075,268,-14,234,0,8,9,1,1,0
SYN00075,269,-14,226,1,8,9,1,1,0
SYN00075,270,-14,226,1,8,9,1,1,0
SYN00075,271,-14,217,0,8,9,1,1,0
SYN00075,272,-12,201,1,8,9,1,1,0
SYN00075,273,-14,188,0,8,9,1,1,0
SYN00075,274,-12,172,1,8,9,1,1,0
SYN00075,275,-12,148,0,8,9,1,1,0
SYN00075,276,-12,148,0,8,9,1,1,0
SYN00075,277,-12,136,1,8,9,1,1,0
SYN00075,278,-14,115,0,8,9,1,1,0
SYN00075,279,-11,93,1,8,9,1,1,0
SYN00075,280,-11,80,0,8,9,1,1,0
SYN00075,281,-11,80,0,8,9,1,1,0
SYN00075,282,-11,56,1,8,9,1,1,0
SYN00075,283,-13,42,0,8,9,1,1,0
SYN00075,284,-11,34,1,8,9,1,1,0
SYN00075,285,-13,10,0,8,9,1,1,0
SYN00075,286,-13,3,1,8,9,1,1,0
SYN00075,287,-13,0,0,8,9,1,1,0
SYN00075,288,-13,0,0,8,9,1,1,0
SYN00075,289,-13,0,1,8,9,1,1,0
SYN00076,1,0,2880,1,0,0,0,0,1
SYN00076,2,0,2868,1,0,1,0,0,1
SYN00076,3,0,2845,0,0,1,0,0,1
SYN00076,4,0,2845,0,0,1,0,0,1
SYN00076,5,2,2828,1,0,1,0,0,1
SYN00076,6,2,2823,0,0,1,0,0,1
SYN00076,7,2,2823,0,0,1,0,0,1
SYN00076,8,2,2800,1,0,1,0,0,1
SYN00076,9,2,2800,1,0,1,0,0,1
SYN00076,10,2,2781,0,0,1,0,0,1
SYN00076,11,2,2781,0,0,1,0,0,1
SYN00076,12,2,2763,1,0,1,0,0,1
SYN00076,13,2,2763,1,0,1,0,0,1
SYN00076,14,2,2748,0,0,1,0,0,1
SYN00076,15,2,2748,0,0,1,0,0,1
SYN00076,16,2,2726,1,0,2,0,0,1
SYN00076,17,2,2702,0,0,2,0,0,1
SYN00076,18,4,2693,1,0,2,0,0,1
SYN00076,19,4,2671,0,0,2,0,0,1
SYN00076,20,4,2671,0,0,2,0,0,1
SYN00076,21,4,2651,1,0,2,0,0,1
SYN00076,22,4,2651,1,0,2,0,0,1
SYN00076,23,4,2628,0,1,2,0,0,1
SYN00076,24,4,2617,1,1,2,0,0,1
SYN00076,25,4,2617,1,1,2,0,0,1
SYN00076,26,4,2607,0,1,2,0,0,1
SYN00076,27,4,2607,0,1,2,0,0,1
SYN00076,28,4,2594,1,1,2,0,0,1
SYN00076,29,4,2594,1,1,2,0,0,1
SYN00076,30,2,2578,0,1,2,0,0,1
SYN00076,31,2,2556,1,1,2,0,0,1
SYN00076,32,2,2556,1,1,2,0,0,1
SYN00076,33,-1,2540,0,1,2,0,0,1
SYN00076,34,1,2518,1,1,2,0,0,1
SYN00076,35,1,2497,0,1,2,0,0,1
SYN00076,36,4,2488,1,1,2,0,0,1
SYN00076,37,4,2478,0,2,2,0,0,1
SYN00076,38,6,2457,1,2,2,0,0,1
SYN00076,39,6,2443,0,2,2,0,0,1
SYN00076,40,6,2443,0,2,2,0,0,1
SYN00076,41,8,2419,1,2,2,0,0,1
SYN00076,42,6,2403,0,2,2,0,0,1
SYN00076,43,8,2381,1,2,2,0,0,1
SYN00076,44,6,2357,0,2,2,0,0,1
SYN00076,45,8,2340,1,2,2,0,0,1
SYN00076,46,5,2335,0,2,2,0,0,1
SYN00076,47,7,2325,1,2,2,0,0,1
SYN00076,48,7,2305,0,2,2,0,0,1
SYN00076,49,7,2305,0,2,2,0,0,1
SYN00076,50,7,2290,1,2,2,0,0,1
SYN00076,51,7,2290,1,2,2,0,0,1
SYN00076,52,7,2271,0,2,2,0,0,1
SYN00076,53,7,2271,0,2,2,0,0,1
SYN00076,54,9,2257,1,2,2,0,0,1
SYN00076,55,7,2235,0,2,2,0,0,1
SYN00076,56,7,2220,1,2,2,0,0,1
SYN00076,57,7,2220,1,2,2,0,0,1
SYN00076,58,7,2211,0,2,2,0,0,1
SYN00076,59,7,2211,0,2,2,0,0,1
SYN00076,60,7,2189,1,2,2,0,0,1
SYN00076,61,4,2169,0,2,2,0,0,1
SYN00076,62,6,2160,1,2,2,0,0,1
SYN00076,63,6,2160,0,2,2,0,0,1
SYN00076,64,6,2160,0,2,2,0,0,1
SYN00076,65,6,2153,0,2,2,0,0,1
SYN00076,66,6,2153,0,2,2,0,0,1
SYN00076,67,6,2131,1,2,3,0,0,1
SYN00076,68,4,2126,0,2,3,0,0,1
SYN00076,69,6,2106,1,2,3,0,0,1
SYN00076,70,4,2091,0,2,3,0,0,1
SYN00076,71,4,2071,1,2,3,0,0,1
SYN00076,72,4,2071,1,2,3,0,0,1
SYN00076,73,2,2066,0,2,3,0,0,1
SYN00076,74,2,2042,1,2,3,0,0,1
SYN00076,75,2,2042,1,2,3,0,0,1
SYN00076,76,-1,2028,0,2,3,0,0,1
SYN00076,77,1,2010,1,2,3,0,0,1
SYN00076,78,1,1996,0,2,3,0,0,1
SYN00076,79,1,1996,0,2,3,0,0,1
SYN00076,80,4,1976,1,2,3,0,0,1
SYN00076,81,2,1955,0,2,3,0,0,1
SYN00076,82,2,1943,1,2,3,0,0,1
SYN00076,83,2,1943,1,2,3,0,0,1
SYN00076,84,2,1930,0,2,3,0,0,1
SYN00076,85,4,1910,1,2,3,0,0,1
SYN00076,86,1,1888,0,2,3,0,0,1
SYN00076,87,1,1880,1,2,3,0,0,1
SYN00076,88,1,1880,1,2,3,0,0,1
SYN00076,89,1,1860,0,2,3,0,0,1
SYN00076,90,1,1860,0,2,3,0,0,1
SYN00076,91,1,1838,1,2,3,0,0,1
SYN00076,92,1,1838,1,2,3,0,0,1
SYN00076,93,1,1823,0,2,3,0,0,1
SYN00076,94,1,1823,0,2,3,0,0,1
SYN00076,95,1,1799,1,2,3,0,0,1
SYN00076,96,1,1799,1,2,3,0,0,1
SYN00076,97,-1,1782,0,2,3,0,0,1
SYN00076,98,-1,1768,1,2,3,0,0,1
SYN00076,99,-1,1768,1,2,3,0,0,1
SYN00076,100,-3,1751,0,2,3,0,0,1
SYN00076,101,-1,1731,1,2,3,0,0,1
SYN00076,102,-1,1714,0,2,3,0,0,1
SYN00076,103,-1,1714,0,2,3,0,0,1
SYN00076,104,1,1696,1,2,3,0,0,1
SYN00076,105,-1,1676,0,2,3,0,0,1
SYN00076,106,1,1665,1,2,3,0,0,1
SYN00076,107,1,1652,0,2,3,0,0,1
SYN00076,108,1,1652,0,2,3,0,0,1
SYN00076,109,1,1644,1,2,3,0,0,1
SYN00076,110,1,1644,1,2,3,0,0,1
SYN00076,111,-1,1629,0,2,3,0,0,1
SYN00076,112,1,1616,1,2,3,0,0,1
SYN00076,113,1,1596,0,2,3,0,0,1
SYN00076,114,1,1596,0,2,3,0,0,1
SYN00076,115,1,1585,1,2,3,0,0,1
SYN00076,116,1,1573,0,2,3,0,0,1
SYN00076,117,1,1559,1,2,4,0,0,1
SYN00076,118,1,1541,0,2,4,0,0,1
SYN00076,119,1,1522,1,2,4,0,0,1
SYN00076,120,1,1522,1,2,4,0,0,1
SYN00076,121,1,1499,0,2,4,0,0,1
SYN00076,122,1,1499,0,2,4,0,0,1
SYN00076,123,1,1483,1,2,4,0,0,1
SYN00076,124,1,1483,1,2,4,0,0,1
SYN00076,125,1,1476,0,3,4,0,0,1
SYN00076,126,1,1459,1,3,4,0,0,1
SYN00076,127,1,1459,1,3,4,0,0,1
SYN00076,128,1,1440,0,3,4,0,0,1
SYN00076,129,1,1440,0,3,4,0,0,1
SYN00076,130,1,1440,1,3,4,0,0,1
SYN00076,131,1,1440,1,3,4,0,0,1
SYN00076,132,1,1429,1,3,4,0,0,1
SYN00076,133,1,1429,1,3,4,0,0,1
SYN00076,134,1,1413,0,3,4,0,0,1
SYN00076,135,1,1413,0,3,4,0,0,1
SYN00076,136,1,1398,1,3,4,0,0,1
SYN00076,137,1,1398,1,3,4,0,0,1
SYN00076,138,1,1380,0,3,4,0,0,1
SYN00076,139,1,1380,0,3,4,0,0,1
SYN00076,140,4,1356,1,3,4,0,0,1
SYN00076,141,4,1346,0,3,4,0,0,1
SYN00076,142,4,1346,0,3,4,0,0,1
SYN00076,143,4,1329,1,3,5,0,1,1
SYN00076,144,2,1310,0,3,5,0,1,1
SYN00076,145,2,1287,1,3,5,0,1,1
SYN00076,146,2,1287,1,3,5,0,1,1
SYN00076,147,2,1275,0,3,5,0,1,1
SYN00076,148,2,1275,0,3,5,0,1,1
SYN00076,149,2,1270,1,3,6,0,1,1
SYN00076,150,2,1265,0,3,6,0,1,1
SYN00076,151,2,1265,0,3,6,0,1,1
SYN00076,152,2,1256,1,3,6,0,1,1
SYN00076,153,2,1256,1,3,6,0,1,1
SYN00076,154,0,1238,0,3,6,0,1,1
SYN00076,155,0,1221,1,3,6,0,1,1
SYN00076,156,0,1221,1,3,6,0,1,1
SYN00076,157,-2,1208,0,3,6,0,1,1
SYN00076,158,0,1185,1,3,6,0,1,1
SYN00076,159,0,1174,0,4,6,0,1,1
SYN00076,160,2,1165,1,4,6,0,1,1
SYN00076,161,0,1152,0,4,6,0,1,1
SYN00076,162,3,1142,1,4,6,0,1,1
SYN00076,163,3,1130,0,5,6,1,1,1
SYN00076,164,5,1116,1,5,6,1,1,1
SYN00076,165,5,1094,0,6,6,1,1,1
SYN00076,166,7,1088,1,6,6,1,1,1
SYN00076,167,7,1066,0,6,6,1,1,1
SYN00076,168,7,1066,0,6,6,1,1,1
SYN00076,169,7,1050,1,6,6,1,1,1
SYN00076,170,7,1050,1,6,6,1,1,1
SYN00076,171,4,1043,0,6,6,1,1,1
SYN00076,172,4,1033,1,6,6,1,1,1
SYN00076,173,4,1012,0,7,6,1,1,1
SYN00076,174,4,997,1,7,6,1,1,1
SYN00076,175,4,997,1,7,6,1,1,1
SYN00076,176,4,984,0,7,6,1,1,1
SYN00076,177,4,984,0,7,6,1,1,1
SYN00076,178,4,971,1,7,6,1,1,1
SYN00076,179,2,955,0,7,6,1,1,1
SYN00076,180,2,950,1,7,6,1,1,1
SYN00076,181,2,945,0,7,6,1,1,1
SYN00076,182,2,945,0,7,6,1,1,1
SYN00076,183,2,939,1,7,6,1,1,1
SYN00076,184,0,922,0,7,6,1,1,1
SYN00076,185,0,912,1,7,6,1,1,1
SYN00076,186,0,912,1,7,6,1,1,1
SYN00076,187,0,896,0,7,6,1,1,1
SYN00076,188,0,896,0,7,6,1,1,1
SYN00076,189,3,890,1,7,6,1,1,1
SYN00076,190,3,866,0,7,6,1,1,1
SYN00076,191,3,866,0,7,6,1,1,1
SYN00076,192,3,851,1,7,6,1,1,1
SYN00076,193,3,851,1,7,6,1,1,1
SYN00076,194,1,831,0,7,6,1,1,1
SYN00076,195,3,814,1,7,6,1,1,1
SYN00076,196,3,806,0,7,6,1,1,1
SYN00076,197,3,806,0,7,6,1,1,1
SYN00076,198,3,788,1,7,7,1,1,1
SYN00076,199,1,781,0,7,7,1,1,1
SYN00076,200,1,766,1,7,7,1,1,1
SYN00076,201,1,766,1,7,7,1,1,1
SYN00076,202,1,756,0,7,7,1,1,1
SYN00076,203,3,732,1,7,7,1,1,1
SYN00076,204,3,720,0,7,7,1,1,1
SYN00076,205,3,720,0,7,7,1,1,1
SYN00076,206,3,720,1,7,7,1,1,1
SYN00076,207,3,720,1,7,7,1,1,1
SYN00076,208,3,703,1,7,7,1,1,1
SYN00076,209,0,681,0,7,7,1,1,1
SYN00076,210,2,671,1,7,7,1,1,1
SYN00076,211,2,656,0,7,7,1,1,1
SYN00076,212,2,656,0,7,7,1,1,1
SYN00076,213,4,634,1,7,7,1,1,1
SYN00076,214,1,625,0,7,7,1,1,1
SYN00076,215,3,609,1,7,7,1,1,1
SYN00076,216,3,603,0,7,7,1,1,1
SYN00076,217,3,603,0,7,7,1,1,1
SYN00076,218,3,593,1,7,7,1,1,1
SYN00076,219,3,581,0,8,7,1,1,1
SYN00076,220,5,573,1,8,7,1,1,1
SYN00076,221,3,558,0,8,7,1,1,1
SYN00076,222,5,540,1,8,7,1,1,1
SYN00076,223,3,526,0,8,7,1,1,1
SYN00076,224,3,509,1,8,7,1,1,1
SYN00076,225,3,509,1,8,7,1,1,1
SYN00076,226,3,503,0,8,7,1,1,1
SYN00076,227,3,503,0,8,7,1,1,1
SYN00076,228,6,491,1,8,7,1,1,1
SYN00076,229,6,471,0,8,7,1,1,1
SYN00076,230,6,471,0,8,7,1,1,1
SYN00076,231,6,457,1,8,8,1,1,1
SYN00076,232,6,444,0,8,8,1,1,1
SYN00076,233,6,444,0,8,8,1,1,1
SYN00076,234,6,439,1,8,8,1,1,1
SYN00076,235,6,439,1,8,8,1,1,1
SYN00076,236,6,429,0,8,8,1,1,1
SYN00076,237,8,408,1,8,8,1,1,1
SYN00076,238,6,392,0,8,8,1,1,1
SYN00076,239,8,374,1,8,8,1,1,1
SYN00076,240,8,353,0,8,8,1,1,1
SYN00076,241,8,353,0,8,8,1,1,1
SYN00076,242,8,339,1,8,8,1,1,1
SYN00076,243,8,339,1,8,8,1,1,1
SYN00076,244,8,316,0,8,8,1,1,1
SYN00076,245,8,316,0,8,8,1,1,1
SYN00076,246,8,304,1,8,8,1,1,1
SYN00076,247,8,304,1,8,8,1,1,1
SYN00076,248,8,299,0,8,8,1,1,1
SYN00076,249,10,281,1,8,8,1,1,1
SYN00076,250,10,269,0,8,8,1,1,1
SYN00076,251,10,269,0,8,8,1,1,1
SYN00076,252,10,250,1,8,8,1,1,1
SYN00076,253,10,250,1,8,8,1,1,1
SYN00076,254,10,227,0,8,8,1,1,1
SYN00076,255,10,227,0,8,8,1,1,1
SYN00076,256,10,222,1,8,8,1,1,1
SYN00076,257,10,222,1,8,8,1,1,1
SYN00076,258,10,203,0,8,8,1,1,1
SYN00076,259,10,203,0,8,8,1,1,1
SYN00076,260,12,191,1,8,8,1,1,1
SYN00076,261,10,182,0,8,8,1,1,1
SYN00076,262,10,160,1,8,8,1,1,1
SYN00076,263,10,160,1,8,8,1,1,1
SYN00076,264,7,152,0,8,8,1,1,1
SYN00076,265,7,143,1,8,8,1,1,1
SYN00076,266,7,143,1,8,8,1,1,1
SYN00076,267,7,124,0,8,8,1,1,1
SYN00076,268,7,124,0,8,8,1,1,1
SYN00076,269,7,102,1,8,8,1,1,1
SYN00076,270,5,82,0,8,8,1,1,1
SYN00076,271,5,61,1,8,8,1,1,1
SYN00076,272,5,61,1,8,8,1,1,1
SYN00076,273,3,43,0,8,8,1,1,1
SYN00076,274,3,24,1,8,8,1,1,1
SYN00076,275,1,15,0,8,8,1,1,1
SYN00076,276,1,0,1,8,8,1,1,1
SYN00076,277,1,0,1,8,8,1,1,1
SYN00076,278,1,0,0,8,8,1,1,1
SYN00077,1,0,2880,1,0,0,0,0,1
SYN00077,2,0,2872,1,0,0,0,0,1
SYN00077,3,0,2872,1,0,0,0,0,1
SYN00077,4,0,2865,0,0,0,0,0,1
SYN00077,5,0,2865,0,0,0,0,0,1
SYN00077,6,2,2857,1,0,0,0,0,1
SYN00077,7,0,2847,0,0,0,0,0,1
SYN00077,8,0,2830,1,0,0,0,0,1
SYN00077,9,0,2830,1,0,0,0,0,1
SYN00077,10,0,2812,0,0,0,0,0,1
SYN00077,11,0,2812,0,0,0,0,0,1
SYN00077,12,0,2799,1,0,1,0,0,1
SYN00077,13,0,2782,0,0,1,0,0,1
SYN00077,14,0,2782,0,0,1,0,0,1
SYN00077,15,2,2765,1,0,1,0,0,1
SYN00077,16,2,2756,0,0,1,0,0,1
SYN00077,17,2,2756,0,0,1,0,0,1
SYN00077,18,2,2743,1,0,1,0,0,1
SYN00077,19,-1,2732,0,0,1,0,0,1
SYN00077,20,-1,2715,1,0,1,0,0,1
SYN00077,21,-1,2715,1,0,1,0,0,1
SYN00077,22,-1,2708,0,0,1,0,0,1
SYN00077,23,-1,2708,0,0,1,0,0,1
SYN00077,24,1,2697,1,0,1,0,0,1
SYN00077,25,-1,2682,0,0,1,0,0,1
SYN00077,26,-1,2659,1,0,2,0,0,1
SYN00077,27,-1,2649,0,0,2,0,0,1
SYN00077,28,-1,2649,0,0,2,0,0,1
SYN00077,29,-1,2641,1,0,2,0,0,1
SYN00077,30,-1,2641,1,0,2,0,0,1
SYN00077,31,-3,2626,0,0,2,0,0,1
SYN00077,32,0,2603,1,0,2,0,0,1
SYN00077,33,0,2594,0,0,2,0,0,1
SYN00077,34,0,2594,0,0,2,0,0,1
SYN00077,35,3,2571,1,0,2,0,0,1
SYN00077,36,3,2552,0,0,2,0,0,1
SYN00077,37,3,2552,0,0,2,0,0,1
SYN00077,38,6,2528,1,0,2,0,0,1
SYN00077,39,6,2515,0,0,2,0,0,1
SYN00077,40,6,2515,0,0,2,0,0,1
SYN00077,41,6,2499,1,0,3,0,0,1
SYN00077,42,6,2483,0,0,3,0,0,1
SYN00077,43,6,2483,0,0,3,0,0,1
SYN00077,44,6,2476,1,0,3,0,0,1
SYN00077,45,6,2476,1,0,3,0,0,1
SYN00077,46,4,2452,0,0,3,0,0,1
SYN00077,47,4,2445,1,0,3,0,0,1
SYN00077,48,4,2445,1,0,3,0,0,1
SYN00077,49,2,2422,0,0,3,0,0,1
SYN00077,50,2,2416,1,0,3,0,0,1
SYN00077,51,2,2416,1,0,3,0,0,1
SYN00077,52,2,2392,0,1,3,0,0,1
SYN00077,53,5,2375,1,1,3,0,0,1
SYN00077,54,5,2369,0,2,3,0,0,1
SYN00077,55,7,2354,1,2,3,0,0,1
SYN00077,56,5,2332,0,2,3,0,0,1
SYN00077,57,7,2311,1,2,3,0,0,1
SYN00077,58,7,2290,0,2,3,0,0,1
SYN00077,59,7,2290,0,2,3,0,0,1
SYN00077,60,7,2275,1,2,3,0,0,1
SYN00077,61,7,2275,1,2,3,0,0,1
SYN00077,62,5,2257,0,2,3,0,0,1
SYN00077,63,5,2247,1,2,3,0,0,1
SYN00077,64,5,2247,1,2,3,0,0,1
SYN00077,65,5,2236,0,3,3,0,0,1
SYN00077,66,8,2227,1,3,3,0,0,1
SYN00077,67,8,2209,0,3,3,0,0,1
SYN00077,68,8,2209,0,3,3,0,0,1
SYN00077,69,8,2203,1,3,3,0,0,1
SYN00077,70,8,2203,1,3,3,0,0,1
SYN00077,71,8,2190,0,3,3,0,0,1
SYN00077,72,8,2190,0,3,3,0,0,1
SYN00077,73,8,2167,1,3,3,0,0,1
SYN00077,74,8,2167,1,3,3,0,0,1
SYN00077,75,8,2162,0,3,3,0,0,1
SYN00077,76,8,2160,1,3,3,0,0,1
SYN00077,77,8,2160,1,3,3,0,0,1
SYN00077,78,8,2160,0,3,3,0,0,1
SYN00077,79,8,2160,0,3,3,0,0,1
SYN00077,80,6,2152,0,3,3,0,0,1
SYN00077,81,6,2138,1,3,3,0,0,1
SYN00077,82,6,2126,0,3,3,0,0,1
SYN00077,83,6,2105,1,3,3,0,0,1
SYN00077,84,6,2085,0,3,3,0,0,1
SYN00077,85,6,2085,0,3,3,0,0,1
SYN00077,86,6,2072,1,3,4,0,0,1
SYN00077,87,4,2052,0,3,4,0,0,1
SYN00077,88,4,2039,1,3,4,0,0,1
SYN00077,89,4,2039,1,3,4,0,0,1
SYN00077,90,1,2028,0,3,4,0,0,1
SYN00077,91,1,2023,1,3,4,0,0,1
SYN00077,92,1,2006,0,3,4,0,0,1
SYN00077,93,1,2006,0,3,4,0,0,1
SYN00077,94,1,1989,1,3,4,0,0,1
SYN00077,95,1,1989,1,3,4,0,0,1
SYN00077,96,1,1969,0,3,4,0,0,1
SYN00077,97,4,1954,1,3,4,0,0,1
SYN00077,98,4,1943,0,4,4,0,0,1
SYN00077,99,6,1933,1,4,4,0,0,1
SYN00077,100,6,1911,0,4,4,0,0,1
SYN00077,101,6,1911,0,4,4,0,0,1
SYN00077,102,6,1887,1,4,4,0,0,1
SYN00077,103,6,1887,1,4,4,0,0,1
SYN00077,104,6,1879,0,5,4,1,0,1
SYN00077,105,8,1867,1,5,4,1,0,1
SYN00077,106,8,1848,0,5,4,1,0,1
SYN00077,107,11,1835,1,5,4,1,0,1
SYN00077,108,11,1830,0,6,4,1,0,1
SYN00077,109,11,1807,1,6,4,1,0,1
SYN00077,110,11,1807,1,6,4,1,0,1
SYN00077,111,11,1783,0,6,4,1,0,1
SYN00077,112,11,1783,0,6,4,1,0,1
SYN00077,113,11,1767,1,6,4,1,0,1
SYN00077,114,11,1767,1,6,4,1,0,1
SYN00077,115,11,1746,0,6,4,1,0,1
SYN00077,116,11,1746,0,6,4,1,0,1
SYN00077,117,14,1732,1,6,4,1,0,1
SYN00077,118,12,1711,0,6,4,1,0,1
SYN00077,119,12,1688,1,6,4,1,0,1
SYN00077,120,12,1688,1,6,4,1,0,1
SYN00077,121,12,1676,0,6,4,1,0,1
SYN00077,122,12,1676,0,6,4,1,0,1
SYN00077,123,14,1668,1,6,4,1,0,1
SYN00077,124,12,1661,0,6,4,1,0,1
SYN00077,125,14,1644,1,6,4,1,0,1
SYN00077,126,14,1622,0,6,4,1,0,1
SYN00077,127,14,1622,0,6,4,1,0,1
SYN00077,128,14,1600,1,6,4,1,0,1
SYN00077,129,14,1600,1,6,4,1,0,1
SYN00077,130,12,1583,0,6,4,1,0,1
SYN00077,131,14,1561,1,6,4,1,0,1
SYN00077,132,14,1537,0,7,4,1,0,1
SYN00077,133,16,1531,1,7,4,1,0,1
SYN00077,134,16,1522,0,8,4,1,0,1
SYN00077,135,16,1511,1,8,4,1,0,1
SYN00077,136,16,1511,1,8,4,1,0,1
SYN00077,137,16,1489,0,8,4,1,0,1
SYN00077,138,16,1489,0,8,4,1,0,1
SYN00077,139,16,1470,1,8,4,1,0,1
SYN00077,140,16,1470,1,8,4,1,0,1
SYN00077,141,13,1457,0,8,4,1,0,1
SYN00077,142,13,1449,1,8,5,1,1,1
SYN00077,143,10,1440,0,8,5,1,1,1
SYN00077,144,10,1440,1,8,5,1,1,1
SYN00077,145,10,1440,1,8,5,1,1,1
SYN00077,146,12,1417,1,8,5,1,1,1
SYN00077,147,12,1402,0,9,5,1,1,1
SYN00077,148,12,1382,1,9,5,1,1,1
SYN00077,149,12,1382,1,9,5,1,1,1
SYN00077,150,12,1364,0,9,5,1,1,1
SYN00077,151,12,1364,0,9,5,1,1,1
SYN00077,152,12,1352,1,9,5,1,1,1
SYN00077,153,12,1352,1,9,5,1,1,1
SYN00077,154,12,1333,0,9,5,1,1,1
SYN00077,155,12,1333,0,9,5,1,1,1
SYN00077,156,14,1322,1,9,5,1,1,1
SYN00077,157,14,1316,0,9,5,1,1,1
SYN00077,158,14,1316,0,9,5,1,1,1
SYN00077,159,14,1299,1,9,6,1,1,1
SYN00077,160,11,1291,0,9,6,1,1,1
SYN00077,161,11,1272,1,9,6,1,1,1
SYN00077,162,11,1272,1,9,6,1,1,1
SYN00077,163,9,1249,0,9,6,1,1,1
SYN00077,164,9,1243,1,9,6,1,1,1
SYN00077,165,9,1243,1,9,6,1,1,1
SYN00077,166,9,1238,0,10,6,1,1,1
SYN00077,167,9,1214,1,10,7,1,1,1
SYN00077,168,9,1207,0,10,7,1,1,1
SYN00077,169,9,1207,0,10,7,1,1,1
SYN00077,170,12,1184,1,10,7,1,1,1
SYN00077,171,12,1173,0,10,7,1,1,1
SYN00077,172,12,1173,0,10,7,1,1,1
SYN00077,173,12,1161,1,10,7,1,1,1
SYN00077,174,12,1161,1,10,7,1,1,1
SYN00077,175,12,1151,0,10,7,1,1,1
SYN00077,176,12,1151,0,10,7,1,1,1
SYN00077,177,12,1143,1,10,7,1,1,1
SYN00077,178,12,1143,1,10,7,1,1,1
SYN00077,179,12,1127,0,10,7,1,1,1
SYN00077,180,12,1127,0,10,7,1,1,1
SYN00077,181,12,1114,1,10,7,1,1,1
SYN00077,182,12,1114,1,10,7,1,1,1
SYN00077,183,12,1102,0,10,7,1,1,1
SYN00077,184,12,1102,0,10,7,1,1,1
SYN00077,185,14,1090,1,10,7,1,1,1
SYN00077,186,14,1072,0,11,7,1,1,1
SYN00077,187,14,1053,1,11,7,1,1,1
SYN00077,188,14,1053,1,11,7,1,1,1
SYN00077,189,12,1037,0,11,7,1,1,1
SYN00077,190,12,1023,1,11,7,1,1,1
SYN00077,191,12,1023,1,11,7,1,1,1
SYN00077,192,12,1007,0,11,7,1,1,1
SYN00077,193,12,1007,0,11,7,1,1,1
SYN00077,194,12,997,1,11,7,1,1,1
SYN00077,195,12,997,1,11,7,1,1,1
SYN00077,196,9,984,0,11,7,1,1,1
SYN00077,197,9,978,1,11,7,1,1,1
SYN00077,198,9,978,1,11,7,1,1,1
SYN00077,199,6,968,0,11,7,1,1,1
SYN00077,200,6,952,1,11,7,1,1,1
SYN00077,201,6,952,1,11,7,1,1,1
SYN00077,202,6,931,0,11,7,1,1,1
SYN00077,203,8,925,1,11,7,1,1,1
SYN00077,204,8,915,0,11,7,1,1,1
SYN00077,205,8,915,0,11,7,1,1,1
SYN00077,206,8,904,1,11,7,1,1,1
SYN00077,207,8,904,1,11,7,1,1,1
SYN00077,208,6,884,0,11,7,1,1,1
SYN00077,209,9,879,1,11,7,1,1,1
SYN00077,210,9,864,0,11,7,1,1,1
SYN00077,211,9,864,0,11,7,1,1,1
SYN00077,212,9,858,1,11,7,1,1,1
SYN00077,213,9,858,1,11,7,1,1,1
SYN00077,214,9,835,0,11,7,1,1,1
SYN00077,215,9,835,0,11,7,1,1,1
SYN00077,216,11,828,1,11,7,1,1,1
SYN00077,217,11,805,0,11,7,1,1,1
SYN00077,218,11,805,0,11,7,1,1,1
SYN00077,219,11,782,1,11,7,1,1,1
SYN00077,220,11,776,0,11,7,1,1,1
SYN00077,221,11,776,0,11,7,1,1,1
SYN00077,222,13,770,1,11,7,1,1,1
SYN00077,223,11,763,0,11,7,1,1,1
SYN00077,224,11,747,1,11,8,1,1,1
SYN00077,225,11,742,0,11,8,1,1,1
SYN00077,226,11,742,0,11,8,1,1,1
SYN00077,227,13,735,1,11,8,1,1,1
SYN00077,228,13,720,0,11,8,1,1,1
SYN00077,229,13,720,0,11,8,1,1,1
SYN00077,230,13,720,1,11,8,1,1,1
SYN00077,231,13,720,1,11,8,1,1,1
SYN00077,232,15,700,1,11,8,1,1,1
SYN00077,233,12,678,0,11,8,1,1,1
SYN00077,234,12,657,1,11,8,1,1,1
SYN00077,235,12,657,1,11,8,1,1,1
SYN00077,236,12,643,0,12,8,1,1,1
SYN00077,237,12,629,1,12,8,1,1,1
SYN00077,238,12,629,1,12,8,1,1,1
SYN00077,239,10,605,0,12,8,1,1,1
SYN00077,240,10,598,1,12,9,1,1,1
SYN00077,241,10,576,0,12,9,1,1,1
SYN00077,242,10,576,0,12,9,1,1,1
SYN00077,243,12,570,1,12,9,1,1,1
SYN00077,244,12,553,0,12,9,1,1,1
SYN00077,245,12,553,0,12,9,1,1,1
SYN00077,246,15,543,1,12,9,1,1,1
SYN00077,247,13,519,0,12,9,1,1,1
SYN00077,248,15,501,1,12,9,1,1,1
SYN00077,249,15,493,0,12,9,1,1,1
SYN00077,250,15,472,1,12,9,1,1,1
SYN00077,251,15,472,1,12,9,1,1,1
SYN00077,252,15,465,0,12,9,1,1,1
SYN00077,253,15,465,0,12,9,1,1,1
SYN00077,254,15,454,1,12,9,1,1,1
SYN00077,255,15,454,1,12,9,1,1,1
SYN00077,256,15,433,0,13,9,1,1,1
SYN00077,257,15,422,1,13,9,1,1,1
SYN00077,258,13,399,0,13,9,1,1,1
SYN00077,259,13,381,1,13,9,1,1,1
SYN00077,260,13,381,1,13,9,1,1,1
SYN00077,261,11,375,0,13,9,1,1,1
SYN00077,262,11,354,1,13,9,1,1,1
SYN00077,263,9,336,0,13,9,1,1,1
SYN00077,264,11,316,1,13,9,1,1,1
SYN00077,265,11,307,0,14,9,1,1,1
SYN00077,266,11,285,1,14,10,1,1,1
SYN00077,267,11,268,0,14,10,1,1,1
SYN00077,268,11,268,0,14,10,1,1,1
SYN00077,269,11,247,1,14,10,1,1,1
SYN00077,270,11,247,1,14,10,1,1,1
SYN00077,271,11,234,0,14,10,1,1,1
SYN00077,272,11,234,0,14,10,1,1,1
SYN00077,273,13,219,1,14,10,1,1,1
SYN00077,274,13,204,0,14,10,1,1,1
SYN00077,275,13,204,0,14,10,1,1,1
SYN00077,276,13,189,1,14,11,1,1,1
SYN00077,277,11,176,0,14,11,1,1,1
SYN00077,278,11,164,1,14,11,1,1,1
SYN00077,279,11,164,1,14,11,1,1,1
SYN00077,280,9,142,0,14,11,1,1,1
SYN00077,281,11,126,1,14,11,1,1,1
SYN00077,282,11,109,0,14,11,1,1,1
SYN00077,283,11,109,0,14,11,1,1,1
SYN00077,284,11,92,1,14,11,1,1,1
SYN00077,285,11,92,1,14,11,1,1,1
SYN00077,286,8,68,0,14,11,1,1,1
SYN00077,287,8,44,1,14,12,1,1,1
SYN00077,288,6,36,0,14,12,1,1,1
SYN00077,289,6,27,1,14,12,1,1,1
SYN00077,290,6,27,1,14,12,1,1,1
SYN00077,291,3,4,0,14,12,1,1,1
SYN00077,292,5,0,1,14,12,1,1,1
SYN00077,293,5,0,0,14,12,1,1,1
SYN00078,1,0,2880,0,0,0,0,0,1
SYN00078,2,0,2863,0,0,0,0,0,1
SYN00078,3,0,2863,0,0,0,0,0,1
SYN00078,4,0,2850,1,0,0,0,0,1
SYN00078,5,0,2850,1,0,0,0,0,1
SYN00078,6,0,2832,0,0,0,0,0,1
SYN00078,7,0,2832,0,0,0,0,0,1
SYN00078,8,0,2820,1,0,0,0,0,1
SYN00078,9,0,2820,1,0,0,0,0,1
SYN00078,10,0,2803,0,0,0,0,0,1
SYN00078,11,0,2803,0,0,0,0,0,1
SYN00078,12,3,2794,1,0,0,0,0,1
SYN00078,13,1,2775,0,0,0,0,0,1
SYN00078,14,4,2758,1,0,0,0,0,1
SYN00078,15,4,2751,0,0,0,0,0,1
SYN00078,16,4,2751,0,0,0,0,0,1
SYN00078,17,4,2737,1,0,0,0,0,1
SYN00078,18,4,2737,1,0,0,0,0,1
SYN00078,19,4,2731,0,0,0,0,0,1
SYN00078,20,4,2731,0,0,0,0,0,1
SYN00078,21,6,2725,1,0,0,0,0,1
SYN00078,22,6,2717,0,0,0,0,0,1
SYN00078,23,6,2717,0,0,0,0,0,1
SYN00078,24,6,2696,1,0,0,0,0,1
SYN00078,25,6,2696,1,0,0,0,0,1
SYN00078,26,4,2674,0,0,0,0,0,1
SYN00078,27,6,2654,1,0,0,0,0,1
SYN00078,28,6,2645,0,0,0,0,0,1
SYN00078,29,6,2645,0,0,0,0,0,1
SYN00078,30,9,2624,1,0,0,0,0,1
SYN00078,31,7,2613,0,0,0,0,0,1
SYN00078,32,9,2597,1,0,0,0,0,1
SYN00078,33,9,2583,0,0,0,0,0,1
SYN00078,34,9,2583,0,0,0,0,0,1
SYN00078,35,11,2568,1,0,0,0,0,1
SYN00078,36,11,2556,0,0,0,0,0,1
SYN00078,37,11,2556,0,0,0,0,0,1
SYN00078,38,11,2538,1,0,0,0,0,1
SYN00078,39,11,2526,0,0,0,0,0,1
SYN00078,40,11,2526,0,0,0,0,0,1
SYN00078,41,11,2510,1,0,0,0,0,1
SYN00078,42,11,2510,1,0,0,0,0,1
SYN00078,43,11,2498,0,0,0,0,0,1
SYN00078,44,11,2492,1,0,0,0,0,1
SYN00078,45,11,2492,1,0,0,0,0,1
SYN00078,46,11,2485,0,0,0,0,0,1
SYN00078,47,11,2485,0,0,0,0,0,1
SYN00078,48,11,2470,1,0,1,0,0,1
SYN00078,49,11,2464,0,1,1,0,0,1
SYN00078,50,11,2457,1,1,1,0,0,1
SYN00078,51,11,2457,1,1,1,0,0,1
SYN00078,52,11,2452,0,1,1,0,0,1
SYN00078,53,11,2452,0,1,1,0,0,1
SYN00078,54,14,2431,1,1,1,0,0,1
SYN00078,55,14,2410,0,2,1,0,0,1
SYN00078,56,14,2395,1,2,1,0,0,1
SYN00078,57,14,2395,1,2,1,0,0,1
SYN00078,58,14,2386,0,2,1,0,0,1
SYN00078,59,16,2376,1,2,1,0,0,1
SYN00078,60,16,2357,0,2,1,0,0,1
SYN00078,61,16,2357,0,2,1,0,0,1
SYN00078,62,18,2348,1,2,1,0,0,1
SYN00078,63,18,2332,0,3,1,0,0,1
SYN00078,64,18,2323,1,3,1,0,0,1
SYN00078,65,18,2323,1,3,1,0,0,1
SYN00078,66,18,2301,0,4,1,0,0,1
SYN00078,67,18,2278,1,4,1,0,0,1
SYN00078,68,18,2278,1,4,1,0,0,1
SYN00078,69,16,2269,0,4,1,0,0,1
SYN00078,70,19,2253,1,4,1,0,0,1
SYN00078,71,17,2233,0,4,1,0,0,1
SYN00078,72,17,2223,1,4,2,0,0,1
SYN00078,73,15,2217,0,4,2,0,0,1
SYN00078,74,15,2212,1,4,2,0,0,1
SYN00078,75,12,2192,0,4,2,0,0,1
SYN00078,76,12,2186,1,4,2,0,0,1
SYN00078,77,12,2186,1,4,2,0,0,1
SYN00078,78,12,2170,0,5,2,1,0,1
SYN00078,79,12,2160,1,5,2,1,0,1
SYN00078,80,12,2160,1,5,2,1,0,1
SYN00078,81,12,2160,0,5,2,1,0,1
SYN00078,82,12,2160,0,5,2,1,0,1
SYN00078,83,10,2145,0,5,2,1,0,1
SYN00078,84,10,2136,1,5,2,1,0,1
SYN00078,85,10,2136,1,5,2,1,0,1
SYN00078,86,10,2124,0,5,2,1,0,1
SYN00078,87,12,2119,1,5,2,1,0,1
SYN00078,88,12,2111,0,5,2,1,0,1
SYN00078,89,12,2111,0,5,2,1,0,1
SYN00078,90,12,2098,1,5,2,1,0,1
SYN00078,91,12,2098,1,5,2,1,0,1
SYN00078,92,12,2081,0,5,2,1,0,1
SYN00078,93,12,2081,0,5,2,1,0,1
SYN00078,94,12,2069,1,5,3,1,0,1
SYN00078,95,10,2049,0,5,3,1,0,1
SYN00078,96,12,2032,1,5,3,1,0,1
SYN00078,97,10,2021,0,5,3,1,0,1
SYN00078,98,13,2015,1,5,3,1,0,1
SYN00078,99,11,2002,0,5,3,1,0,1
SYN00078,100,13,1989,1,5,3,1,0,1
SYN00078,101,13,1969,0,5,3,1,0,1
SYN00078,102,13,1969,0,5,3,1,0,1
SYN00078,103,13,1964,1,5,4,1,0,1
SYN00078,104,13,1955,0,5,4,1,0,1
SYN00078,105,13,1955,0,5,4,1,0,1
SYN00078,106,13,1931,1,5,4,1,0,1
SYN00078,107,13,1931,1,5,4,1,0,1
SYN00078,108,13,1918,0,5,4,1,0,1
SYN00078,109,13,1918,0,5,4,1,0,1
SYN00078,110,15,1912,1,5,4,1,0,1
SYN00078,111,13,1906,0,5,4,1,0,1
SYN00078,112,15,1896,1,5,4,1,0,1
SYN00078,113,13,1874,0,5,4,1,0,1
SYN00078,114,13,1860,1,5,4,1,0,1
SYN00078,115,13,1860,1,5,4,1,0,1
SYN00078,116,13,1848,0,5,4,1,0,1
SYN00078,117,13,1848,0,5,4,1,0,1
SYN00078,118,13,1840,1,5,4,1,0,1
SYN00078,119,13,1840,1,5,4,1,0,1
SYN00078,120,13,1822,0,5,4,1,0,1
SYN00078,121,13,1801,1,5,4,1,0,1
SYN00078,122,13,1801,1,5,4,1,0,1
SYN00078,123,13,1777,0,5,4,1,0,1
SYN00078,124,13,1777,0,5,4,1,0,1
SYN00078,125,15,1762,1,5,4,1,0,1
SYN00078,126,15,1753,0,5,4,1,0,1
SYN00078,127,15,1753,0,5,4,1,0,1
SYN00078,128,17,1746,1,5,4,1,0,1
SYN00078,129,17,1722,0,5,4,1,0,1
SYN00078,130,17,1722,0,5,4,1,0,1
SYN00078,131,17,1711,1,5,4,1,0,1
SYN00078,132,17,1693,0,5,4,1,0,1
SYN00078,133,17,1693,0,5,4,1,0,1
SYN00078,134,20,1681,1,5,4,1,0,1
SYN00078,135,18,1668,0,5,4,1,0,1
SYN00078,136,18,1663,1,5,4,1,0,1
SYN00078,137,18,1663,1,5,4,1,0,1
SYN00078,138,16,1641,0,5,4,1,0,1
SYN00078,139,16,1626,1,5,4,1,0,1
SYN00078,140,16,1626,1,5,4,1,0,1
SYN00078,141,16,1621,0,5,4,1,0,1
SYN00078,142,16,1621,0,5,4,1,0,1
SYN00078,143,16,1603,1,5,4,1,0,1
SYN00078,144,16,1603,1,5,4,1,0,1
SYN00078,145,14,1587,0,5,4,1,0,1
SYN00078,146,14,1569,1,5,4,1,0,1
SYN00078,147,14,1569,1,5,4,1,0,1
SYN00078,148,12,1554,0,5,4,1,0,1
SYN00078,149,12,1547,1,5,4,1,0,1
SYN00078,150,12,1547,1,5,4,1,0,1
SYN00078,151,12,1532,0,5,4,1,0,1
SYN00078,152,12,1532,0,5,4,1,0,1
SYN00078,153,12,1519,1,5,4,1,0,1
SYN00078,154,12,1519,1,5,4,1,0,1
SYN00078,155,12,1505,0,5,4,1,0,1
SYN00078,156,12,1505,0,5,4,1,0,1
SYN00078,157,12,1486,1,5,4,1,0,1
SYN00078,158,12,1486,1,5,4,1,0,1
SYN00078,159,12,1472,0,5,4,1,0,1
SYN00078,160,12,1472,0,5,4,1,0,1
SYN00078,161,15,1458,1,5,4,1,0,1
SYN00078,162,15,1444,0,5,4,1,0,1
SYN00078,163,15,1444,0,5,4,1,0,1
SYN00078,164,15,1440,1,5,4,1,0,1
SYN00078,165,15,1440,1,5,4,1,0,1
SYN00078,166,15,1440,0,5,4,1,0,1
SYN00078,167,15,1440,0,5,4,1,0,1
SYN00078,168,12,1430,0,5,4,1,0,1
SYN00078,169,12,1408,1,5,4,1,0,1
SYN00078,170,12,1408,1,5,4,1,0,1
SYN00078,171,10,1402,0,5,4,1,0,1
SYN00078,172,12,1388,1,5,4,1,0,1
SYN00078,173,12,1367,0,5,4,1,0,1
SYN00078,174,12,1367,0,5,4,1,0,1
SYN00078,175,12,1351,1,5,4,1,0,1
SYN00078,176,12,1351,1,5,4,1,0,1
SYN00078,177,12,1333,0,5,4,1,0,1
SYN00078,178,12,1333,0,5,4,1,0,1
SYN00078,179,15,1314,1,5,4,1,0,1
SYN00078,180,15,1299,0,5,4,1,0,1
SYN00078,181,15,1299,0,5,4,1,0,1
SYN00078,182,17,1286,1,5,4,1,0,1
SYN00078,183,17,1262,0,5,4,1,0,1
SYN00078,184,17,1262,0,5,4,1,0,1
SYN00078,185,19,1240,1,5,4,1,0,1
SYN00078,186,16,1234,0,5,4,1,0,1
SYN00078,187,19,1213,1,5,4,1,0,1
SYN00078,188,19,1208,0,5,4,1,0,1
SYN00078,189,19,1202,1,5,4,1,0,1
SYN00078,190,19,1202,1,5,4,1,0,1
SYN00078,191,17,1182,0,5,4,1,0,1
SYN00078,192,19,1161,1,5,4,1,0,1
SYN00078,193,17,1141,0,5,4,1,0,1
SYN00078,194,17,1123,1,5,4,1,0,1
SYN00078,195,17,1123,1,5,4,1,0,1
SYN00078,196,17,1109,0,5,4,1,0,1
SYN00078,197,17,1109,0,5,4,1,0,1
SYN00078,198,20,1101,1,5,4,1,0,1
SYN00078,199,18,1093,0,5,4,1,0,1
SYN00078,200,18,1073,1,5,4,1,0,1
SYN00078,201,18,1073,1,5,4,1,0,1
SYN00078,202,18,1068,0,6,4,1,0,1
SYN00078,203,18,1062,1,6,4,1,0,1
SYN00078,204,18,1062,1,6,4,1,0,1
SYN00078,205,16,1047,0,6,4,1,0,1
SYN00078,206,16,1037,1,6,5,1,1,1
SYN00078,207,16,1016,0,6,5,1,1,1
SYN00078,208,16,1016,0,6,5,1,1,1
SYN00078,209,16,1007,1,6,5,1,1,1
SYN00078,210,16,1007,1,6,5,1,1,1
SYN00078,211,14,996,0,6,5,1,1,1
SYN00078,212,14,984,1,6,5,1,1,1
SYN00078,213,12,976,0,6,5,1,1,1
SYN00078,214,12,952,1,6,5,1,1,1
SYN00078,215,12,952,1,6,5,1,1,1
SYN00078,216,9,940,0,6,5,1,1,1
SYN00078,217,12,928,1,6,5,1,1,1
SYN00078,218,10,922,0,6,5,1,1,1
SYN00078,219,10,899,1,6,6,1,1,1
SYN00078,220,8,892,0,6,6,1,1,1
SYN00078,221,10,873,1,6,6,1,1,1
SYN00078,222,7,851,0,6,6,1,1,1
SYN00078,223,9,827,1,6,6,1,1,1
SYN00078,224,9,818,0,6,6,1,1,1
SYN00078,225,9,818,0,6,6,1,1,1
SYN00078,226,11,804,1,6,6,1,1,1
SYN00078,227,9,797,0,6,6,1,1,1
SYN00078,228,9,776,1,6,6,1,1,1
SYN00078,229,9,776,1,6,6,1,1,1
SYN00078,230,9,759,0,6,6,1,1,1
SYN00078,231,9,759,0,6,6,1,1,1
SYN00078,232,11,741,1,6,6,1,1,1
SYN00078,233,8,720,0,6,6,1,1,1
SYN00078,234,8,720,1,6,6,1,1,1
SYN00078,235,8,720,1,6,6,1,1,1
SYN00078,236,10,704,1,6,6,1,1,1
SYN00078,237,8,681,0,6,6,1,1,1
SYN00078,238,10,675,1,6,6,1,1,1
SYN00078,239,10,656,0,7,6,1,1,1
SYN00078,240,12,647,1,7,6,1,1,1
SYN00078,241,10,640,0,7,6,1,1,1
SYN00078,242,10,620,1,7,6,1,1,1
SYN00078,243,10,620,1,7,6,1,1,1
SYN00078,244,10,604,0,7,6,1,1,1
SYN00078,245,10,604,0,7,6,1,1,1
SYN00078,246,10,597,1,7,6,1,1,1
SYN00078,247,10,597,1,7,6,1,1,1
SYN00078,248,8,573,0,7,6,1,1,1
SYN00078,249,8,560,1,7,6,1,1,1
SYN00078,250,8,560,1,7,6,1,1,1
SYN00078,251,5,541,0,7,6,1,1,1
SYN00078,252,7,529,1,7,6,1,1,1
SYN00078,253,5,512,0,7,6,1,1,1
SYN00078,254,7,494,1,7,6,1,1,1
SYN00078,255,7,472,0,7,6,1,1,1
SYN00078,256,7,472,0,7,6,1,1,1
SYN00078,257,7,460,1,7,6,1,1,1
SYN00078,258,7,460,1,7,6,1,1,1
SYN00078,259,5,453,0,7,6,1,1,1
SYN00078,260,7,431,1,7,6,1,1,1
SYN00078,261,5,421,0,7,6,1,1,1
SYN00078,262,5,412,1,7,6,1,1,1
SYN00078,263,5,412,1,7,6,1,1,1
SYN00078,264,5,406,0,7,6,1,1,1
SYN00078,265,5,406,0,7,6,1,1,1
SYN00078,266,7,386,1,7,6,1,1,1
SYN00078,267,7,371,0,8,6,1,1,1
SYN00078,268,10,350,1,8,6,1,1,1
SYN00078,269,8,342,0,8,6,1,1,1
SYN00078,270,8,323,1,8,6,1,1,1
SYN00078,271,8,323,1,8,6,1,1,1
SYN00078,272,6,308,0,8,6,1,1,1
SYN00078,273,8,294,1,8,6,1,1,1
SYN00078,274,8,278,0,8,6,1,1,1
SYN00078,275,8,278,0,8,6,1,1,1
SYN00078,276,8,269,1,8,7,1,1,1
SYN00078,277,8,249,0,8,7,1,1,1
SYN00078,278,8,249,0,8,7,1,1,1
SYN00078,279,8,240,1,8,7,1,1,1
SYN00078,280,8,240,1,8,7,1,1,1
SYN00078,281,8,216,0,8,7,1,1,1
SYN00078,282,8,216,0,8,7,1,1,1
SYN00078,283,10,211,1,8,7,1,1,1
SYN00078,284,8,195,0,8,7,1,1,1
SYN00078,285,8,179,1,8,7,1,1,1
SYN00078,286,8,179,1,8,7,1,1,1
SYN00078,287,8,160,0,8,7,1,1,1
SYN00078,288,8,160,0,8,7,1,1,1
SYN00078,289,11,147,1,8,7,1,1,1
SYN00078,290,11,131,0,8,7,1,1,1
SYN00078,291,11,123,1,8,8,1,1,1
SYN00078,292,11,112,0,8,8,1,1,1
SYN00078,293,11,112,0,8,8,1,1,1
SYN00078,294,11,91,1,8,8,1,1,1
SYN00078,295,11,91,1,8,8,1,1,1
SYN00078,296,11,74,0,8,8,1,1,1
SYN00078,297,11,74,0,8,8,1,1,1
SYN00078,298,13,54,1,8,8,1,1,1
SYN00078,299,13,35,0,8,8,1,1,1
SYN00078,300,13,35,0,8,8,1,1,1
SYN00078,301,13,28,1,8,8,1,1,1
SYN00078,302,13,16,0,8,8,1,1,1
SYN00078,303,13,16,0,8,8,1,1,1
SYN00078,304,13,2,1,8,8,1,1,1
SYN00078,305,13,2,1,8,8,1,1,1
SYN00078,306,11,0,0,8,8,1,1,1
SYN00078,307,11,0,1,8,8,1,1,1
SYN00079,1,0,2880,1,0,0,0,0,1
SYN00079,2,3,2868,1,0,0,0,0,1
SYN00079,3,3,2863,0,1,0,0,0,1
SYN00079,4,3,2842,1,1,0,0,0,1
SYN00079,5,3,2842,1,1,0,0,0,1
SYN00079,6,3,2831,0,1,0,0,0,1
SYN00079,7,3,2831,0,1,0,0,0,1
SYN00079,8,3,2825,1,1,0,0,0,1
SYN00079,9,3,2825,1,1,0,0,0,1
SYN00079,10,1,2813,0,1,0,0,0,1
SYN00079,11,1,2794,1,1,0,0,0,1
SYN00079,12,1,2794,1,1,0,0,0,1
SYN00079,13,-1,2779,0,1,0,0,0,1
SYN00079,14,1,2774,1,1,0,0,0,1
SYN00079,15,1,2762,0,1,0,0,0,1
SYN00079,16,1,2762,0,1,0,0,0,1
SYN00079,17,3,2749,1,1,0,0,0,1
SYN00079,18,3,2738,0,1,0,0,0,1
SYN00079,19,3,2738,0,1,0,0,0,1
SYN00079,20,3,2721,1,1,0,0,0,1
SYN00079,21,3,2721,1,1,0,0,0,1
SYN00079,22,3,2697,0,1,0,0,0,1
SYN00079,23,3,2697,0,1,0,0,0,1
SYN00079,24,5,2687,1,1,0,0,0,1
SYN00079,25,5,2666,0,1,0,0,0,1
SYN00079,26,5,2666,0,1,0,0,0,1
SYN00079,27,5,2643,1,1,0,0,0,1
SYN00079,28,5,2643,1,1,0,0,0,1
SYN00079,29,5,2623,0,1,0,0,0,1
SYN00079,30,5,2623,0,1,0,0,0,1
SYN00079,31,5,2600,1,1,0,0,0,1
SYN00079,32,5,2600,1,1,0,0,0,1
SYN00079,33,5,2584,0,1,0,0,0,1
SYN00079,34,5,2584,0,1,0,0,0,1
SYN00079,35,5,2561,1,1,1,0,0,1
SYN00079,36,2,2545,0,1,1,0,0,1
SYN00079,37,4,2537,1,1,1,0,0,1
SYN00079,38,4,2530,0,1,1,0,0,1
SYN00079,39,4,2530,0,1,1,0,0,1
SYN00079,40,7,2511,1,1,1,0,0,1
SYN00079,41,7,2499,0,1,1,0,0,1
SYN00079,42,7,2499,0,1,1,0,0,1
SYN00079,43,9,2476,1,1,1,0,0,1
SYN00079,44,9,2455,0,2,1,0,0,1
SYN00079,45,9,2449,1,2,2,0,0,1
SYN00079,46,6,2438,0,2,2,0,0,1
SYN00079,47,9,2415,1,2,2,0,0,1
SYN00079,48,9,2406,0,2,2,0,0,1
SYN00079,49,9,2406,0,2,2,0,0,1
SYN00079,50,11,2400,1,2,2,0,0,1
SYN00079,51,11,2389,0,2,2,0,0,1
SYN00079,52,13,2382,1,2,2,0,0,1
SYN00079,53,13,2372,0,2,2,0,0,1
SYN00079,54,13,2372,0,2,2,0,0,1
SYN00079,55,13,2350,1,2,2,0,0,1
SYN00079,56,13,2350,1,2,2,0,0,1
SYN00079,57,13,2338,0,3,2,0,0,1
SYN00079,58,13,2332,1,3,2,0,0,1
SYN00079,59,13,2332,1,3,2,0,0,1
SYN00079,60,13,2315,0,4,2,0,0,1
SYN00079,61,15,2301,1,4,2,0,0,1
SYN00079,62,13,2291,0,4,2,0,0,1
SYN00079,63,16,2275,1,4,2,0,0,1
SYN00079,64,16,2260,0,4,2,0,0,1
SYN00079,65,16,2260,0,4,2,0,0,1
SYN00079,66,16,2245,1,4,2,0,0,1
SYN00079,67,16,2245,1,4,2,0,0,1
SYN00079,68,16,2233,0,4,2,0,0,1
SYN00079,69,16,2233,0,4,2,0,0,1
SYN00079,70,16,2211,1,4,2,0,0,1
SYN00079,71,16,2211,1,4,2,0,0,1
SYN00079,72,14,2197,0,4,2,0,0,1
SYN00079,73,17,2182,1,4,2,0,0,1
SYN00079,74,17,2174,0,4,2,0,0,1
SYN00079,75,17,2174,0,4,2,0,0,1
SYN00079,76,19,2167,1,4,2,0,0,1
SYN00079,77,19,2160,0,4,2,0,0,1
SYN00079,78,19,2160,0,4,2,0,0,1
SYN00079,79,19,2160,1,4,2,0,0,1
SYN00079,80,19,2160,1,4,2,0,0,1
SYN00079,81,21,2137,1,4,2,0,0,1
SYN00079,82,18,2132,0,4,2,0,0,1
SYN00079,83,21,2123,1,4,2,0,0,1
SYN00079,84,21,2105,0,4,2,0,0,1
SYN00079,85,21,2105,0,4,2,0,0,1
SYN00079,86,23,2084,1,4,2,0,0,1
SYN00079,87,23,2062,0,4,2,0,0,1
SYN00079,88,23,2062,0,4,2,0,0,1
SYN00079,89,23,2053,1,4,2,0,0,1
SYN00079,90,21,2042,0,4,2,0,0,1
SYN00079,91,23,2024,1,4,2,0,0,1
SYN00079,92,20,2003,0,4,2,0,0,1
SYN00079,93,20,1991,1,4,3,0,0,1
SYN00079,94,20,1970,0,4,3,0,0,1
SYN00079,95,20,1970,0,4,3,0,0,1
SYN00079,96,20,1965,1,4,3,0,0,1
SYN00079,97,20,1965,1,4,3,0,0,1
SYN00079,98,18,1949,0,4,3,0,0,1
SYN00079,99,20,1930,1,4,3,0,0,1
SYN00079,100,20,1915,0,4,3,0,0,1
SYN00079,101,20,1915,0,4,3,0,0,1
SYN00079,102,20,1893,1,4,4,0,0,1
SYN00079,103,20,1885,0,4,4,0,0,1
SYN00079,104,20,1885,0,4,4,0,0,1
SYN00079,105,22,1867,1,4,4,0,0,1
SYN00079,106,22,1860,0,4,4,0,0,1
SYN00079,107,22,1839,1,4,4,0,0,1
SYN00079,108,22,1839,1,4,4,0,0,1
SYN00079,109,22,1815,0,4,4,0,0,1
SYN00079,110,22,1815,0,4,4,0,0,1
SYN00079,111,22,1796,1,4,4,0,0,1
SYN00079,112,22,1796,1,4,4,0,0,1
SYN00079,113,22,1786,0,4,4,0,0,1
SYN00079,114,22,1786,0,4,4,0,0,1
SYN00079,115,24,1769,1,4,4,0,0,1
SYN00079,116,21,1762,0,4,4,0,0,1
SYN00079,117,21,1745,1,4,4,0,0,1
SYN00079,118,21,1745,1,4,4,0,0,1
SYN00079,119,21,1733,0,4,4,0,0,1
SYN00079,120,21,1733,0,4,4,0,0,1
SYN00079,121,21,1714,1,4,4,0,0,1
SYN00079,122,21,1714,1,4,4,0,0,1
SYN00079,123,21,1692,0,4,4,0,0,1
SYN00079,124,21,1692,0,4,4,0,0,1
SYN00079,125,23,1683,1,4,4,0,0,1
SYN00079,126,20,1659,0,4,4,0,0,1
SYN00079,127,22,1647,1,4,4,0,0,1
SYN00079,128,22,1625,0,4,4,0,0,1
SYN00079,129,22,1625,0,4,4,0,0,1
SYN00079,130,22,1616,1,4,4,0,0,1
SYN00079,131,22,1616,1,4,4,0,0,1
SYN00079,132,20,1598,0,4,4,0,0,1
SYN00079,133,20,1585,1,4,4,0,0,1
SYN00079,134,20,1585,1,4,4,0,0,1
SYN00079,135,18,1572,0,4,4,0,0,1
SYN00079,136,20,1555,1,4,4,0,0,1
SYN00079,137,20,1534,0,4,4,0,0,1
SYN00079,138,20,1534,0,4,4,0,0,1
SYN00079,139,20,1527,1,4,4,0,0,1
SYN00079,140,20,1527,1,4,4,0,0,1
SYN00079,141,17,1503,0,4,4,0,0,1
SYN00079,142,17,1481,1,4,4,0,0,1
SYN00079,143,17,1481,1,4,4,0,0,1
SYN00079,144,15,1457,0,4,4,0,0,1
SYN00079,145,18,1444,1,4,4,0,0,1
SYN00079,146,18,1440,0,4,4,0,0,1
SYN00079,147,18,1440,0,4,4,0,0,1
SYN00079,148,18,1440,1,4,4,0,0,1
SYN00079,149,18,1440,1,4,4,0,0,1
SYN00079,150,20,1424,1,4,4,0,0,1
SYN00079,151,18,1401,0,4,4,0,0,1
SYN00079,152,18,1396,1,4,4,0,0,1
SYN00079,153,18,1396,1,4,4,0,0,1
SYN00079,154,18,1390,0,4,4,0,0,1
SYN00079,155,18,1390,0,4,4,0,0,1
SYN00079,156,18,1367,1,4,4,0,0,1
SYN00079,157,18,1367,1,4,4,0,0,1
SYN00079,158,18,1348,0,4,4,0,0,1
SYN00079,159,18,1348,0,4,4,0,0,1
SYN00079,160,20,1327,1,4,4,0,0,1
SYN00079,161,20,1321,0,4,4,0,0,1
SYN00079,162,20,1321,0,4,4,0,0,1
SYN00079,163,22,1302,1,4,4,0,0,1
SYN00079,164,22,1281,0,4,4,0,0,1
SYN00079,165,22,1281,0,4,4,0,0,1
SYN00079,166,22,1262,1,4,4,0,0,1
SYN00079,167,22,1262,1,4,4,0,0,1
SYN00079,168,22,1250,0,4,4,0,0,1
SYN00079,169,22,1250,0,4,4,0,0,1
SYN00079,170,22,1238,1,4,4,0,0,1
SYN00079,171,22,1238,1,4,4,0,0,1
SYN00079,172,22,1218,0,5,4,1,0,1
SYN00079,173,22,1206,1,5,4,1,0,1
SYN00079,174,22,1194,0,5,4,1,0,1
SYN00079,175,22,1194,0,5,4,1,0,1
SYN00079,176,22,1177,1,5,4,1,0,1
SYN00079,177,22,1177,1,5,4,1,0,1
SYN00079,178,22,1168,0,5,4,1,0,1
SYN00079,179,22,1168,0,5,4,1,0,1
SYN00079,180,22,1158,1,5,4,1,0,1
SYN00079,181,22,1158,1,5,4,1,0,1
SYN00079,182,19,1142,0,5,4,1,0,1
SYN00079,183,21,1119,1,5,4,1,0,1
SYN00079,184,19,1101,0,5,4,1,0,1
SYN00079,185,22,1080,1,5,4,1,0,1
SYN00079,186,22,1059,0,5,4,1,0,1
SYN00079,187,22,1059,0,5,4,1,0,1
SYN00079,188,25,1046,1,5,4,1,0,1
SYN00079,189,25,1040,0,5,4,1,0,1
SYN00079,190,25,1040,0,5,4,1,0,1
SYN00079,191,25,1023,1,5,4,1,0,1
SYN00079,192,25,1023,1,5,4,1,0,1
SYN00079,193,22,1018,0,5,4,1,0,1
SYN00079,194,22,998,1,5,4,1,0,1
SYN00079,195,22,998,1,5,4,1,0,1
SYN00079,196,22,980,0,5,4,1,0,1
SYN00079,197,22,963,1,5,4,1,0,1
SYN00079,198,22,963,1,5,4,1,0,1
SYN00079,199,22,941,0,5,4,1,0,1
SYN00079,200,22,941,0,5,4,1,0,1
SYN00079,201,22,917,1,5,4,1,0,1
SYN00079,202,22,911,0,5,4,1,0,1
SYN00079,203,22,911,0,5,4,1,0,1
SYN00079,204,24,903,1,5,4,1,0,1
SYN00079,205,24,884,0,5,4,1,0,1
SYN00079,206,24,884,0,5,4,1,0,1
SYN00079,207,26,862,1,5,4,1,0,1
SYN00079,208,26,853,0,6,4,1,0,1
SYN00079,209,26,847,1,6,4,1,0,1
SYN00079,210,26,847,1,6,4,1,0,1
SYN00079,211,26,839,0,6,4,1,0,1
SYN00079,212,28,824,1,6,4,1,0,1
SYN00079,213,28,816,0,6,4,1,0,1
SYN00079,214,28,816,0,6,4,1,0,1
SYN00079,215,28,807,1,6,4,1,0,1
SYN00079,216,28,807,1,6,4,1,0,1
SYN00079,217,26,785,0,6,4,1,0,1
SYN00079,218,26,778,1,6,4,1,0,1
SYN00079,219,26,770,0,6,4,1,0,1
SYN00079,220,26,770,0,6,4,1,0,1
SYN00079,221,26,748,1,6,4,1,0,1
SYN00079,222,26,748,1,6,4,1,0,1
SYN00079,223,26,734,0,6,4,1,0,1
SYN00079,224,26,727,1,6,4,1,0,1
SYN00079,225,26,727,1,6,4,1,0,1
SYN00079,226,26,720,0,6,4,1,0,1
SYN00079,227,26,720,0,6,4,1,0,1
SYN00079,228,26,720,1,6,4,1,0,1
SYN00079,229,26,720,1,6,4,1,0,1
SYN00079,230,26,712,1,6,4,1,0,1
SYN00079,231,26,712,1,6,4,1,0,1
SYN00079,232,26,690,0,6,4,1,0,1
SYN00079,233,26,690,0,6,4,1,0,1
SYN00079,234,26,669,1,6,4,1,0,1
SYN00079,235,26,669,1,6,4,1,0,1
SYN00079,236,26,661,0,6,4,1,0,1
SYN00079,237,26,661,0,6,4,1,0,1
SYN00079,238,26,645,1,6,4,1,0,1
SYN00079,239,26,645,1,6,4,1,0,1
SYN00079,240,26,622,0,6,4,1,0,1
SYN00079,241,28,607,1,6,4,1,0,1
SYN00079,242,28,583,0,6,4,1,0,1
SYN00079,243,28,571,1,6,5,1,1,1
SYN00079,244,28,557,0,6,5,1,1,1
SYN00079,245,28,557,0,6,5,1,1,1
SYN00079,246,28,547,1,6,5,1,1,1
SYN00079,247,28,547,1,6,5,1,1,1
SYN00079,248,28,541,0,7,5,1,1,1
SYN00079,249,28,532,1,7,5,1,1,1
SYN00079,250,28,532,1,7,5,1,1,1
SYN00079,251,28,527,0,7,5,1,1,1
SYN00079,252,28,527,0,7,5,1,1,1
SYN00079,253,28,505,1,7,5,1,1,1
SYN00079,254,28,495,0,7,5,1,1,1
SYN00079,255,28,495,0,7,5,1,1,1
SYN00079,256,31,490,1,7,5,1,1,1
SYN00079,257,29,468,0,7,5,1,1,1
SYN00079,258,31,462,1,7,5,1,1,1
SYN00079,259,31,442,0,7,5,1,1,1
SYN00079,260,31,442,0,7,5,1,1,1
SYN00079,261,31,433,1,7,5,1,1,1
SYN00079,262,31,433,1,7,5,1,1,1
SYN00079,263,31,423,0,7,5,1,1,1
SYN00079,264,31,423,0,7,5,1,1,1
SYN00079,265,34,413,1,7,5,1,1,1
SYN00079,266,34,395,0,8,5,1,1,1
SYN00079,267,34,386,1,8,5,1,1,1
SYN00079,268,34,386,1,8,5,1,1,1
SYN00079,269,34,363,0,8,5,1,1,1
SYN00079,270,34,363,0,8,5,1,1,1
SYN00079,271,34,354,1,8,5,1,1,1
SYN00079,272,34,354,1,8,5,1,1,1
SYN00079,273,32,340,0,8,5,1,1,1
SYN00079,274,32,318,1,8,5,1,1,1
SYN00079,275,32,318,1,8,5,1,1,1
SYN00079,276,32,309,0,8,5,1,1,1
SYN00079,277,32,309,0,8,5,1,1,1
SYN00079,278,32,287,1,8,5,1,1,1
SYN00079,279,32,287,1,8,5,1,1,1
SYN00079,280,32,267,0,8,5,1,1,1
SYN00079,281,32,267,0,8,5,1,1,1
SYN00079,282,32,258,1,8,5,1,1,1
SYN00079,283,32,258,1,8,5,1,1,1
SYN00079,284,30,242,0,8,5,1,1,1
SYN00079,285,30,237,1,8,5,1,1,1
SYN00079,286,30,237,1,8,5,1,1,1
SYN00079,287,30,220,0,9,5,1,1,1
SYN00079,288,30,214,1,9,5,1,1,1
SYN00079,289,30,214,1,9,5,1,1,1
SYN00079,290,30,200,0,9,5,1,1,1
SYN00079,291,30,195,1,9,5,1,1,1
SYN00079,292,30,195,1,9,5,1,1,1
SYN00079,293,28,177,0,9,5,1,1,1
SYN00079,294,28,162,1,9,5,1,1,1
SYN00079,295,28,162,1,9,5,1,1,1
SYN00079,296,28,153,0,10,5,1,1,1
SYN00079,297,30,144,1,10,5,1,1,1
SYN00079,298,30,126,0,10,5,1,1,1
SYN00079,299,30,126,0,10,5,1,1,1
SYN00079,300,30,109,1,10,6,1,1,1
SYN00079,301,30,98,0,10,6,1,1,1
SYN00079,302,32,84,1,10,6,1,1,1
SYN00079,303,29,72,0,10,6,1,1,1
SYN00079,304,29,57,1,10,6,1,1,1
SYN00079,305,29,57,1,10,6,1,1,1
SYN00079,306,27,34,0,10,6,1,1,1
SYN00079,307,27,21,1,10,7,1,1,1
SYN00079,308,27,8,0,11,7,1,1,1
SYN00079,309,27,0,1,11,7,1,1,1
SYN00079,310,27,0,1,11,7,1,1,1
SYN00079,311,27,0,0,11,7,1,1,1
